AUDIT_ROW_ID,TITLE_ID,TITLE_NAME,AUTHOR_NAME,CONTACT_ID,AUTHOR_PROFILE_ID,INTAKE_ID,OPPORTUNITY_ID,PUBLISHING_ASSET_IDS,CURRENT_RELATIONSHIPS,CURRENT_CLASSIFICATION,CURRENT_AUTHORITY_SIGNALS
W1-001,5aee90b0-9730-f111-88b4-6045bdd69738,(Untitled),Author pending,,,,131da28b-919c-f111-b8dc-6045bdd69435,,5aee90b0-9730-f111-88b4-6045bdd69738; 131da28b-919c-f111-b8dc-6045bdd69435,UNTRUSTWORTHY_TIMER,PACKAGE_SELECTED | Signed | Paid Confirmed; 2026-08-21T16:35:16Z | P0_CONNECT_JOURNEY_REGRESSION:b1169f22-dba2-f111-b8de-6045bdd69435; PORTFOLIO_WAVE3_CREATE_OPERATOR_TASK_FOR_EXTERNAL_MANUAL_STEP:ff952308-239e-f111-b8dc-7c1e525b15c2
W1-002,9eb5559c-9630-f111-88b4-7c1e525b15c2,(Untitled),Author pending,,,,131da28b-919c-f111-b8dc-6045bdd69435,,9eb5559c-9630-f111-88b4-7c1e525b15c2; 131da28b-919c-f111-b8dc-6045bdd69435,UNTRUSTWORTHY_TIMER,PACKAGE_SELECTED | Signed | Paid Confirmed; 2026-08-21T16:35:16Z | P0_CONNECT_JOURNEY_REGRESSION:b1169f22-dba2-f111-b8de-6045bdd69435; PORTFOLIO_WAVE3_CREATE_OPERATOR_TASK_FOR_EXTERNAL_MANUAL_STEP:07962308-239e-f111-b8dc-7c1e525b15c2
W1-003,dcf603d3-c27a-f111-ab0f-000d3a14673b,101 Wisdom Lessons for Life and Living,j. Derrick Johnson,,,,,,dcf603d3-c27a-f111-ab0f-000d3a14673b,UNTRUSTWORTHY_COMMERCIAL_GATE,P0_CONNECT_JOURNEY_REGRESSION:b1169f22-dba2-f111-b8de-6045bdd69435
W1-004,6e27c7bc-c37a-f111-ab0f-000d3a14673b,27 Days to Overcoming Depression: Debunking All the Lies,Author pending,,,,,,6e27c7bc-c37a-f111-ab0f-000d3a14673b,UNTRUSTWORTHY_PROJECTION,P0_CONNECT_JOURNEY_REGRESSION:b1169f22-dba2-f111-b8de-6045bdd69435; PORTFOLIO_WAVE3_CREATE_OPERATOR_TASK_FOR_EXTERNAL_MANUAL_STEP:d63c43f3-229e-f111-b8dc-000d3a14673b
W1-005,6f27c7bc-c37a-f111-ab0f-000d3a14673b,A Principal's Tale: A Self-Determined Leader,Author pending,,,,,,6f27c7bc-c37a-f111-ab0f-000d3a14673b,UNTRUSTWORTHY_PROJECTION,P0_CONNECT_JOURNEY_REGRESSION:b1169f22-dba2-f111-b8de-6045bdd69435; PORTFOLIO_WAVE3_CREATE_OPERATOR_TASK_FOR_EXTERNAL_MANUAL_STEP:e06df9f3-229e-f111-b8dc-00224820105b
W1-006,3f09d7cb-c27a-f111-ab0f-6045bdd69678,A Trubie's Guide Pt. 1,Alesia Corpening,,,,,,3f09d7cb-c27a-f111-ab0f-6045bdd69678,UNTRUSTWORTHY_COMMERCIAL_GATE,P0_CONNECT_JOURNEY_REGRESSION:b1169f22-dba2-f111-b8de-6045bdd69435
W1-007,848904ca-c27a-f111-ab0f-6045bdd69738,A Trubie's Guide Pt. 2,Alesia Corpening,,,,,,848904ca-c27a-f111-ab0f-6045bdd69738,UNTRUSTWORTHY_COMMERCIAL_GATE,P0_CONNECT_JOURNEY_REGRESSION:b1169f22-dba2-f111-b8de-6045bdd69435
W1-008,7742c1c2-c37a-f111-ab0f-000d3a14673b,Abortion!: George and Giovanna,Author pending,,,,,,7742c1c2-c37a-f111-ab0f-000d3a14673b,UNTRUSTWORTHY_PROJECTION,P0_CONNECT_JOURNEY_REGRESSION:b1169f22-dba2-f111-b8de-6045bdd69435; PORTFOLIO_WAVE3_CREATE_OPERATOR_TASK_FOR_EXTERNAL_MANUAL_STEP:d73c43f3-229e-f111-b8dc-000d3a14673b
W1-009,2d946ac0-c37a-f111-ab0f-00224820105b,Aligned!: Unlocking the DNA of Authentic Faith,Author pending,,,,,,2d946ac0-c37a-f111-ab0f-00224820105b,UNTRUSTWORTHY_PROJECTION,P0_CONNECT_JOURNEY_REGRESSION:b1169f22-dba2-f111-b8de-6045bdd69435; PORTFOLIO_WAVE3_CREATE_OPERATOR_TASK_FOR_EXTERNAL_MANUAL_STEP:d268dafa-229e-f111-b8dc-6045bdd69678
W1-010,dcbc7ebd-c37a-f111-ab0f-6045bdd69678,Are You Sure That You Are Ready?: A Guide for Vendors,Author pending,,,,,,dcbc7ebd-c37a-f111-ab0f-6045bdd69678,UNTRUSTWORTHY_PROJECTION,P0_CONNECT_JOURNEY_REGRESSION:b1169f22-dba2-f111-b8de-6045bdd69435; PORTFOLIO_WAVE3_CREATE_OPERATOR_TASK_FOR_EXTERNAL_MANUAL_STEP:3047d600-239e-f111-b8dc-6045bdd69678
W1-011,7942c1c2-c37a-f111-ab0f-000d3a14673b,Because the Lord is My Shepherd: Psalm 23 and Me,Author pending,,,,,,7942c1c2-c37a-f111-ab0f-000d3a14673b,UNTRUSTWORTHY_PROJECTION,P0_CONNECT_JOURNEY_REGRESSION:b1169f22-dba2-f111-b8de-6045bdd69435; PORTFOLIO_WAVE3_CREATE_OPERATOR_TASK_FOR_EXTERNAL_MANUAL_STEP:49741af6-229e-f111-b8dc-7c1e525b15c2
W1-012,8642c1c2-c37a-f111-ab0f-000d3a14673b,Bodacious: Controversial and Provocative,Author pending,,,,,,8642c1c2-c37a-f111-ab0f-000d3a14673b,UNTRUSTWORTHY_PROJECTION,P0_CONNECT_JOURNEY_REGRESSION:b1169f22-dba2-f111-b8de-6045bdd69435; PORTFOLIO_WAVE3_CREATE_OPERATOR_TASK_FOR_EXTERNAL_MANUAL_STEP:c8a9daf4-229e-f111-b8dc-6045bdd69678
W1-013,7867a4c3-c37a-f111-ab0f-6045bdd69678,Come Out Of Hiding: Activating Deliverance,Author pending,,,,,,7867a4c3-c37a-f111-ab0f-6045bdd69678,UNTRUSTWORTHY_PROJECTION,P0_CONNECT_JOURNEY_REGRESSION:b1169f22-dba2-f111-b8de-6045bdd69435; PORTFOLIO_WAVE3_CREATE_OPERATOR_TASK_FOR_EXTERNAL_MANUAL_STEP:bcf91e02-239e-f111-b8dc-7c1e525b15c2
W1-014,8742c1c2-c37a-f111-ab0f-000d3a14673b,Connected!: Unlocking the DNA of Authentic Prayer - 2nd Edition,Author pending,,,,,,8742c1c2-c37a-f111-ab0f-000d3a14673b,UNTRUSTWORTHY_PROJECTION,P0_CONNECT_JOURNEY_REGRESSION:b1169f22-dba2-f111-b8de-6045bdd69435; PORTFOLIO_WAVE3_CREATE_OPERATOR_TASK_FOR_EXTERNAL_MANUAL_STEP:fe6df9f3-229e-f111-b8dc-00224820105b
W1-015,7a67a4c3-c37a-f111-ab0f-6045bdd69678,Delicious Ideas!: The Legacy Cookbook,Author pending,,,,,,7a67a4c3-c37a-f111-ab0f-6045bdd69678,UNTRUSTWORTHY_PROJECTION,P0_CONNECT_JOURNEY_REGRESSION:b1169f22-dba2-f111-b8de-6045bdd69435; PORTFOLIO_WAVE3_CREATE_OPERATOR_TASK_FOR_EXTERNAL_MANUAL_STEP:bdf91e02-239e-f111-b8dc-7c1e525b15c2
W1-016,7c67a4c3-c37a-f111-ab0f-6045bdd69678,Discipline and Direction: God's Leadership Style,Author pending,,,,,,7c67a4c3-c37a-f111-ab0f-6045bdd69678,UNTRUSTWORTHY_PROJECTION,P0_CONNECT_JOURNEY_REGRESSION:b1169f22-dba2-f111-b8de-6045bdd69435; PORTFOLIO_WAVE3_CREATE_OPERATOR_TASK_FOR_EXTERNAL_MANUAL_STEP:3547d600-239e-f111-b8dc-6045bdd69678
W1-017,7d67a4c3-c37a-f111-ab0f-6045bdd69678,Divinely Inspired: Trauma Triumphed,Author pending,,,,,,7d67a4c3-c37a-f111-ab0f-6045bdd69678,UNTRUSTWORTHY_PROJECTION,P0_CONNECT_JOURNEY_REGRESSION:b1169f22-dba2-f111-b8de-6045bdd69435; PORTFOLIO_WAVE3_CREATE_OPERATOR_TASK_FOR_EXTERNAL_MANUAL_STEP:9dfbda05-239e-f111-b8dc-000d3a14673b
W1-018,fb3174cd-c27a-f111-ab0f-6045bdd69435,Establishing Glory 2: The Relationship Handbook (2nd Edition),"Jackie Smith, Jr.",,,,,,fb3174cd-c27a-f111-ab0f-6045bdd69435,UNTRUSTWORTHY_COMMERCIAL_GATE,P0_CONNECT_JOURNEY_REGRESSION:b1169f22-dba2-f111-b8de-6045bdd69435; PORTFOLIO_WAVE3_CREATE_OPERATOR_TASK_FOR_EXTERNAL_MANUAL_STEP:62dc11cd-02a0-f111-b8db-7c1e525801f6; PORTFOLIO_WAVE3_CREATE_OPERATOR_TASK_FOR_EXTERNAL_MANUAL_STEP:ee46d600-239e-f111-b8dc-6045bdd69678
W1-019,9c8797ca-c27a-f111-ab0f-7c1e525b15c2,Establishing Glory 3: The Marriage Handbook,"Jackie Smith, Jr.",,,,,,9c8797ca-c27a-f111-ab0f-7c1e525b15c2,UNTRUSTWORTHY_COMMERCIAL_GATE,P0_CONNECT_JOURNEY_REGRESSION:b1169f22-dba2-f111-b8de-6045bdd69435; PORTFOLIO_WAVE3_CREATE_OPERATOR_TASK_FOR_EXTERNAL_MANUAL_STEP:b990ccd1-02a0-f111-b8dc-000d3a14673b; PORTFOLIO_WAVE3_CREATE_OPERATOR_TASK_FOR_EXTERNAL_MANUAL_STEP:0d8aef0c-239e-f111-b8dc-6045bdd69678
W1-020,6e7835ca-c37a-f111-ab0f-6045bdd69678,Inspirations from God: God is Gooood!,Author pending,,,,,,6e7835ca-c37a-f111-ab0f-6045bdd69678,UNTRUSTWORTHY_PROJECTION,P0_CONNECT_JOURNEY_REGRESSION:b1169f22-dba2-f111-b8de-6045bdd69435; PORTFOLIO_WAVE3_CREATE_OPERATOR_TASK_FOR_EXTERNAL_MANUAL_STEP:bef91e02-239e-f111-b8dc-7c1e525b15c2
W1-021,311405c7-c37a-f111-ab0f-7c1e525b15c2,Jewels by Lady J: A Book of Daily Devotion and Reflection One Day at a Time,Author pending,,,,,,311405c7-c37a-f111-ab0f-7c1e525b15c2,UNTRUSTWORTHY_PROJECTION,P0_CONNECT_JOURNEY_REGRESSION:b1169f22-dba2-f111-b8de-6045bdd69435; PORTFOLIO_WAVE3_CREATE_OPERATOR_TASK_FOR_EXTERNAL_MANUAL_STEP:08962308-239e-f111-b8dc-7c1e525b15c2
W1-022,6f7835ca-c37a-f111-ab0f-6045bdd69678,Just What I Needed: Daily Devotional,Author pending,,,,,,6f7835ca-c37a-f111-ab0f-6045bdd69678,UNTRUSTWORTHY_PROJECTION,P0_CONNECT_JOURNEY_REGRESSION:b1169f22-dba2-f111-b8de-6045bdd69435; PORTFOLIO_WAVE3_CREATE_OPERATOR_TASK_FOR_EXTERNAL_MANUAL_STEP:9efbda05-239e-f111-b8dc-000d3a14673b
W1-023,08bf1ac7-c37a-f111-ab0f-00224820105b,Loving the Addict: While Taking Care of Yourself First,Author pending,,,,,,08bf1ac7-c37a-f111-ab0f-00224820105b,UNTRUSTWORTHY_PROJECTION,P0_CONNECT_JOURNEY_REGRESSION:b1169f22-dba2-f111-b8de-6045bdd69435; PORTFOLIO_WAVE3_CREATE_OPERATOR_TASK_FOR_EXTERNAL_MANUAL_STEP:f29e91f9-229e-f111-b8dc-000d3a14673b
W1-024,b4c11ac7-c37a-f111-ab0f-00224820105b,Memoir of a Black Christian Nationalist: Seeds of Liberation,Author pending,,,,,,b4c11ac7-c37a-f111-ab0f-00224820105b,UNTRUSTWORTHY_PROJECTION,P0_CONNECT_JOURNEY_REGRESSION:b1169f22-dba2-f111-b8de-6045bdd69435; PORTFOLIO_WAVE3_CREATE_OPERATOR_TASK_FOR_EXTERNAL_MANUAL_STEP:f39e91f9-229e-f111-b8dc-000d3a14673b
W1-025,3b1405c7-c37a-f111-ab0f-7c1e525b15c2,Mirror of Refining Insight: An Introspective Look At Pursuing Your Purpose,Author pending,,,,,,3b1405c7-c37a-f111-ab0f-7c1e525b15c2,UNTRUSTWORTHY_PROJECTION,P0_CONNECT_JOURNEY_REGRESSION:b1169f22-dba2-f111-b8de-6045bdd69435; PORTFOLIO_WAVE3_CREATE_OPERATOR_TASK_FOR_EXTERNAL_MANUAL_STEP:0a962308-239e-f111-b8dc-7c1e525b15c2
W1-026,1759fcc8-c37a-f111-ab0f-000d3a14673b,More Than A Village: Raising Black Men in America,Author pending,,,,,,1759fcc8-c37a-f111-ab0f-000d3a14673b,UNTRUSTWORTHY_PROJECTION,P0_CONNECT_JOURNEY_REGRESSION:b1169f22-dba2-f111-b8de-6045bdd69435; PORTFOLIO_WAVE3_CREATE_OPERATOR_TASK_FOR_EXTERNAL_MANUAL_STEP:4a741af6-229e-f111-b8dc-7c1e525b15c2
W1-027,887835ca-c37a-f111-ab0f-6045bdd69678,My ABCs,Author pending,,,,,,887835ca-c37a-f111-ab0f-6045bdd69678,UNTRUSTWORTHY_PROJECTION,P0_CONNECT_JOURNEY_REGRESSION:b1169f22-dba2-f111-b8de-6045bdd69435; PORTFOLIO_WAVE3_CREATE_OPERATOR_TASK_FOR_EXTERNAL_MANUAL_STEP:3b47d600-239e-f111-b8dc-6045bdd69678
W1-028,a97835ca-c37a-f111-ab0f-6045bdd69678,SHE: An Expose' of Her Insufficiencies,Author pending,,,,,,a97835ca-c37a-f111-ab0f-6045bdd69678,UNTRUSTWORTHY_PROJECTION,P0_CONNECT_JOURNEY_REGRESSION:b1169f22-dba2-f111-b8de-6045bdd69435; PORTFOLIO_WAVE3_CREATE_OPERATOR_TASK_FOR_EXTERNAL_MANUAL_STEP:7accf405-239e-f111-b8dc-00224820105b
W1-029,a32156cd-c37a-f111-ab0f-00224820105b,Speech Therapy Works!: Juliana's Story,Author pending,,,,,,a32156cd-c37a-f111-ab0f-00224820105b,UNTRUSTWORTHY_PROJECTION,P0_CONNECT_JOURNEY_REGRESSION:b1169f22-dba2-f111-b8de-6045bdd69435; PORTFOLIO_WAVE3_CREATE_OPERATOR_TASK_FOR_EXTERNAL_MANUAL_STEP:d768dafa-229e-f111-b8dc-6045bdd69678
W1-030,b27835ca-c37a-f111-ab0f-6045bdd69678,"Taylor Made: My Life, My Story",Author pending,,,,,,b27835ca-c37a-f111-ab0f-6045bdd69678,UNTRUSTWORTHY_PROJECTION,P0_CONNECT_JOURNEY_REGRESSION:b1169f22-dba2-f111-b8de-6045bdd69435; PORTFOLIO_WAVE3_CREATE_OPERATOR_TASK_FOR_EXTERNAL_MANUAL_STEP:c0f91e02-239e-f111-b8dc-7c1e525b15c2
W1-031,d13274cd-c27a-f111-ab0f-6045bdd69435,The Doctrine of the Last Things,Obadiah Harris,,,,,,d13274cd-c27a-f111-ab0f-6045bdd69435,UNTRUSTWORTHY_COMMERCIAL_GATE,P0_CONNECT_JOURNEY_REGRESSION:b1169f22-dba2-f111-b8de-6045bdd69435
W1-032,ab2156cd-c37a-f111-ab0f-00224820105b,"The Essence of Life, Love Letters to Christ: Poems of Life and Love from the Pages of the Heart",Author pending,,,,,,ab2156cd-c37a-f111-ab0f-00224820105b,UNTRUSTWORTHY_PROJECTION,P0_CONNECT_JOURNEY_REGRESSION:b1169f22-dba2-f111-b8de-6045bdd69435; PORTFOLIO_WAVE3_CREATE_OPERATOR_TASK_FOR_EXTERNAL_MANUAL_STEP:e152f4f9-229e-f111-b8dc-00224820105b
W1-033,0a6386cf-c37a-f111-ab0f-000d3a14673b,The Great Hair Restart: The Journal,Author pending,,,,,,0a6386cf-c37a-f111-ab0f-000d3a14673b,UNTRUSTWORTHY_PROJECTION,P0_CONNECT_JOURNEY_REGRESSION:b1169f22-dba2-f111-b8de-6045bdd69435; PORTFOLIO_WAVE3_CREATE_OPERATOR_TASK_FOR_EXTERNAL_MANUAL_STEP:cea9daf4-229e-f111-b8dc-6045bdd69678
W1-034,9a2556cd-c37a-f111-ab0f-00224820105b,The Great Hair Restart: The Ultimate Guide to Resetting Your Natural Hair Journey with Confidence,Author pending,,,,,,9a2556cd-c37a-f111-ab0f-00224820105b,UNTRUSTWORTHY_PROJECTION,P0_CONNECT_JOURNEY_REGRESSION:b1169f22-dba2-f111-b8de-6045bdd69435; PORTFOLIO_WAVE3_CREATE_OPERATOR_TASK_FOR_EXTERNAL_MANUAL_STEP:e752f4f9-229e-f111-b8dc-00224820105b
W1-035,5e4797d0-c27a-f111-ab0f-7c1e525b15c2,"The I Am In Me Part 2, Second Edition",Tekisha Wimbush,,,,,,5e4797d0-c27a-f111-ab0f-7c1e525b15c2,UNTRUSTWORTHY_COMMERCIAL_GATE,P0_CONNECT_JOURNEY_REGRESSION:b1169f22-dba2-f111-b8de-6045bdd69435
W1-036,5f4797d0-c27a-f111-ab0f-7c1e525b15c2,"The I Am in Me, Second Edition",Tekisha Wimbush,,,,,,5f4797d0-c27a-f111-ab0f-7c1e525b15c2,UNTRUSTWORTHY_COMMERCIAL_GATE,P0_CONNECT_JOURNEY_REGRESSION:b1169f22-dba2-f111-b8de-6045bdd69435
W1-037,0d6386cf-c37a-f111-ab0f-000d3a14673b,The Journey: The Inspiration and Message Behind the Music,Author pending,,,,,,0d6386cf-c37a-f111-ab0f-000d3a14673b,UNTRUSTWORTHY_PROJECTION,P0_CONNECT_JOURNEY_REGRESSION:b1169f22-dba2-f111-b8de-6045bdd69435; PORTFOLIO_WAVE3_CREATE_OPERATOR_TASK_FOR_EXTERNAL_MANUAL_STEP:d2a9daf4-229e-f111-b8dc-6045bdd69678
W1-038,b2838072-e23d-f111-88b5-7c1e525b15c2,todays's new title,Author pending,,,,,,b2838072-e23d-f111-88b5-7c1e525b15c2,UNTRUSTWORTHY_PROJECTION,P0_CONNECT_JOURNEY_REGRESSION:b1169f22-dba2-f111-b8de-6045bdd69435; PORTFOLIO_WAVE3_CREATE_OPERATOR_TASK_FOR_EXTERNAL_MANUAL_STEP:32c7fc0b-239e-f111-b8dc-00224820105b
W1-039,4a37c9d0-c37a-f111-ab0f-6045bdd69678,Warriors and Angels: Liberating Inner Power in the Journey of Life,Author pending,,,,,,4a37c9d0-c37a-f111-ab0f-6045bdd69678,UNTRUSTWORTHY_PROJECTION,P0_CONNECT_JOURNEY_REGRESSION:b1169f22-dba2-f111-b8de-6045bdd69435; PORTFOLIO_WAVE3_CREATE_OPERATOR_TASK_FOR_EXTERNAL_MANUAL_STEP:83ccf405-239e-f111-b8dc-00224820105b
W1-040,226386cf-c37a-f111-ab0f-000d3a14673b,You're Still Not Crazy: You May Be An Empath Dealing With A Narcissist,Author pending,,,,,,226386cf-c37a-f111-ab0f-000d3a14673b,UNTRUSTWORTHY_PROJECTION,P0_CONNECT_JOURNEY_REGRESSION:b1169f22-dba2-f111-b8de-6045bdd69435; PORTFOLIO_WAVE3_CREATE_OPERATOR_TASK_FOR_EXTERNAL_MANUAL_STEP:4b741af6-229e-f111-b8dc-7c1e525b15c2
W1-041,5837c9d0-c37a-f111-ab0f-6045bdd69678,Your Peace is a Priority: A Devotional Journal,Author pending,,,,,,5837c9d0-c37a-f111-ab0f-6045bdd69678,UNTRUSTWORTHY_PROJECTION,P0_CONNECT_JOURNEY_REGRESSION:b1169f22-dba2-f111-b8de-6045bdd69435; PORTFOLIO_WAVE3_CREATE_OPERATOR_TASK_FOR_EXTERNAL_MANUAL_STEP:8accf405-239e-f111-b8dc-00224820105b
W1-042,74719cd6-cd95-f111-8076-6045bdd69678,Indomitable Indomitable Escaping Witchcraft and Finding My Identity in Christ,Quanisha Dockery,5bb796dc-cd95-f111-8076-7c1e525b15c2,,74719cd6-cd95-f111-8076-6045bdd69678,455daa4a-629f-f111-b8dc-6045bdd69678,,455daa4a-629f-f111-b8dc-6045bdd69678,UNTRUSTWORTHY_WAITING_ON,PACKAGE_SELECTED | Signed | Paid Confirmed; 2026-08-24T13:55:39Z | PORTFOLIO_WAVE3_CREATE_OPERATOR_TASK_FOR_EXTERNAL_MANUAL_STEP:302ac1bb-aa9f-f111-b8dc-7c1e525b15c2; PORTFOLIO_WAVE3_CREATE_OPERATOR_TASK_FOR_EXTERNAL_MANUAL_STEP:16caf08e-aa9f-f111-b8dc-00224820105b; PORTFOLIO_WAVE3_GENERATE_CONTRACT_FROM_LOCKED_PRICING:3f6f612b-aa9f-f111-b8dc-7c1e525b15c2; INDOMITABLE_COMMERCIAL_LINKAGE_RECOVERY:1673054f-629f-f111-b8dc-6045bdd69435; PORTFOLIO_WAVE3_CREATE_OPERATOR_TASK_FOR_EXTERNAL_MANUAL_STEP:5265987f-239e-f111-b8dc-000d3a14673b
W1-043,cb7e283c-db89-f111-ab10-6045bdd69738,JM1 Synthetic Intake Fetch Proof 20260727165010,JM1 SyntheticFetch20260727165010,3b549a43-db89-f111-ab10-7c1e525b15c2,,cb7e283c-db89-f111-ab10-6045bdd69738,,,,UNTRUSTWORTHY_WAITING_ON,PORTFOLIO_WAVE3_CREATE_OPERATOR_TASK_FOR_EXTERNAL_MANUAL_STEP:c9b5410f-239e-f111-b8dc-7c1e525b15c2
W1-044,71f19874-d989-f111-ab10-00224820105b,JM1 Synthetic Intake SEV1 Proof 20260727163730,JM1 SyntheticIntake20260727163730,e52c4e78-d989-f111-ab10-6045bdd69435,,71f19874-d989-f111-ab10-00224820105b,,,,UNTRUSTWORTHY_WAITING_ON,PORTFOLIO_WAVE3_CREATE_OPERATOR_TASK_FOR_EXTERNAL_MANUAL_STEP:e5c7fc0b-239e-f111-b8dc-00224820105b
W1-045,577858c2-da89-f111-ab10-000d3a14673b,JM1 Synthetic Intake SEV1 Proof 20260727164554,JM1 SyntheticIntake20260727164554,52b926ca-da89-f111-ab10-000d3a9eacee,,577858c2-da89-f111-ab10-000d3a14673b,,,,UNTRUSTWORTHY_WAITING_ON,PORTFOLIO_WAVE3_CREATE_OPERATOR_TASK_FOR_EXTERNAL_MANUAL_STEP:8602520c-239e-f111-b8dc-000d3a14673b
W1-046,02923fbd-019d-f111-b8dc-6045bdd69435,New Book Test,Jackie Test,266ccac2-019d-f111-b8dc-6045bdd69678,,02923fbd-019d-f111-b8dc-6045bdd69435,,,,UNTRUSTWORTHY_WAITING_ON,PORTFOLIO_WAVE3_CREATE_OPERATOR_TASK_FOR_EXTERNAL_MANUAL_STEP:bc81a680-239e-f111-b8dc-7c1e525b15c2
W1-047,f42a9474-1f76-f111-ab0f-6045bdd69738,The Long Watch - Intake Success Validation,Jackie Smith Jr,e3852b83-1f76-f111-ab0f-7c1e525b15c2,,f42a9474-1f76-f111-ab0f-6045bdd69738,,,,UNTRUSTWORTHY_WAITING_ON,PORTFOLIO_WAVE3_CREATE_OPERATOR_TASK_FOR_EXTERNAL_MANUAL_STEP:5c8aef0c-239e-f111-b8dc-6045bdd69678
W1-048,833582da-b389-f111-ab10-00224820105b,100 Wisdom Lessons for Life and Living,J Derrick Johnson,,,,,,833582da-b389-f111-ab10-00224820105b,UNTRUSTWORTHY_TIMER,P0_CONNECT_JOURNEY_REGRESSION:b1169f22-dba2-f111-b8de-6045bdd69435; PORTFOLIO_WAVE3_CREATE_OPERATOR_TASK_FOR_EXTERNAL_MANUAL_STEP:d968dafa-229e-f111-b8dc-6045bdd69678
W1-049,863582da-b389-f111-ab10-00224820105b,100 Wisdom Lessons for Life and Living,J Derrick Johnson,,,,,,863582da-b389-f111-ab10-00224820105b,UNTRUSTWORTHY_TIMER,P0_CONNECT_JOURNEY_REGRESSION:b1169f22-dba2-f111-b8de-6045bdd69435; PORTFOLIO_WAVE3_CREATE_OPERATOR_TASK_FOR_EXTERNAL_MANUAL_STEP:2df61efc-229e-f111-b8dc-7c1e525b15c2
W1-050,bfe69bd7-b389-f111-ab10-6045bdd69435,100 Wisdom Lessons for Life and Living,J Derrick Johnson,,,,,,bfe69bd7-b389-f111-ab10-6045bdd69435,UNTRUSTWORTHY_TIMER,P0_CONNECT_JOURNEY_REGRESSION:b1169f22-dba2-f111-b8de-6045bdd69435; PORTFOLIO_WAVE3_CREATE_OPERATOR_TASK_FOR_EXTERNAL_MANUAL_STEP:b4f91e02-239e-f111-b8dc-7c1e525b15c2
W1-051,34926ac0-c37a-f111-ab0f-00224820105b,100 Wisdom Lessons for Life and Living,Author pending,,,,,45da80f5-c47a-f111-ab0f-000d3a1a9efa; 0189eef3-c47a-f111-ab0f-000d3a9eacee; dce51ef0-c47a-f111-ab0f-00224820105b,34926ac0-c37a-f111-ab0f-00224820105b,UNTRUSTWORTHY_COMMERCIAL_GATE,P0_CONNECT_JOURNEY_REGRESSION:b1169f22-dba2-f111-b8de-6045bdd69435
W1-052,8e0402da-b389-f111-ab10-000d3a14673b,7 Step Jumpstart to Becoming Your Best Self,Ericka Johnson Settles,,,,,,8e0402da-b389-f111-ab10-000d3a14673b,UNTRUSTWORTHY_TIMER,P0_CONNECT_JOURNEY_REGRESSION:b1169f22-dba2-f111-b8de-6045bdd69435; PORTFOLIO_WAVE3_CREATE_OPERATOR_TASK_FOR_EXTERNAL_MANUAL_STEP:4c741af6-229e-f111-b8dc-7c1e525b15c2
W1-053,4a9a11da-b389-f111-ab10-6045bdd69738,7 Step Jumpstart to Becoming Your Best Self,Ericka Johnson Settles,,,,,,4a9a11da-b389-f111-ab10-6045bdd69738,UNTRUSTWORTHY_TIMER,P0_CONNECT_JOURNEY_REGRESSION:b1169f22-dba2-f111-b8de-6045bdd69435; PORTFOLIO_WAVE3_CREATE_OPERATOR_TASK_FOR_EXTERNAL_MANUAL_STEP:00962308-239e-f111-b8dc-7c1e525b15c2
W1-054,778904ca-c27a-f111-ab0f-6045bdd69738,A Little Bit of Everything,Eryonna Noelle,,,,,909b5ee2-c47a-f111-ab0f-000d3a1a9efa; 67402ce3-c47a-f111-ab0f-6045bdd69435,778904ca-c27a-f111-ab0f-6045bdd69738,UNTRUSTWORTHY_COMMERCIAL_GATE,P0_CONNECT_JOURNEY_REGRESSION:b1169f22-dba2-f111-b8de-6045bdd69435
W1-055,a8e382d8-b389-f111-ab10-6045bdd69678,A Portrait of Paradise,Iyorwuese Hagher,,,,,,a8e382d8-b389-f111-ab10-6045bdd69678,UNTRUSTWORTHY_TIMER,P0_CONNECT_JOURNEY_REGRESSION:b1169f22-dba2-f111-b8de-6045bdd69435; PORTFOLIO_WAVE3_CREATE_OPERATOR_TASK_FOR_EXTERNAL_MANUAL_STEP:9accf405-239e-f111-b8dc-00224820105b
W1-056,f57d1ada-b389-f111-ab10-7c1e525b15c2,A Portrait of Paradise,Iyorwuese Hagher,,,,,,f57d1ada-b389-f111-ab10-7c1e525b15c2,UNTRUSTWORTHY_TIMER,P0_CONNECT_JOURNEY_REGRESSION:b1169f22-dba2-f111-b8de-6045bdd69435; PORTFOLIO_WAVE3_CREATE_OPERATOR_TASK_FOR_EXTERNAL_MANUAL_STEP:1a8aef0c-239e-f111-b8dc-6045bdd69678
W1-057,11d2c5d7-b389-f111-ab10-000d3a9eacee,"A Truebies Guide, Part 1",Alesia Corpening,,,,,,11d2c5d7-b389-f111-ab10-000d3a9eacee,UNTRUSTWORTHY_TIMER,P0_CONNECT_JOURNEY_REGRESSION:b1169f22-dba2-f111-b8de-6045bdd69435; PORTFOLIO_WAVE3_CREATE_OPERATOR_TASK_FOR_EXTERNAL_MANUAL_STEP:a068dafa-229e-f111-b8dc-6045bdd69678
W1-058,aee382d8-b389-f111-ab10-6045bdd69678,"A Truebies Guide, Part 1",Alesia Corpening,,,,,,aee382d8-b389-f111-ab10-6045bdd69678,UNTRUSTWORTHY_TIMER,P0_CONNECT_JOURNEY_REGRESSION:b1169f22-dba2-f111-b8de-6045bdd69435; PORTFOLIO_WAVE3_CREATE_OPERATOR_TASK_FOR_EXTERNAL_MANUAL_STEP:c118d806-239e-f111-b8dc-6045bdd69678
W1-059,37ce3ac0-c37a-f111-ab0f-7c1e525b15c2,"A Truebies Guide, Part 1",Author pending,,,,,4ffad4d5-c47a-f111-ab0f-000d3a1a9efa; 1bc94cd6-c47a-f111-ab0f-6045bdd69678,37ce3ac0-c37a-f111-ab0f-7c1e525b15c2,UNTRUSTWORTHY_COMMERCIAL_GATE,P0_CONNECT_JOURNEY_REGRESSION:b1169f22-dba2-f111-b8de-6045bdd69435
W1-060,2554a0dd-b389-f111-ab10-6045bdd69435,"A Truebies Guide, Part 2",Alesia Corpening,,,,,,2554a0dd-b389-f111-ab10-6045bdd69435,UNTRUSTWORTHY_TIMER,P0_CONNECT_JOURNEY_REGRESSION:b1169f22-dba2-f111-b8de-6045bdd69435; PORTFOLIO_WAVE3_CREATE_OPERATOR_TASK_FOR_EXTERNAL_MANUAL_STEP:1900c8ff-229e-f111-b8dc-000d3a14673b
W1-061,afe382d8-b389-f111-ab10-6045bdd69678,"A Truebies Guide, Part 2",Alesia Corpening,,,,,,afe382d8-b389-f111-ab10-6045bdd69678,UNTRUSTWORTHY_TIMER,P0_CONNECT_JOURNEY_REGRESSION:b1169f22-dba2-f111-b8de-6045bdd69435; PORTFOLIO_WAVE3_CREATE_OPERATOR_TASK_FOR_EXTERNAL_MANUAL_STEP:a6ccf405-239e-f111-b8dc-00224820105b
W1-062,2c946ac0-c37a-f111-ab0f-00224820105b,"A Truebies Guide, Part 2",Author pending,,,,,0dc94cd6-c47a-f111-ab0f-6045bdd69678; 1efad4d5-c47a-f111-ab0f-000d3a1a9efa,2c946ac0-c37a-f111-ab0f-00224820105b,UNTRUSTWORTHY_COMMERCIAL_GATE,P0_CONNECT_JOURNEY_REGRESSION:b1169f22-dba2-f111-b8de-6045bdd69435
W1-063,f67d1ada-b389-f111-ab10-7c1e525b15c2,Abortion!,Carolyn Booker-Pierce,,,,,,f67d1ada-b389-f111-ab10-7c1e525b15c2,UNTRUSTWORTHY_TIMER,P0_CONNECT_JOURNEY_REGRESSION:b1169f22-dba2-f111-b8de-6045bdd69435; PORTFOLIO_WAVE3_CREATE_OPERATOR_TASK_FOR_EXTERNAL_MANUAL_STEP:5ac7fc0b-239e-f111-b8dc-00224820105b
W1-064,79064bcd-c27a-f111-ab0f-00224820105b,According to Mark,Alice V. Pryor,,,,,bde9cbe8-c47a-f111-ab0f-000d3a14673b; c9ab58e1-c47a-f111-ab0f-6045bdd69738; b3402ce3-c47a-f111-ab0f-6045bdd69435,79064bcd-c27a-f111-ab0f-00224820105b,UNTRUSTWORTHY_COMMERCIAL_GATE,P0_CONNECT_JOURNEY_REGRESSION:b1169f22-dba2-f111-b8de-6045bdd69435
W1-065,8c3582da-b389-f111-ab10-00224820105b,Aligned!,Dennis Brown,,,,,,8c3582da-b389-f111-ab10-00224820105b,UNTRUSTWORTHY_TIMER,P0_CONNECT_JOURNEY_REGRESSION:b1169f22-dba2-f111-b8de-6045bdd69435; PORTFOLIO_WAVE3_CREATE_OPERATOR_TASK_FOR_EXTERNAL_MANUAL_STEP:2ef61efc-229e-f111-b8dc-7c1e525b15c2
W1-066,a00402da-b389-f111-ab10-000d3a14673b,Almost Happy,Jaylonna Stevette,,,,,,a00402da-b389-f111-ab10-000d3a14673b,UNTRUSTWORTHY_TIMER,P0_CONNECT_JOURNEY_REGRESSION:b1169f22-dba2-f111-b8de-6045bdd69435; PORTFOLIO_WAVE3_CREATE_OPERATOR_TASK_FOR_EXTERNAL_MANUAL_STEP:276ef9f3-229e-f111-b8dc-00224820105b
W1-067,539a11da-b389-f111-ab10-6045bdd69738,Almost Happy,Jaylonna Stevette,,,,,,539a11da-b389-f111-ab10-6045bdd69738,UNTRUSTWORTHY_TIMER,P0_CONNECT_JOURNEY_REGRESSION:b1169f22-dba2-f111-b8de-6045bdd69435; PORTFOLIO_WAVE3_CREATE_OPERATOR_TASK_FOR_EXTERNAL_MANUAL_STEP:01962308-239e-f111-b8dc-7c1e525b15c2
W1-068,017e1ada-b389-f111-ab10-7c1e525b15c2,Because the Lord is My Shepherd,Carolyn Booker-Pierce,,,,,,017e1ada-b389-f111-ab10-7c1e525b15c2,UNTRUSTWORTHY_TIMER,P0_CONNECT_JOURNEY_REGRESSION:b1169f22-dba2-f111-b8de-6045bdd69435; PORTFOLIO_WAVE3_CREATE_OPERATOR_TASK_FOR_EXTERNAL_MANUAL_STEP:7602520c-239e-f111-b8dc-000d3a14673b
W1-069,933582da-b389-f111-ab10-00224820105b,Come Out of Hiding,Christina Chislom,,,,,,933582da-b389-f111-ab10-00224820105b,UNTRUSTWORTHY_TIMER,P0_CONNECT_JOURNEY_REGRESSION:b1169f22-dba2-f111-b8de-6045bdd69435; PORTFOLIO_WAVE3_CREATE_OPERATOR_TASK_FOR_EXTERNAL_MANUAL_STEP:2ff61efc-229e-f111-b8dc-7c1e525b15c2
W1-070,057e1ada-b389-f111-ab10-7c1e525b15c2,Come Out of Hiding,Christina Chislom,,,,,,057e1ada-b389-f111-ab10-7c1e525b15c2,UNTRUSTWORTHY_TIMER,P0_CONNECT_JOURNEY_REGRESSION:b1169f22-dba2-f111-b8de-6045bdd69435; PORTFOLIO_WAVE3_CREATE_OPERATOR_TASK_FOR_EXTERNAL_MANUAL_STEP:7702520c-239e-f111-b8dc-000d3a14673b
W1-071,938904ca-c27a-f111-ab0f-6045bdd69738,Come Out of Hiding,Chistina Chislom,,,,,fc6d1dd0-c47a-f111-ab0f-6045bdd69678; e16d1dd0-c47a-f111-ab0f-6045bdd69678,938904ca-c27a-f111-ab0f-6045bdd69738,UNTRUSTWORTHY_COMMERCIAL_GATE,P0_CONNECT_JOURNEY_REGRESSION:b1169f22-dba2-f111-b8de-6045bdd69435
W1-072,08dac7dd-b389-f111-ab10-000d3a9eacee,Connected!,Dennis Brown,,,,,,08dac7dd-b389-f111-ab10-000d3a9eacee,UNTRUSTWORTHY_TIMER,P0_CONNECT_JOURNEY_REGRESSION:b1169f22-dba2-f111-b8de-6045bdd69435; PORTFOLIO_WAVE3_CREATE_OPERATOR_TASK_FOR_EXTERNAL_MANUAL_STEP:9d741af6-229e-f111-b8dc-7c1e525b15c2
W1-073,7967a4c3-c37a-f111-ab0f-6045bdd69678,Connected!,Author pending,,,,,25de59dc-c47a-f111-ab0f-000d3a14673b; c8fcf5db-c47a-f111-ab0f-000d3a1a9efa,7967a4c3-c37a-f111-ab0f-6045bdd69678,UNTRUSTWORTHY_COMMERCIAL_GATE,P0_CONNECT_JOURNEY_REGRESSION:b1169f22-dba2-f111-b8de-6045bdd69435
W1-074,0cdac7dd-b389-f111-ab10-000d3a9eacee,Damaged,Lisa Taylor,,,,,,0cdac7dd-b389-f111-ab10-000d3a9eacee,UNTRUSTWORTHY_TIMER,P0_CONNECT_JOURNEY_REGRESSION:b1169f22-dba2-f111-b8de-6045bdd69435; PORTFOLIO_WAVE3_CREATE_OPERATOR_TASK_FOR_EXTERNAL_MANUAL_STEP:9e741af6-229e-f111-b8dc-7c1e525b15c2
W1-075,ba0402da-b389-f111-ab10-000d3a14673b,Delicious Ideas!,Agape International Cathedral,,,,,,ba0402da-b389-f111-ab10-000d3a14673b,UNTRUSTWORTHY_TIMER,P0_CONNECT_JOURNEY_REGRESSION:b1169f22-dba2-f111-b8de-6045bdd69435; PORTFOLIO_WAVE3_CREATE_OPERATOR_TASK_FOR_EXTERNAL_MANUAL_STEP:e33c43f3-229e-f111-b8dc-000d3a14673b
W1-076,0a7e1ada-b389-f111-ab10-7c1e525b15c2,Delicious Ideas!,Agape International Cathedral,,,,,,0a7e1ada-b389-f111-ab10-7c1e525b15c2,UNTRUSTWORTHY_TIMER,P0_CONNECT_JOURNEY_REGRESSION:b1169f22-dba2-f111-b8de-6045bdd69435; PORTFOLIO_WAVE3_CREATE_OPERATOR_TASK_FOR_EXTERNAL_MANUAL_STEP:7802520c-239e-f111-b8dc-000d3a14673b
W1-077,3154a0dd-b389-f111-ab10-6045bdd69435,Department of the Air Force Mission Driven Leadership,USAF,,,,,,3154a0dd-b389-f111-ab10-6045bdd69435,UNTRUSTWORTHY_TIMER,P0_CONNECT_JOURNEY_REGRESSION:b1169f22-dba2-f111-b8de-6045bdd69435; PORTFOLIO_WAVE3_CREATE_OPERATOR_TASK_FOR_EXTERNAL_MANUAL_STEP:dd91f8ff-229e-f111-b8dc-00224820105b
W1-078,2c966ac0-c37a-f111-ab0f-00224820105b,Department of the Air Force Mission Driven Leadership,Author pending,,,,,4dda80f5-c47a-f111-ab0f-000d3a1a9efa; 9dcefaf5-c47a-f111-ab0f-6045bdd69435,2c966ac0-c37a-f111-ab0f-00224820105b,UNTRUSTWORTHY_COMMERCIAL_GATE,P0_CONNECT_JOURNEY_REGRESSION:b1169f22-dba2-f111-b8de-6045bdd69435
W1-079,3354a0dd-b389-f111-ab10-6045bdd69435,Department of the Air Force: Mission Driven Leadership,USAF,,,,,,3354a0dd-b389-f111-ab10-6045bdd69435,UNTRUSTWORTHY_TIMER,P0_CONNECT_JOURNEY_REGRESSION:b1169f22-dba2-f111-b8de-6045bdd69435; PORTFOLIO_WAVE3_CREATE_OPERATOR_TASK_FOR_EXTERNAL_MANUAL_STEP:0547d600-239e-f111-b8dc-6045bdd69678
W1-080,64106fd3-c27a-f111-ab0f-6045bdd69435,Department of the Air Force: Mission Driven Leadership,"Andrew Bowens, Lenetta Banks Williams, Jamichael Hill Beard, Anthony Cain",,,,,,64106fd3-c27a-f111-ab0f-6045bdd69435,UNTRUSTWORTHY_COMMERCIAL_GATE,P0_CONNECT_JOURNEY_REGRESSION:b1169f22-dba2-f111-b8de-6045bdd69435
W1-081,7b67a4c3-c37a-f111-ab0f-6045bdd69678,Destined to Break the Curse Devotional,Author pending,,,,,4a6ae3d3-c47a-f111-ab0f-000d3a9eacee; f99615d1-c47a-f111-ab0f-00224820105b,7b67a4c3-c37a-f111-ab0f-6045bdd69678,UNTRUSTWORTHY_COMMERCIAL_GATE,P0_CONNECT_JOURNEY_REGRESSION:b1169f22-dba2-f111-b8de-6045bdd69435
W1-082,16dac7dd-b389-f111-ab10-000d3a9eacee,Establishing Glory,"Jackie Smith, Jr.",,,,,,16dac7dd-b389-f111-ab10-000d3a9eacee,UNTRUSTWORTHY_TIMER,P0_CONNECT_JOURNEY_REGRESSION:b1169f22-dba2-f111-b8de-6045bdd69435; PORTFOLIO_WAVE3_CREATE_OPERATOR_TASK_FOR_EXTERNAL_MANUAL_STEP:7c5af5cb-02a0-f111-b8dc-7c1e525b15c2; PORTFOLIO_WAVE3_CREATE_OPERATOR_TASK_FOR_EXTERNAL_MANUAL_STEP:26f61efc-229e-f111-b8dc-7c1e525b15c2
W1-083,4454a0dd-b389-f111-ab10-6045bdd69435,Establishing Glory,"Jackie Smith, Jr.",,,,,,4454a0dd-b389-f111-ab10-6045bdd69435,UNTRUSTWORTHY_TIMER,P0_CONNECT_JOURNEY_REGRESSION:b1169f22-dba2-f111-b8de-6045bdd69435; PORTFOLIO_WAVE3_CREATE_OPERATOR_TASK_FOR_EXTERNAL_MANUAL_STEP:ec0aeed1-02a0-f111-b8dc-7c1e525b15c2; PORTFOLIO_WAVE3_CREATE_OPERATOR_TASK_FOR_EXTERNAL_MANUAL_STEP:e791f8ff-229e-f111-b8dc-00224820105b
W1-084,4554a0dd-b389-f111-ab10-6045bdd69435,Establishing Glory,"Jackie Smith, Jr.",,,,,,4554a0dd-b389-f111-ab10-6045bdd69435,UNTRUSTWORTHY_TIMER,P0_CONNECT_JOURNEY_REGRESSION:b1169f22-dba2-f111-b8de-6045bdd69435; PORTFOLIO_WAVE3_CREATE_OPERATOR_TASK_FOR_EXTERNAL_MANUAL_STEP:a890ccd1-02a0-f111-b8dc-000d3a14673b; PORTFOLIO_WAVE3_CREATE_OPERATOR_TASK_FOR_EXTERNAL_MANUAL_STEP:1b00c8ff-229e-f111-b8dc-000d3a14673b
W1-085,b37e1ee0-b389-f111-ab10-000d3a14673b,Establishing Glory,"Jackie Smith, Jr.",,,,,,b37e1ee0-b389-f111-ab10-000d3a14673b,UNTRUSTWORTHY_TIMER,P0_CONNECT_JOURNEY_REGRESSION:b1169f22-dba2-f111-b8de-6045bdd69435; PORTFOLIO_WAVE3_CREATE_OPERATOR_TASK_FOR_EXTERNAL_MANUAL_STEP:5ddc11cd-02a0-f111-b8db-7c1e525801f6; PORTFOLIO_WAVE3_CREATE_OPERATOR_TASK_FOR_EXTERNAL_MANUAL_STEP:4e6ef9f3-229e-f111-b8dc-00224820105b
W1-086,154097e0-b389-f111-ab10-00224820105b,Establishing Glory,"Jackie Smith, Jr.",,,,,,154097e0-b389-f111-ab10-00224820105b,UNTRUSTWORTHY_TIMER,P0_CONNECT_JOURNEY_REGRESSION:b1169f22-dba2-f111-b8de-6045bdd69435; PORTFOLIO_WAVE3_CREATE_OPERATOR_TASK_FOR_EXTERNAL_MANUAL_STEP:895af5cb-02a0-f111-b8dc-7c1e525b15c2; PORTFOLIO_WAVE3_CREATE_OPERATOR_TASK_FOR_EXTERNAL_MANUAL_STEP:30f61efc-229e-f111-b8dc-7c1e525b15c2
W1-087,249c7bde-b389-f111-ab10-6045bdd69678,Establishing Glory,"Jackie Smith, Jr.",,,,,,249c7bde-b389-f111-ab10-6045bdd69678,UNTRUSTWORTHY_TIMER,P0_CONNECT_JOURNEY_REGRESSION:b1169f22-dba2-f111-b8de-6045bdd69435; PORTFOLIO_WAVE3_CREATE_OPERATOR_TASK_FOR_EXTERNAL_MANUAL_STEP:db2f52d3-02a0-f111-b8db-7c1e525801f6; PORTFOLIO_WAVE3_CREATE_OPERATOR_TASK_FOR_EXTERNAL_MANUAL_STEP:b6ccf405-239e-f111-b8dc-00224820105b
W1-088,54a0a0e0-b389-f111-ab10-6045bdd69738,Establishing Glory,"Jackie Smith, Jr.",,,,,,54a0a0e0-b389-f111-ab10-6045bdd69738,UNTRUSTWORTHY_TIMER,P0_CONNECT_JOURNEY_REGRESSION:b1169f22-dba2-f111-b8de-6045bdd69435; PORTFOLIO_WAVE3_CREATE_OPERATOR_TASK_FOR_EXTERNAL_MANUAL_STEP:af90ccd1-02a0-f111-b8dc-000d3a14673b; PORTFOLIO_WAVE3_CREATE_OPERATOR_TASK_FOR_EXTERNAL_MANUAL_STEP:b4fbda05-239e-f111-b8dc-000d3a14673b
W1-089,55a0a0e0-b389-f111-ab10-6045bdd69738,Establishing Glory,"Jackie Smith, Jr.",,,,,,55a0a0e0-b389-f111-ab10-6045bdd69738,UNTRUSTWORTHY_TIMER,P0_CONNECT_JOURNEY_REGRESSION:b1169f22-dba2-f111-b8de-6045bdd69435; PORTFOLIO_WAVE3_CREATE_OPERATOR_TASK_FOR_EXTERNAL_MANUAL_STEP:f60aeed1-02a0-f111-b8dc-7c1e525b15c2; PORTFOLIO_WAVE3_CREATE_OPERATOR_TASK_FOR_EXTERNAL_MANUAL_STEP:b6fbda05-239e-f111-b8dc-000d3a14673b
W1-090,9d5b72e0-b389-f111-ab10-7c1e525b15c2,Establishing Glory,"Jackie Smith, Jr.",,,,,,9d5b72e0-b389-f111-ab10-7c1e525b15c2,UNTRUSTWORTHY_TIMER,P0_CONNECT_JOURNEY_REGRESSION:b1169f22-dba2-f111-b8de-6045bdd69435; PORTFOLIO_WAVE3_CREATE_OPERATOR_TASK_FOR_EXTERNAL_MANUAL_STEP:ba90ccd1-02a0-f111-b8dc-000d3a14673b; PORTFOLIO_WAVE3_CREATE_OPERATOR_TASK_FOR_EXTERNAL_MANUAL_STEP:70c7fc0b-239e-f111-b8dc-00224820105b
W1-091,9242c1c2-c37a-f111-ab0f-000d3a14673b,Establishing Glory,Author pending,,,,,050a92ef-c47a-f111-ab0f-6045bdd69435; bee9cbe8-c47a-f111-ab0f-000d3a14673b; 109078e8-c47a-f111-ab0f-000d3a1a9efa; 5be9b4ed-c47a-f111-ab0f-6045bdd69738; fddd59dc-c47a-f111-ab0f-000d3a14673b; 8a148ad7-c47a-f111-ab0f-00224820105b; 09e494cd-c47a-f111-ab0f-000d3a9eacee; f28c52cf-c47a-f111-ab0f-6045bdd69738; 02e494cd-c47a-f111-ab0f-000d3a9eacee,9242c1c2-c37a-f111-ab0f-000d3a14673b,UNTRUSTWORTHY_COMMERCIAL_GATE,P0_CONNECT_JOURNEY_REGRESSION:b1169f22-dba2-f111-b8de-6045bdd69435
W1-092,174097e0-b389-f111-ab10-00224820105b,Establishing Glory 2,"Jackie Smith, Jr.",,,,,,174097e0-b389-f111-ab10-00224820105b,UNTRUSTWORTHY_TIMER,P0_CONNECT_JOURNEY_REGRESSION:b1169f22-dba2-f111-b8de-6045bdd69435; PORTFOLIO_WAVE3_CREATE_OPERATOR_TASK_FOR_EXTERNAL_MANUAL_STEP:a790ccd1-02a0-f111-b8dc-000d3a14673b; PORTFOLIO_WAVE3_CREATE_OPERATOR_TASK_FOR_EXTERNAL_MANUAL_STEP:31f61efc-229e-f111-b8dc-7c1e525b15c2
W1-093,4654a0dd-b389-f111-ab10-6045bdd69435,Establishing Glory 2,"Jackie Smith, Jr.",,,,,,4654a0dd-b389-f111-ab10-6045bdd69435,UNTRUSTWORTHY_TIMER,P0_CONNECT_JOURNEY_REGRESSION:b1169f22-dba2-f111-b8de-6045bdd69435; PORTFOLIO_WAVE3_CREATE_OPERATOR_TASK_FOR_EXTERNAL_MANUAL_STEP:da2f52d3-02a0-f111-b8db-7c1e525801f6; PORTFOLIO_WAVE3_CREATE_OPERATOR_TASK_FOR_EXTERNAL_MANUAL_STEP:ee91f8ff-229e-f111-b8dc-00224820105b
W1-094,299c7bde-b389-f111-ab10-6045bdd69678,Establishing Glory 2,"Jackie Smith, Jr.",,,,,,299c7bde-b389-f111-ab10-6045bdd69678,UNTRUSTWORTHY_TIMER,P0_CONNECT_JOURNEY_REGRESSION:b1169f22-dba2-f111-b8de-6045bdd69435; PORTFOLIO_WAVE3_CREATE_OPERATOR_TASK_FOR_EXTERNAL_MANUAL_STEP:aa90ccd1-02a0-f111-b8dc-000d3a14673b; PORTFOLIO_WAVE3_CREATE_OPERATOR_TASK_FOR_EXTERNAL_MANUAL_STEP:a2fbda05-239e-f111-b8dc-000d3a14673b
W1-095,9342c1c2-c37a-f111-ab0f-000d3a14673b,Establishing Glory 2,Author pending,,,,,422d53d0-c47a-f111-ab0f-000d3a14673b; 402d53d0-c47a-f111-ab0f-000d3a14673b; 412d53d0-c47a-f111-ab0f-000d3a14673b,9342c1c2-c37a-f111-ab0f-000d3a14673b,UNTRUSTWORTHY_COMMERCIAL_GATE,P0_CONNECT_JOURNEY_REGRESSION:b1169f22-dba2-f111-b8de-6045bdd69435
W1-096,2e9c7bde-b389-f111-ab10-6045bdd69678,Establishing Glory 3,"Jackie Smith, Jr.",,,,,,2e9c7bde-b389-f111-ab10-6045bdd69678,UNTRUSTWORTHY_TIMER,P0_CONNECT_JOURNEY_REGRESSION:b1169f22-dba2-f111-b8de-6045bdd69435; PORTFOLIO_WAVE3_CREATE_OPERATOR_TASK_FOR_EXTERNAL_MANUAL_STEP:dc2f52d3-02a0-f111-b8db-7c1e525801f6; PORTFOLIO_WAVE3_CREATE_OPERATOR_TASK_FOR_EXTERNAL_MANUAL_STEP:c2f91e02-239e-f111-b8dc-7c1e525b15c2
W1-097,a35b72e0-b389-f111-ab10-7c1e525b15c2,Establishing Glory 3,"Jackie Smith, Jr.",,,,,,a35b72e0-b389-f111-ab10-7c1e525b15c2,UNTRUSTWORTHY_TIMER,P0_CONNECT_JOURNEY_REGRESSION:b1169f22-dba2-f111-b8de-6045bdd69435; PORTFOLIO_WAVE3_CREATE_OPERATOR_TASK_FOR_EXTERNAL_MANUAL_STEP:e12f52d3-02a0-f111-b8db-7c1e525801f6; PORTFOLIO_WAVE3_CREATE_OPERATOR_TASK_FOR_EXTERNAL_MANUAL_STEP:75c7fc0b-239e-f111-b8dc-00224820105b
W1-098,a45b72e0-b389-f111-ab10-7c1e525b15c2,Establishing Glory 3,"Jackie Smith, Jr.",,,,,,a45b72e0-b389-f111-ab10-7c1e525b15c2,UNTRUSTWORTHY_TIMER,P0_CONNECT_JOURNEY_REGRESSION:b1169f22-dba2-f111-b8de-6045bdd69435; PORTFOLIO_WAVE3_CREATE_OPERATOR_TASK_FOR_EXTERNAL_MANUAL_STEP:e82f52d3-02a0-f111-b8db-7c1e525801f6; PORTFOLIO_WAVE3_CREATE_OPERATOR_TASK_FOR_EXTERNAL_MANUAL_STEP:7ac7fc0b-239e-f111-b8dc-00224820105b
W1-099,7e67a4c3-c37a-f111-ab0f-6045bdd69678,Establishing Glory 3,Author pending,,,,,476ae3d3-c47a-f111-ab0f-000d3a9eacee; f586d5d0-c47a-f111-ab0f-6045bdd69435; 148d52cf-c47a-f111-ab0f-6045bdd69738,7e67a4c3-c37a-f111-ab0f-6045bdd69678,UNTRUSTWORTHY_COMMERCIAL_GATE,P0_CONNECT_JOURNEY_REGRESSION:b1169f22-dba2-f111-b8de-6045bdd69435
W1-100,b47e1ee0-b389-f111-ab10-000d3a14673b,Establishing Glory: The Praise and Worship Handbook,"Jackie Smith, Jr.",,,,,,b47e1ee0-b389-f111-ab10-000d3a14673b,UNTRUSTWORTHY_TIMER,P0_CONNECT_JOURNEY_REGRESSION:b1169f22-dba2-f111-b8de-6045bdd69435; PORTFOLIO_WAVE3_CREATE_OPERATOR_TASK_FOR_EXTERNAL_MANUAL_STEP:5fdc11cd-02a0-f111-b8db-7c1e525801f6; PORTFOLIO_WAVE3_CREATE_OPERATOR_TASK_FOR_EXTERNAL_MANUAL_STEP:e1a9daf4-229e-f111-b8dc-6045bdd69678
W1-101,56a0a0e0-b389-f111-ab10-6045bdd69738,Establishing Glory: The Praise and Worship Handbook,"Jackie Smith, Jr.",,,,,,56a0a0e0-b389-f111-ab10-6045bdd69738,UNTRUSTWORTHY_TIMER,P0_CONNECT_JOURNEY_REGRESSION:b1169f22-dba2-f111-b8de-6045bdd69435; PORTFOLIO_WAVE3_CREATE_OPERATOR_TASK_FOR_EXTERNAL_MANUAL_STEP:f70aeed1-02a0-f111-b8dc-7c1e525b15c2; PORTFOLIO_WAVE3_CREATE_OPERATOR_TASK_FOR_EXTERNAL_MANUAL_STEP:f918d806-239e-f111-b8dc-6045bdd69678
W1-102,b1b61ac7-c37a-f111-ab0f-00224820105b,Establishing Glory: The Praise and Worship Handbook,Author pending,,,,,6ba105f4-c47a-f111-ab0f-6045bdd69738; ede394cd-c47a-f111-ab0f-000d3a9eacee,b1b61ac7-c37a-f111-ab0f-00224820105b,UNTRUSTWORTHY_COMMERCIAL_GATE,P0_CONNECT_JOURNEY_REGRESSION:b1169f22-dba2-f111-b8de-6045bdd69435
W1-103,194097e0-b389-f111-ab10-00224820105b,Establishing Glory: The Relationship Handbook,"Jackie Smith, Jr.",,,,,,194097e0-b389-f111-ab10-00224820105b,UNTRUSTWORTHY_TIMER,P0_CONNECT_JOURNEY_REGRESSION:b1169f22-dba2-f111-b8de-6045bdd69435; PORTFOLIO_WAVE3_CREATE_OPERATOR_TASK_FOR_EXTERNAL_MANUAL_STEP:e60aeed1-02a0-f111-b8dc-7c1e525b15c2; PORTFOLIO_WAVE3_CREATE_OPERATOR_TASK_FOR_EXTERNAL_MANUAL_STEP:1853f4f9-229e-f111-b8dc-00224820105b
W1-104,dbb71ac7-c37a-f111-ab0f-00224820105b,Establishing Glory: The Relationship Handbook,Author pending,,,,,f6e394cd-c47a-f111-ab0f-000d3a9eacee,dbb71ac7-c37a-f111-ab0f-00224820105b,UNTRUSTWORTHY_COMMERCIAL_GATE,P0_CONNECT_JOURNEY_REGRESSION:b1169f22-dba2-f111-b8de-6045bdd69435
W1-105,161405c7-c37a-f111-ab0f-7c1e525b15c2,"Focus, Trust, & Follow",Author pending,,,,,b70952d5-c47a-f111-ab0f-6045bdd69738; 52b515d6-c47a-f111-ab0f-7c1e525b15c2,161405c7-c37a-f111-ab0f-7c1e525b15c2,UNTRUSTWORTHY_COMMERCIAL_GATE,P0_CONNECT_JOURNEY_REGRESSION:b1169f22-dba2-f111-b8de-6045bdd69435
W1-106,a65b72e0-b389-f111-ab10-7c1e525b15c2,Getting Back 2 Happy,Jaylonna Stevette,,,,,,a65b72e0-b389-f111-ab10-7c1e525b15c2,UNTRUSTWORTHY_TIMER,P0_CONNECT_JOURNEY_REGRESSION:b1169f22-dba2-f111-b8de-6045bdd69435; PORTFOLIO_WAVE3_CREATE_OPERATOR_TASK_FOR_EXTERNAL_MANUAL_STEP:7902520c-239e-f111-b8dc-000d3a14673b
W1-107,5a54a0dd-b389-f111-ab10-6045bdd69435,Getting Back 2 Happy: The Chronicles of Tabby (Unabridged),Jaylonna Stevette,,,,,,5a54a0dd-b389-f111-ab10-6045bdd69435,UNTRUSTWORTHY_TIMER,P0_CONNECT_JOURNEY_REGRESSION:b1169f22-dba2-f111-b8de-6045bdd69435; PORTFOLIO_WAVE3_CREATE_OPERATOR_TASK_FOR_EXTERNAL_MANUAL_STEP:1747d600-239e-f111-b8dc-6045bdd69678
W1-108,9542c1c2-c37a-f111-ab0f-000d3a14673b,Getting Back 2 Happy: The Chronicles of Tabby (Unabridged),Author pending,,,,,6ca105f4-c47a-f111-ab0f-6045bdd69738; 4e319ccf-c47a-f111-ab0f-000d3a1a9efa,9542c1c2-c37a-f111-ab0f-000d3a14673b,UNTRUSTWORTHY_COMMERCIAL_GATE,P0_CONNECT_JOURNEY_REGRESSION:b1169f22-dba2-f111-b8de-6045bdd69435
W1-109,1e4097e0-b389-f111-ab10-00224820105b,"Girl, Did You Know...?",Kimberly Reeder,,,,,,1e4097e0-b389-f111-ab10-00224820105b,UNTRUSTWORTHY_TIMER,P0_CONNECT_JOURNEY_REGRESSION:b1169f22-dba2-f111-b8de-6045bdd69435; PORTFOLIO_WAVE3_CREATE_OPERATOR_TASK_FOR_EXTERNAL_MANUAL_STEP:32f61efc-229e-f111-b8dc-7c1e525b15c2
W1-110,d0b91ac7-c37a-f111-ab0f-00224820105b,"Girl, Did You Know…?",Author pending,,,,,093042f6-c47a-f111-ab0f-00224820105b; f63e34f5-c47a-f111-ab0f-000d3a14673b,d0b91ac7-c37a-f111-ab0f-00224820105b,UNTRUSTWORTHY_COMMERCIAL_GATE,P0_CONNECT_JOURNEY_REGRESSION:b1169f22-dba2-f111-b8de-6045bdd69435
W1-111,6454a0dd-b389-f111-ab10-6045bdd69435,"Girl, You're Not Crazy. You're Dealing With a Narcissist",Carolyn Booker-Pierce,4a56c9ff-4389-f111-ab10-6045bdd69678,,067855cb-bd8a-f111-ab10-6045bdd69435,,,6454a0dd-b389-f111-ab10-6045bdd69435,UNTRUSTWORTHY_TIMER,PORTFOLIO_WAVE3_CREATE_OPERATOR_TASK_FOR_EXTERNAL_MANUAL_STEP:fe91f8ff-229e-f111-b8dc-00224820105b
W1-112,7f67a4c3-c37a-f111-ab0f-6045bdd69678,God’s Business Plan,Author pending,,,,,67e9b4ed-c47a-f111-ab0f-6045bdd69738; 3c2d53d0-c47a-f111-ab0f-000d3a14673b; 3d2d53d0-c47a-f111-ab0f-000d3a14673b,7f67a4c3-c37a-f111-ab0f-6045bdd69678,UNTRUSTWORTHY_COMMERCIAL_GATE,P0_CONNECT_JOURNEY_REGRESSION:b1169f22-dba2-f111-b8de-6045bdd69435
W1-113,7e000573-cc7a-f111-ab0f-7c1e525b15c2,God's Nudge,Tekisha Wimbush,,,,,,7e000573-cc7a-f111-ab0f-7c1e525b15c2,UNTRUSTWORTHY_COMMERCIAL_GATE,P0_CONNECT_JOURNEY_REGRESSION:b1169f22-dba2-f111-b8de-6045bdd69435
W1-114,6209d7cb-c27a-f111-ab0f-6045bdd69678,God's Word For This World,"Thomas Johnson, Sr.",,,,,4b26bee3-c47a-f111-ab0f-00224820105b; f59680e2-c47a-f111-ab0f-6045bdd69678,6209d7cb-c27a-f111-ab0f-6045bdd69678,UNTRUSTWORTHY_COMMERCIAL_GATE,P0_CONNECT_JOURNEY_REGRESSION:b1169f22-dba2-f111-b8de-6045bdd69435
W1-115,c2ed8074-cc7a-f111-ab0f-6045bdd69435,God’s Word For This World,"Thomas Johnson, Sr.",,,,,,c2ed8074-cc7a-f111-ab0f-6045bdd69435,UNTRUSTWORTHY_COMMERCIAL_GATE,P0_CONNECT_JOURNEY_REGRESSION:b1169f22-dba2-f111-b8de-6045bdd69435
W1-116,9d42c1c2-c37a-f111-ab0f-000d3a14673b,Grandmothers Educating Minds,Author pending,,,,,6e9b5ee2-c47a-f111-ab0f-000d3a1a9efa; 2d696bdc-c47a-f111-ab0f-6045bdd69678,9d42c1c2-c37a-f111-ab0f-000d3a14673b,UNTRUSTWORTHY_COMMERCIAL_GATE,P0_CONNECT_JOURNEY_REGRESSION:b1169f22-dba2-f111-b8de-6045bdd69435
W1-117,db5b72e0-b389-f111-ab10-7c1e525b15c2,Have You Considered My Servant?,Jaylonna Stevette,,,,,,db5b72e0-b389-f111-ab10-7c1e525b15c2,UNTRUSTWORTHY_TIMER,P0_CONNECT_JOURNEY_REGRESSION:b1169f22-dba2-f111-b8de-6045bdd69435; PORTFOLIO_WAVE3_CREATE_OPERATOR_TASK_FOR_EXTERNAL_MANUAL_STEP:85c7fc0b-239e-f111-b8dc-00224820105b
W1-118,d6b91ac7-c37a-f111-ab0f-00224820105b,"Help God, I Am - the Collection",Author pending,,,,,5dfc08e0-c47a-f111-ab0f-000d3a9eacee; 98ab58e1-c47a-f111-ab0f-6045bdd69738,d6b91ac7-c37a-f111-ab0f-00224820105b,UNTRUSTWORTHY_COMMERCIAL_GATE,P0_CONNECT_JOURNEY_REGRESSION:b1169f22-dba2-f111-b8de-6045bdd69435
W1-119,e55b72e0-b389-f111-ab10-7c1e525b15c2,"Help God, I Am - The Collection",Cheryl Travis,,,,,,e55b72e0-b389-f111-ab10-7c1e525b15c2,UNTRUSTWORTHY_TIMER,P0_CONNECT_JOURNEY_REGRESSION:b1169f22-dba2-f111-b8de-6045bdd69435; PORTFOLIO_WAVE3_CREATE_OPERATOR_TASK_FOR_EXTERNAL_MANUAL_STEP:8ac7fc0b-239e-f111-b8dc-00224820105b
W1-120,2a4097e0-b389-f111-ab10-00224820105b,"Help God, I Am Afraid",Cheryl Travis,,,,,,2a4097e0-b389-f111-ab10-00224820105b,UNTRUSTWORTHY_TIMER,P0_CONNECT_JOURNEY_REGRESSION:b1169f22-dba2-f111-b8de-6045bdd69435; PORTFOLIO_WAVE3_CREATE_OPERATOR_TASK_FOR_EXTERNAL_MANUAL_STEP:34f61efc-229e-f111-b8dc-7c1e525b15c2
W1-121,f05b72e0-b389-f111-ab10-7c1e525b15c2,"Help God, I Am Angry",Cheryl Travis,,,,,,f05b72e0-b389-f111-ab10-7c1e525b15c2,UNTRUSTWORTHY_TIMER,P0_CONNECT_JOURNEY_REGRESSION:b1169f22-dba2-f111-b8de-6045bdd69435; PORTFOLIO_WAVE3_CREATE_OPERATOR_TASK_FOR_EXTERNAL_MANUAL_STEP:8fc7fc0b-239e-f111-b8dc-00224820105b
W1-122,5ca0a0e0-b389-f111-ab10-6045bdd69738,"Help God, I Am Confused",Cheryl Travis,,,,,,5ca0a0e0-b389-f111-ab10-6045bdd69738,UNTRUSTWORTHY_TIMER,P0_CONNECT_JOURNEY_REGRESSION:b1169f22-dba2-f111-b8de-6045bdd69435; PORTFOLIO_WAVE3_CREATE_OPERATOR_TASK_FOR_EXTERNAL_MANUAL_STEP:0219d806-239e-f111-b8dc-6045bdd69678
W1-123,b97e1ee0-b389-f111-ab10-000d3a14673b,"Help God, I Am Hurt",Cheryl Travis,,,,,,b97e1ee0-b389-f111-ab10-000d3a14673b,UNTRUSTWORTHY_TIMER,P0_CONNECT_JOURNEY_REGRESSION:b1169f22-dba2-f111-b8de-6045bdd69435; PORTFOLIO_WAVE3_CREATE_OPERATOR_TASK_FOR_EXTERNAL_MANUAL_STEP:e3a9daf4-229e-f111-b8dc-6045bdd69678
W1-124,b3a6c7e3-b389-f111-ab10-000d3a9eacee,"Help God, I Am Lonely",Cheryl Travis,,,,,,b3a6c7e3-b389-f111-ab10-000d3a9eacee,UNTRUSTWORTHY_TIMER,P0_CONNECT_JOURNEY_REGRESSION:b1169f22-dba2-f111-b8de-6045bdd69435; PORTFOLIO_WAVE3_CREATE_OPERATOR_TASK_FOR_EXTERNAL_MANUAL_STEP:ec9e91f9-229e-f111-b8dc-000d3a14673b
W1-125,b5a6c7e3-b389-f111-ab10-000d3a9eacee,"Help God, I Am Lost",Cheryl Travis,,,,,,b5a6c7e3-b389-f111-ab10-000d3a9eacee,UNTRUSTWORTHY_TIMER,P0_CONNECT_JOURNEY_REGRESSION:b1169f22-dba2-f111-b8de-6045bdd69435; PORTFOLIO_WAVE3_CREATE_OPERATOR_TASK_FOR_EXTERNAL_MANUAL_STEP:ae68dafa-229e-f111-b8dc-6045bdd69678
W1-126,bc7e1ee0-b389-f111-ab10-000d3a14673b,"Help God, I Am Sad",Cheryl Travis,,,,,,bc7e1ee0-b389-f111-ab10-000d3a14673b,UNTRUSTWORTHY_TIMER,P0_CONNECT_JOURNEY_REGRESSION:b1169f22-dba2-f111-b8de-6045bdd69435; PORTFOLIO_WAVE3_CREATE_OPERATOR_TASK_FOR_EXTERNAL_MANUAL_STEP:6d6ef9f3-229e-f111-b8dc-00224820105b
W1-127,73dea4e3-b389-f111-ab10-6045bdd69435,"Hop, Hop, Hop",Tawana Mars,,,,,,73dea4e3-b389-f111-ab10-6045bdd69435,UNTRUSTWORTHY_TIMER,P0_CONNECT_JOURNEY_REGRESSION:b1169f22-dba2-f111-b8de-6045bdd69435; PORTFOLIO_WAVE3_CREATE_OPERATOR_TASK_FOR_EXTERNAL_MANUAL_STEP:1c00c8ff-229e-f111-b8dc-000d3a14673b
W1-128,1c5c72e0-b389-f111-ab10-7c1e525b15c2,"Hop, Hop, Hop",Tawana Mars,,,,,,1c5c72e0-b389-f111-ab10-7c1e525b15c2,UNTRUSTWORTHY_TIMER,P0_CONNECT_JOURNEY_REGRESSION:b1169f22-dba2-f111-b8de-6045bdd69435; PORTFOLIO_WAVE3_CREATE_OPERATOR_TASK_FOR_EXTERNAL_MANUAL_STEP:94c7fc0b-239e-f111-b8dc-00224820105b
W1-129,564797d0-c27a-f111-ab0f-7c1e525b15c2,"Hop, Hop, Hop",Tawanna Mars,,,,,c2fcf5db-c47a-f111-ab0f-000d3a1a9efa; 97fb08e0-c47a-f111-ab0f-000d3a9eacee,564797d0-c27a-f111-ab0f-7c1e525b15c2,UNTRUSTWORTHY_COMMERCIAL_GATE,P0_CONNECT_JOURNEY_REGRESSION:b1169f22-dba2-f111-b8de-6045bdd69435
W1-130,c0ee73e4-b389-f111-ab10-6045bdd69678,Inner Peace Through Life's Storms,KD Heard,,,,,,c0ee73e4-b389-f111-ab10-6045bdd69678,UNTRUSTWORTHY_TIMER,P0_CONNECT_JOURNEY_REGRESSION:b1169f22-dba2-f111-b8de-6045bdd69435; PORTFOLIO_WAVE3_CREATE_OPERATOR_TASK_FOR_EXTERNAL_MANUAL_STEP:c3f91e02-239e-f111-b8dc-7c1e525b15c2
W1-131,df0f6fd3-c27a-f111-ab0f-6045bdd69435,Inner Peace Through Life's Storms,KD Heard,,,,,270a92ef-c47a-f111-ab0f-6045bdd69435; 2002ddee-c47a-f111-ab0f-7c1e525b15c2,df0f6fd3-c27a-f111-ab0f-6045bdd69435,UNTRUSTWORTHY_COMMERCIAL_GATE,P0_CONNECT_JOURNEY_REGRESSION:b1169f22-dba2-f111-b8de-6045bdd69435
W1-132,61a0a0e0-b389-f111-ab10-6045bdd69738,Inspirations from God,Edith Clay,,,,,,61a0a0e0-b389-f111-ab10-6045bdd69738,UNTRUSTWORTHY_TIMER,P0_CONNECT_JOURNEY_REGRESSION:b1169f22-dba2-f111-b8de-6045bdd69435; PORTFOLIO_WAVE3_CREATE_OPERATOR_TASK_FOR_EXTERNAL_MANUAL_STEP:04962308-239e-f111-b8dc-7c1e525b15c2
W1-133,574797d0-c27a-f111-ab0f-7c1e525b15c2,Just What I Needed,Andrean Young,,,,,b181b9dd-c47a-f111-ab0f-00224820105b; 32578adc-c47a-f111-ab0f-7c1e525b15c2,574797d0-c27a-f111-ab0f-7c1e525b15c2,UNTRUSTWORTHY_COMMERCIAL_GATE,P0_CONNECT_JOURNEY_REGRESSION:b1169f22-dba2-f111-b8de-6045bdd69435
W1-134,665c72e0-b389-f111-ab10-7c1e525b15c2,Let Me Tell You about It,Lisa Clark,,,,,,665c72e0-b389-f111-ab10-7c1e525b15c2,UNTRUSTWORTHY_TIMER,P0_CONNECT_JOURNEY_REGRESSION:b1169f22-dba2-f111-b8de-6045bdd69435; PORTFOLIO_WAVE3_CREATE_OPERATOR_TASK_FOR_EXTERNAL_MANUAL_STEP:7b02520c-239e-f111-b8dc-000d3a14673b
W1-135,955c72e0-b389-f111-ab10-7c1e525b15c2,Loving the Addict,Carolyn Booker-Pierce,,,,,,955c72e0-b389-f111-ab10-7c1e525b15c2,UNTRUSTWORTHY_TIMER,P0_CONNECT_JOURNEY_REGRESSION:b1169f22-dba2-f111-b8de-6045bdd69435; PORTFOLIO_WAVE3_CREATE_OPERATOR_TASK_FOR_EXTERNAL_MANUAL_STEP:3e8aef0c-239e-f111-b8dc-6045bdd69678
W1-136,f9ee73e4-b389-f111-ab10-6045bdd69678,Melodies from Heaven,Bailery Cunningham,,,,,,f9ee73e4-b389-f111-ab10-6045bdd69678,UNTRUSTWORTHY_TIMER,P0_CONNECT_JOURNEY_REGRESSION:b1169f22-dba2-f111-b8de-6045bdd69435; PORTFOLIO_WAVE3_CREATE_OPERATOR_TASK_FOR_EXTERNAL_MANUAL_STEP:d118d806-239e-f111-b8dc-6045bdd69678
W1-137,7edea4e3-b389-f111-ab10-6045bdd69435,Melodies From Heaven,Bailery Cunningham,,,,,,7edea4e3-b389-f111-ab10-6045bdd69435,UNTRUSTWORTHY_TIMER,P0_CONNECT_JOURNEY_REGRESSION:b1169f22-dba2-f111-b8de-6045bdd69435; PORTFOLIO_WAVE3_CREATE_OPERATOR_TASK_FOR_EXTERNAL_MANUAL_STEP:1592f8ff-229e-f111-b8dc-00224820105b
W1-138,fdee73e4-b389-f111-ab10-6045bdd69678,More Than A Village,Carolyn Booker-Pierce,,,,,,fdee73e4-b389-f111-ab10-6045bdd69678,UNTRUSTWORTHY_TIMER,P0_CONNECT_JOURNEY_REGRESSION:b1169f22-dba2-f111-b8de-6045bdd69435; PORTFOLIO_WAVE3_CREATE_OPERATOR_TASK_FOR_EXTERNAL_MANUAL_STEP:a3fbda05-239e-f111-b8dc-000d3a14673b
W1-139,83c2a2e6-b389-f111-ab10-6045bdd69738,Naughty Tales,Jaylonna Stevette,,,,,,83c2a2e6-b389-f111-ab10-6045bdd69738,UNTRUSTWORTHY_TIMER,P0_CONNECT_JOURNEY_REGRESSION:b1169f22-dba2-f111-b8de-6045bdd69435; PORTFOLIO_WAVE3_CREATE_OPERATOR_TASK_FOR_EXTERNAL_MANUAL_STEP:0c19d806-239e-f111-b8dc-6045bdd69678
W1-140,a05f72d0-c27a-f111-ab0f-6045bdd69738,Naughty Tales,Jaylonna Stevette,,,,,db8f78e8-c47a-f111-ab0f-000d3a1a9efa; 1285e8e9-c47a-f111-ab0f-00224820105b,a05f72d0-c27a-f111-ab0f-6045bdd69738,UNTRUSTWORTHY_COMMERCIAL_GATE,P0_CONNECT_JOURNEY_REGRESSION:b1169f22-dba2-f111-b8de-6045bdd69435
W1-141,992156cd-c37a-f111-ab0f-00224820105b,Peaches Can Do It!,Author pending,,,,,3fa105f4-c47a-f111-ab0f-6045bdd69738; 1d02ddee-c47a-f111-ab0f-7c1e525b15c2,992156cd-c37a-f111-ab0f-00224820105b,UNTRUSTWORTHY_COMMERCIAL_GATE,P0_CONNECT_JOURNEY_REGRESSION:b1169f22-dba2-f111-b8de-6045bdd69435
W1-142,f78be1e6-b389-f111-ab10-000d3a14673b,Pretty Wings,Natasha Gilchrest,,,,,,f78be1e6-b389-f111-ab10-000d3a14673b,UNTRUSTWORTHY_TIMER,P0_CONNECT_JOURNEY_REGRESSION:b1169f22-dba2-f111-b8de-6045bdd69435; PORTFOLIO_WAVE3_CREATE_OPERATOR_TASK_FOR_EXTERNAL_MANUAL_STEP:eda9daf4-229e-f111-b8dc-6045bdd69678
W1-143,52e06ae6-b389-f111-ab10-7c1e525b15c2,Pretty Wings,Natasha Gilchrest,,,,,,52e06ae6-b389-f111-ab10-7c1e525b15c2,UNTRUSTWORTHY_TIMER,P0_CONNECT_JOURNEY_REGRESSION:b1169f22-dba2-f111-b8de-6045bdd69435; PORTFOLIO_WAVE3_CREATE_OPERATOR_TASK_FOR_EXTERNAL_MANUAL_STEP:abc7fc0b-239e-f111-b8dc-00224820105b
W1-144,c7a6c7e3-b389-f111-ab10-000d3a9eacee,Rhyming It up with Church Stuff,Juanita Travis,,,,,,c7a6c7e3-b389-f111-ab10-000d3a9eacee,UNTRUSTWORTHY_TIMER,P0_CONNECT_JOURNEY_REGRESSION:b1169f22-dba2-f111-b8de-6045bdd69435; PORTFOLIO_WAVE3_CREATE_OPERATOR_TASK_FOR_EXTERNAL_MANUAL_STEP:ed9e91f9-229e-f111-b8dc-000d3a14673b
W1-145,87c2a2e6-b389-f111-ab10-6045bdd69738,Rhyming It up with Church Stuff,Juanita Travis,,,,,,87c2a2e6-b389-f111-ab10-6045bdd69738,UNTRUSTWORTHY_TIMER,P0_CONNECT_JOURNEY_REGRESSION:b1169f22-dba2-f111-b8de-6045bdd69435; PORTFOLIO_WAVE3_CREATE_OPERATOR_TASK_FOR_EXTERNAL_MANUAL_STEP:0e19d806-239e-f111-b8dc-6045bdd69678
W1-146,d5f603d3-c27a-f111-ab0f-000d3a14673b,Rhyming It up with Church Stuff,Junaita Travis,,,,,1902ddee-c47a-f111-ab0f-7c1e525b15c2; 1a02ddee-c47a-f111-ab0f-7c1e525b15c2,d5f603d3-c27a-f111-ab0f-000d3a14673b,UNTRUSTWORTHY_COMMERCIAL_GATE,P0_CONNECT_JOURNEY_REGRESSION:b1169f22-dba2-f111-b8de-6045bdd69435
W1-147,a01a04cd-c27a-f111-ab0f-000d3a14673b,She,Darlene Carson,,,,,9f6ef3dc-c47a-f111-ab0f-6045bdd69435; 114a4fdb-c47a-f111-ab0f-6045bdd69738,a01a04cd-c27a-f111-ab0f-000d3a14673b,UNTRUSTWORTHY_COMMERCIAL_GATE,P0_CONNECT_JOURNEY_REGRESSION:b1169f22-dba2-f111-b8de-6045bdd69435
W1-148,8a8fefe6-b389-f111-ab10-00224820105b,Speech Therapy Works!,Cynthia Sloan,,,,,,8a8fefe6-b389-f111-ab10-00224820105b,UNTRUSTWORTHY_TIMER,P0_CONNECT_JOURNEY_REGRESSION:b1169f22-dba2-f111-b8de-6045bdd69435; PORTFOLIO_WAVE3_CREATE_OPERATOR_TASK_FOR_EXTERNAL_MANUAL_STEP:1200c8ff-229e-f111-b8dc-000d3a14673b
W1-149,cda6c7e3-b389-f111-ab10-000d3a9eacee,The Celestial Advantage,Obadiah Harris,,,,,,cda6c7e3-b389-f111-ab10-000d3a9eacee,UNTRUSTWORTHY_TIMER,P0_CONNECT_JOURNEY_REGRESSION:b1169f22-dba2-f111-b8de-6045bdd69435; PORTFOLIO_WAVE3_CREATE_OPERATOR_TASK_FOR_EXTERNAL_MANUAL_STEP:bf68dafa-229e-f111-b8dc-6045bdd69678
W1-150,fc8be1e6-b389-f111-ab10-000d3a14673b,The Conquest of Azenga,Iyorwuese Hagher,,,,,,fc8be1e6-b389-f111-ab10-000d3a14673b,UNTRUSTWORTHY_TIMER,P0_CONNECT_JOURNEY_REGRESSION:b1169f22-dba2-f111-b8de-6045bdd69435; PORTFOLIO_WAVE3_CREATE_OPERATOR_TASK_FOR_EXTERNAL_MANUAL_STEP:dd9e91f9-229e-f111-b8dc-000d3a14673b
W1-151,8bdea4e3-b389-f111-ab10-6045bdd69435,The Conquest of Azenga,Iyorwuese Hagher,,,,,,8bdea4e3-b389-f111-ab10-6045bdd69435,UNTRUSTWORTHY_TIMER,P0_CONNECT_JOURNEY_REGRESSION:b1169f22-dba2-f111-b8de-6045bdd69435; PORTFOLIO_WAVE3_CREATE_OPERATOR_TASK_FOR_EXTERNAL_MANUAL_STEP:2292f8ff-229e-f111-b8dc-00224820105b
W1-152,8d8fefe6-b389-f111-ab10-00224820105b,The Doctrine of Last Things,Obadiah Harris,,,,,,8d8fefe6-b389-f111-ab10-00224820105b,UNTRUSTWORTHY_TIMER,P0_CONNECT_JOURNEY_REGRESSION:b1169f22-dba2-f111-b8de-6045bdd69435; PORTFOLIO_WAVE3_CREATE_OPERATOR_TASK_FOR_EXTERNAL_MANUAL_STEP:a791f8ff-229e-f111-b8dc-00224820105b
W1-153,1fef73e4-b389-f111-ab10-6045bdd69678,The Doctrine of Last Things,Obadiah Harris,,,,,,1fef73e4-b389-f111-ab10-6045bdd69678,UNTRUSTWORTHY_TIMER,P0_CONNECT_JOURNEY_REGRESSION:b1169f22-dba2-f111-b8de-6045bdd69435; PORTFOLIO_WAVE3_CREATE_OPERATOR_TASK_FOR_EXTERNAL_MANUAL_STEP:dcccf405-239e-f111-b8dc-00224820105b
W1-154,f96286cf-c37a-f111-ab0f-000d3a14673b,The Doctrine of Last Things,Author pending,,,,,f89680e2-c47a-f111-ab0f-6045bdd69678; fb9680e2-c47a-f111-ab0f-6045bdd69678,f96286cf-c37a-f111-ab0f-000d3a14673b,UNTRUSTWORTHY_COMMERCIAL_GATE,P0_CONNECT_JOURNEY_REGRESSION:b1169f22-dba2-f111-b8de-6045bdd69435
W1-155,b67835ca-c37a-f111-ab0f-6045bdd69678,"The Essence of Life, Love Letters to Christ",Author pending,,,,,398d52cf-c47a-f111-ab0f-6045bdd69738; 3d8d52cf-c47a-f111-ab0f-6045bdd69738,b67835ca-c37a-f111-ab0f-6045bdd69678,UNTRUSTWORTHY_COMMERCIAL_GATE,P0_CONNECT_JOURNEY_REGRESSION:b1169f22-dba2-f111-b8de-6045bdd69435
W1-156,fd8be1e6-b389-f111-ab10-000d3a14673b,The Fight for the Promiseland,Cheryl Cook,,,,,,fd8be1e6-b389-f111-ab10-000d3a14673b,UNTRUSTWORTHY_TIMER,P0_CONNECT_JOURNEY_REGRESSION:b1169f22-dba2-f111-b8de-6045bdd69435; PORTFOLIO_WAVE3_CREATE_OPERATOR_TASK_FOR_EXTERNAL_MANUAL_STEP:5a741af6-229e-f111-b8dc-7c1e525b15c2
W1-157,8cc2a2e6-b389-f111-ab10-6045bdd69738,The Flame,Dennis Brown,,,,,,8cc2a2e6-b389-f111-ab10-6045bdd69738,UNTRUSTWORTHY_TIMER,P0_CONNECT_JOURNEY_REGRESSION:b1169f22-dba2-f111-b8de-6045bdd69435; PORTFOLIO_WAVE3_CREATE_OPERATOR_TASK_FOR_EXTERNAL_MANUAL_STEP:06962308-239e-f111-b8dc-7c1e525b15c2
W1-158,968fefe6-b389-f111-ab10-00224820105b,The I Am in Me,Tekisha Wimbush,,,,,,968fefe6-b389-f111-ab10-00224820105b,UNTRUSTWORTHY_TIMER,P0_CONNECT_JOURNEY_REGRESSION:b1169f22-dba2-f111-b8de-6045bdd69435; PORTFOLIO_WAVE3_CREATE_OPERATOR_TASK_FOR_EXTERNAL_MANUAL_STEP:1600c8ff-229e-f111-b8dc-000d3a14673b
W1-159,e8c1cae9-b389-f111-ab10-6045bdd69435,The I Am in Me,Tekisha Wimbush,,,,,,e8c1cae9-b389-f111-ab10-6045bdd69435,UNTRUSTWORTHY_TIMER,P0_CONNECT_JOURNEY_REGRESSION:b1169f22-dba2-f111-b8de-6045bdd69435; PORTFOLIO_WAVE3_CREATE_OPERATOR_TASK_FOR_EXTERNAL_MANUAL_STEP:1f00c8ff-229e-f111-b8dc-000d3a14673b
W1-160,0b6386cf-c37a-f111-ab0f-000d3a14673b,The I Am in Me,Author pending,,,,,9a9b5ee2-c47a-f111-ab0f-000d3a1a9efa; 049780e2-c47a-f111-ab0f-6045bdd69678,0b6386cf-c37a-f111-ab0f-000d3a14673b,UNTRUSTWORTHY_COMMERCIAL_GATE,P0_CONNECT_JOURNEY_REGRESSION:b1169f22-dba2-f111-b8de-6045bdd69435
W1-161,e9c1cae9-b389-f111-ab10-6045bdd69435,The I Am in Me Part 2,Tekisha Wimbush,,,,,,e9c1cae9-b389-f111-ab10-6045bdd69435,UNTRUSTWORTHY_TIMER,P0_CONNECT_JOURNEY_REGRESSION:b1169f22-dba2-f111-b8de-6045bdd69435; PORTFOLIO_WAVE3_CREATE_OPERATOR_TASK_FOR_EXTERNAL_MANUAL_STEP:2000c8ff-229e-f111-b8dc-000d3a14673b
W1-162,8fc2a2e6-b389-f111-ab10-6045bdd69738,The I Am in Me Part 2,Tekisha Wimbush,,,,,,8fc2a2e6-b389-f111-ab10-6045bdd69738,UNTRUSTWORTHY_TIMER,P0_CONNECT_JOURNEY_REGRESSION:b1169f22-dba2-f111-b8de-6045bdd69435; PORTFOLIO_WAVE3_CREATE_OPERATOR_TASK_FOR_EXTERNAL_MANUAL_STEP:6b02520c-239e-f111-b8dc-000d3a14673b
W1-163,3d37c9d0-c37a-f111-ab0f-6045bdd69678,The I Am in Me Part 2,Author pending,,,,,bfab58e1-c47a-f111-ab0f-6045bdd69738; 2bdddfe2-c47a-f111-ab0f-7c1e525b15c2,3d37c9d0-c37a-f111-ab0f-6045bdd69678,UNTRUSTWORTHY_COMMERCIAL_GATE,P0_CONNECT_JOURNEY_REGRESSION:b1169f22-dba2-f111-b8de-6045bdd69435
W1-164,0b2ac7e9-b389-f111-ab10-000d3a9eacee,The Journey,Rosetta Perry,,,,,,0b2ac7e9-b389-f111-ab10-000d3a9eacee,UNTRUSTWORTHY_TIMER,P0_CONNECT_JOURNEY_REGRESSION:b1169f22-dba2-f111-b8de-6045bdd69435; PORTFOLIO_WAVE3_CREATE_OPERATOR_TASK_FOR_EXTERNAL_MANUAL_STEP:f09e91f9-229e-f111-b8dc-000d3a14673b
W1-165,18e01ad3-c27a-f111-ab0f-6045bdd69678,The Little Girl with the Plow,Chistina Chislom,,,,,,18e01ad3-c27a-f111-ab0f-6045bdd69678,UNTRUSTWORTHY_COMMERCIAL_GATE,P0_CONNECT_JOURNEY_REGRESSION:b1169f22-dba2-f111-b8de-6045bdd69435
W1-166,978fefe6-b389-f111-ab10-00224820105b,The Little Girl with the Plow!,Christina Chislom,,,,,,978fefe6-b389-f111-ab10-00224820105b,UNTRUSTWORTHY_TIMER,P0_CONNECT_JOURNEY_REGRESSION:b1169f22-dba2-f111-b8de-6045bdd69435; PORTFOLIO_WAVE3_CREATE_OPERATOR_TASK_FOR_EXTERNAL_MANUAL_STEP:b291f8ff-229e-f111-b8dc-00224820105b
W1-167,95e16ae6-b389-f111-ab10-7c1e525b15c2,The Little Girl with the Plow!,Christina Chislom,,,,,,95e16ae6-b389-f111-ab10-7c1e525b15c2,UNTRUSTWORTHY_TIMER,P0_CONNECT_JOURNEY_REGRESSION:b1169f22-dba2-f111-b8de-6045bdd69435; PORTFOLIO_WAVE3_CREATE_OPERATOR_TASK_FOR_EXTERNAL_MANUAL_STEP:7d02520c-239e-f111-b8dc-000d3a14673b
W1-168,a12556cd-c37a-f111-ab0f-00224820105b,The Little Girl with the Plow!,Author pending,,,,,4726bee3-c47a-f111-ab0f-00224820105b; 15dddfe2-c47a-f111-ab0f-7c1e525b15c2,a12556cd-c37a-f111-ab0f-00224820105b,UNTRUSTWORTHY_COMMERCIAL_GATE,P0_CONNECT_JOURNEY_REGRESSION:b1169f22-dba2-f111-b8de-6045bdd69435
W1-169,8f5f72d0-c27a-f111-ab0f-6045bdd69738,The Never Before Told Story of the Gelatin Monster,Nicky Williams,,,,,4d2ebee3-c47a-f111-ab0f-00224820105b; 3ddddfe2-c47a-f111-ab0f-7c1e525b15c2,8f5f72d0-c27a-f111-ab0f-6045bdd69738,UNTRUSTWORTHY_COMMERCIAL_GATE,P0_CONNECT_JOURNEY_REGRESSION:b1169f22-dba2-f111-b8de-6045bdd69435
W1-170,06c2cae9-b389-f111-ab10-6045bdd69435,The Paper Champ,Felix Catheline,,,,,,06c2cae9-b389-f111-ab10-6045bdd69435,UNTRUSTWORTHY_TIMER,P0_CONNECT_JOURNEY_REGRESSION:b1169f22-dba2-f111-b8de-6045bdd69435; PORTFOLIO_WAVE3_CREATE_OPERATOR_TASK_FOR_EXTERNAL_MANUAL_STEP:3592f8ff-229e-f111-b8dc-00224820105b
W1-171,3ee961cd-c37a-f111-ab0f-7c1e525b15c2,What Goes up Must Come down Let's Face It,Author pending,,,,,7f9b5ee2-c47a-f111-ab0f-000d3a1a9efa; 4e402ce3-c47a-f111-ab0f-6045bdd69435,3ee961cd-c37a-f111-ab0f-7c1e525b15c2,UNTRUSTWORTHY_COMMERCIAL_GATE,P0_CONNECT_JOURNEY_REGRESSION:b1169f22-dba2-f111-b8de-6045bdd69435
W1-172,1b2ac7e9-b389-f111-ab10-000d3a9eacee,You're Still Not Crazy,Carolyn Booker-Pierce,,,,,,1b2ac7e9-b389-f111-ab10-000d3a9eacee,UNTRUSTWORTHY_TIMER,P0_CONNECT_JOURNEY_REGRESSION:b1169f22-dba2-f111-b8de-6045bdd69435; PORTFOLIO_WAVE3_CREATE_OPERATOR_TASK_FOR_EXTERNAL_MANUAL_STEP:2bf61efc-229e-f111-b8dc-7c1e525b15c2
W1-173,b50f6fd3-c27a-f111-ab0f-6045bdd69435,"Your brain has too much what, mommy",Essence Unique,,,,,,b50f6fd3-c27a-f111-ab0f-6045bdd69435,UNTRUSTWORTHY_COMMERCIAL_GATE,P0_CONNECT_JOURNEY_REGRESSION:b1169f22-dba2-f111-b8de-6045bdd69435
W1-174,236386cf-c37a-f111-ab0f-000d3a14673b,"Your Brain Has Too Much What, Mommy??",Author pending,,,,,da8f78e8-c47a-f111-ab0f-000d3a1a9efa; afcddae8-c47a-f111-ab0f-7c1e525b15c2,236386cf-c37a-f111-ab0f-000d3a14673b,UNTRUSTWORTHY_COMMERCIAL_GATE,P0_CONNECT_JOURNEY_REGRESSION:b1169f22-dba2-f111-b8de-6045bdd69435
W1-175,39515cd9-7a8a-f111-ab10-000d3a1a9efa,JM1 Duplicate Proof 20260727173641,JM1 Duplicate20260727173641,b4c10ec6-e189-f111-ab10-000d3a14673b,,b1ab18bf-e189-f111-ab10-7c1e525b15c2,,da7890db-7a8a-f111-ab10-000d3a14673b,39515cd9-7a8a-f111-ab10-000d3a1a9efa,UNTRUSTWORTHY_COMMERCIAL_GATE,PORTFOLIO_WAVE3_CREATE_OPERATOR_TASK_FOR_EXTERNAL_MANUAL_STEP:9b68dafa-229e-f111-b8dc-6045bdd69678
W1-176,81c81786-4889-f111-ab10-000d3a14673b,JM1 Preview Synthetic Artifact A,JM1 Preview Author A,,,95800c1f-4989-f111-ab10-000d3a9eacee,,e3d7dd90-4989-f111-ab10-00224820105b,81c81786-4889-f111-ab10-000d3a14673b,UNTRUSTWORTHY_COMMERCIAL_GATE,
W1-177,8de10c93-4a89-f111-ab10-7c1e525b15c2,JM1 Preview Synthetic Artifact B,JM1 Preview Author B,,,30e82f6e-4a89-f111-ab10-00224820105b,,33422691-4a89-f111-ab10-6045bdd69435,8de10c93-4a89-f111-ab10-7c1e525b15c2,UNTRUSTWORTHY_COMMERCIAL_GATE,
W1-178,17b02bdb-7a8a-f111-ab10-6045bdd69678,JM1 Synthetic Intake Final Proof 20260727170349,JM1 SyntheticFinal20260727170349,b6f4292d-dd89-f111-ab10-7c1e525b15c2,,1fbe6e28-dd89-f111-ab10-6045bdd69435,,1bb02bdb-7a8a-f111-ab10-6045bdd69678,17b02bdb-7a8a-f111-ab10-6045bdd69678,UNTRUSTWORTHY_COMMERCIAL_GATE,PORTFOLIO_WAVE3_CREATE_OPERATOR_TASK_FOR_EXTERNAL_MANUAL_STEP:adfbda05-239e-f111-b8dc-000d3a14673b
W1-179,14b02bdb-7a8a-f111-ab10-6045bdd69678,JM1 Synthetic Intake Final Proof 20260727172010,JM1 SyntheticFinal20260727172010,8bfe3c7e-df89-f111-ab10-000d3a9eacee,,02d84978-df89-f111-ab10-00224820105b,,a47d87da-7a8a-f111-ab10-000d3a9eacee,14b02bdb-7a8a-f111-ab10-6045bdd69678,UNTRUSTWORTHY_COMMERCIAL_GATE,PORTFOLIO_WAVE3_CREATE_OPERATOR_TASK_FOR_EXTERNAL_MANUAL_STEP:da18d806-239e-f111-b8dc-6045bdd69678
W1-180,f2af2bdb-7a8a-f111-ab10-6045bdd69678,JM1 Synthetic Intake Restored Proof 20260727173332,JM1 SyntheticRestored20260727173332,17a34853-e189-f111-ab10-6045bdd69678,,e8e3e353-e189-f111-ab0f-70a8a58dd8b8,,3c515cd9-7a8a-f111-ab10-000d3a1a9efa,f2af2bdb-7a8a-f111-ab10-6045bdd69678,UNTRUSTWORTHY_COMMERCIAL_GATE,PORTFOLIO_WAVE3_CREATE_OPERATOR_TASK_FOR_EXTERNAL_MANUAL_STEP:fbccf405-239e-f111-b8dc-00224820105b
W1-181,7a8102e6-698b-f111-ab10-7c1e525b15c2,GATE-W1 App Service Staging DOCX Join 1785342161378,Gate W1 Docx Synthetic,fb3174bb-698b-f111-ab10-7c1e525b15c2,,ba774abb-698b-f111-ab10-6045bdd69738,,048986e5-698b-f111-ab0f-7ced8dce6fda,7a8102e6-698b-f111-ab10-7c1e525b15c2,UNTRUSTWORTHY_COMMERCIAL_GATE,PORTFOLIO_WAVE3_CREATE_OPERATOR_TASK_FOR_EXTERNAL_MANUAL_STEP:8302520c-239e-f111-b8dc-000d3a14673b
W1-182,11590673-6a8b-f111-ab10-7c1e525b15c2,GATE-W1 App Service Staging Long DOCX Join 1785342346355,Gate W1 Long Docx Synthetic,aaf48125-6a8b-f111-ab10-00224820105b,,6f7b6c25-6a8b-f111-ab10-000d3a14673b,,7682a975-6a8b-f111-ab10-000d3a14673b,11590673-6a8b-f111-ab10-7c1e525b15c2,UNTRUSTWORTHY_COMMERCIAL_GATE,PORTFOLIO_WAVE3_CREATE_OPERATOR_TASK_FOR_EXTERNAL_MANUAL_STEP:8402520c-239e-f111-b8dc-000d3a14673b
W1-183,a31f2e58-698b-f111-ab0f-7ced8dce6fda,GATE-W1 App Service Staging Multipart Join 1785341972350,Gate W1 Multipart Synthetic,0e117451-698b-f111-ab0f-7ced8dce6fda,,fbab2245-698b-f111-ab10-7c1e525b15c2,,895f8856-698b-f111-ab10-00224820105b,a31f2e58-698b-f111-ab0f-7ced8dce6fda,UNTRUSTWORTHY_COMMERCIAL_GATE,PORTFOLIO_WAVE3_CREATE_OPERATOR_TASK_FOR_EXTERNAL_MANUAL_STEP:598aef0c-239e-f111-b8dc-6045bdd69678
W1-184,8bcc42c8-688b-f111-ab10-7c1e525b15c2,GATE-W1 App Service Staging Positive Join 1785341427544,Gate W1 Join Synthetic,c9f0e789-688b-f111-ab0f-7ced8dce6fda,,6d7d4e85-688b-f111-ab10-6045bdd69435,,72dfdec4-688b-f111-ab0f-7ced8dce6fda,8bcc42c8-688b-f111-ab10-7c1e525b15c2,UNTRUSTWORTHY_COMMERCIAL_GATE,PORTFOLIO_WAVE3_CREATE_OPERATOR_TASK_FOR_EXTERNAL_MANUAL_STEP:8202520c-239e-f111-b8dc-000d3a14673b
W1-185,7f9b991c-418b-f111-ab10-7c1e525b15c2,GATE-W1 Synthetic Certification Manuscript 20260729,Gate W1 Synthetic,8812feed-408b-f111-ab10-6045bdd69678,,eca2c9e7-408b-f111-ab10-6045bdd69738,,b6962c1a-418b-f111-ab10-6045bdd69435,7f9b991c-418b-f111-ab10-7c1e525b15c2,UNTRUSTWORTHY_COMMERCIAL_GATE,PORTFOLIO_WAVE3_CREATE_OPERATOR_TASK_FOR_EXTERNAL_MANUAL_STEP:c8b5410f-239e-f111-b8dc-7c1e525b15c2
W1-186,48e831f0-418b-f111-ab10-000d3a1a9efa,GATE-W1 Synthetic Recommendation Manuscript 20260729,Gate W1 Synthetic,8b2a87d4-418b-f111-ab10-000d3a1a9efa,,be5b0fd1-418b-f111-ab10-6045bdd69435,,532a4df4-418b-f111-ab10-7c1e525b15c2,48e831f0-418b-f111-ab10-000d3a1a9efa,UNTRUSTWORTHY_COMMERCIAL_GATE,
W1-187,f79006b7-f595-f111-8076-00224820105b,'TIL DEATH DO US PART,"Jackie Smith, Jr.",d38aa56a-882a-f111-88b4-6045bdd69678,1f0188ca-71a5-f111-b8de-7c1e525b15c2,383b6d6c-f595-f111-8076-7c1e525b15c2,11cdec24-b596-f111-8076-7c1e525b15c2,fb9006b7-f595-f111-8076-00224820105b,f79006b7-f595-f111-8076-00224820105b; 11cdec24-b596-f111-8076-7c1e525b15c2,UNTRUSTWORTHY_COMMERCIAL_GATE,PACKAGE_SELECTED | Generated
W1-188,ca68c994-fd89-f111-ab10-00224820105b,Untitled,Atta Boateng,46a4cc9c-778a-f111-ab10-7c1e525b15c2,,f7cdb78b-778a-f111-ab10-6045bdd69678,131da28b-919c-f111-b8dc-6045bdd69435,6ffd6b96-fd89-f111-ab10-7c1e525b15c2,ca68c994-fd89-f111-ab10-00224820105b; 131da28b-919c-f111-b8dc-6045bdd69435,UNTRUSTWORTHY_EDITORIAL_GATE,PACKAGE_SELECTED | 5d13c2f1-ad9d-f111-b8dc-6045bdd69678 | Paid Confirmed; 2026-08-21T16:35:16Z
W1-189,d8e69bd7-b389-f111-ab10-6045bdd69435,27 Days to Overcoming Depression,Donjia Walls,,,,,,d8e69bd7-b389-f111-ab10-6045bdd69435,UNTRUSTWORTHY_TIMER,P0_CONNECT_JOURNEY_REGRESSION:b1169f22-dba2-f111-b8de-6045bdd69435; PORTFOLIO_WAVE3_CREATE_OPERATOR_TASK_FOR_EXTERNAL_MANUAL_STEP:cf91f8ff-229e-f111-b8dc-00224820105b
W1-190,dee69bd7-b389-f111-ab10-6045bdd69435,365 Days Of Transparency,Daphanny Baker,,,,,,dee69bd7-b389-f111-ab10-6045bdd69435,UNTRUSTWORTHY_TIMER,P0_CONNECT_JOURNEY_REGRESSION:b1169f22-dba2-f111-b8de-6045bdd69435; PORTFOLIO_WAVE3_CREATE_OPERATOR_TASK_FOR_EXTERNAL_MANUAL_STEP:f846d600-239e-f111-b8dc-6045bdd69678
W1-191,4b9a11da-b389-f111-ab10-6045bdd69738,A Blended Family,Shecara Norris,,,,,,4b9a11da-b389-f111-ab10-6045bdd69738,UNTRUSTWORTHY_TIMER,P0_CONNECT_JOURNEY_REGRESSION:b1169f22-dba2-f111-b8de-6045bdd69435; PORTFOLIO_WAVE3_CREATE_OPERATOR_TASK_FOR_EXTERNAL_MANUAL_STEP:b1fbda05-239e-f111-b8dc-000d3a14673b
W1-192,f47d1ada-b389-f111-ab10-7c1e525b15c2,A Blended Family,Shecara Norris,,,,,,f47d1ada-b389-f111-ab10-7c1e525b15c2,UNTRUSTWORTHY_TIMER,P0_CONNECT_JOURNEY_REGRESSION:b1169f22-dba2-f111-b8de-6045bdd69435; PORTFOLIO_WAVE3_CREATE_OPERATOR_TASK_FOR_EXTERNAL_MANUAL_STEP:54c7fc0b-239e-f111-b8dc-00224820105b
W1-193,9fe382d8-b389-f111-ab10-6045bdd69678,A Little Bit of Everything,Eryonna Barrino,,,,,,9fe382d8-b389-f111-ab10-6045bdd69678,UNTRUSTWORTHY_TIMER,P0_CONNECT_JOURNEY_REGRESSION:b1169f22-dba2-f111-b8de-6045bdd69435; PORTFOLIO_WAVE3_CREATE_OPERATOR_TASK_FOR_EXTERNAL_MANUAL_STEP:c1f91e02-239e-f111-b8dc-7c1e525b15c2
W1-194,a3e382d8-b389-f111-ab10-6045bdd69678,A Little Bit of Everything,Eryonna Barrino,,,,,,a3e382d8-b389-f111-ab10-6045bdd69678,UNTRUSTWORTHY_TIMER,P0_CONNECT_JOURNEY_REGRESSION:b1169f22-dba2-f111-b8de-6045bdd69435; PORTFOLIO_WAVE3_CREATE_OPERATOR_TASK_FOR_EXTERNAL_MANUAL_STEP:bc18d806-239e-f111-b8dc-6045bdd69678
W1-195,abe382d8-b389-f111-ab10-6045bdd69678,A Principal's Tale,Shelley McIntosh,,,,,,abe382d8-b389-f111-ab10-6045bdd69678,UNTRUSTWORTHY_TIMER,P0_CONNECT_JOURNEY_REGRESSION:b1169f22-dba2-f111-b8de-6045bdd69435; PORTFOLIO_WAVE3_CREATE_OPERATOR_TASK_FOR_EXTERNAL_MANUAL_STEP:a0fbda05-239e-f111-b8dc-000d3a14673b
W1-196,509a11da-b389-f111-ab10-6045bdd69738,According to Mark,Alice Pryor,,,,,,509a11da-b389-f111-ab10-6045bdd69738,UNTRUSTWORTHY_TIMER,P0_CONNECT_JOURNEY_REGRESSION:b1169f22-dba2-f111-b8de-6045bdd69435; PORTFOLIO_WAVE3_CREATE_OPERATOR_TASK_FOR_EXTERNAL_MANUAL_STEP:ea18d806-239e-f111-b8dc-6045bdd69678
W1-197,2754a0dd-b389-f111-ab10-6045bdd69435,According to Mark,Alice Pryor,,,,,,2754a0dd-b389-f111-ab10-6045bdd69435,UNTRUSTWORTHY_TIMER,P0_CONNECT_JOURNEY_REGRESSION:b1169f22-dba2-f111-b8de-6045bdd69435; PORTFOLIO_WAVE3_CREATE_OPERATOR_TASK_FOR_EXTERNAL_MANUAL_STEP:1a00c8ff-229e-f111-b8dc-000d3a14673b
W1-198,f87d1ada-b389-f111-ab10-7c1e525b15c2,According to Mark,Alice Pryor,,,,,,f87d1ada-b389-f111-ab10-7c1e525b15c2,UNTRUSTWORTHY_TIMER,P0_CONNECT_JOURNEY_REGRESSION:b1169f22-dba2-f111-b8de-6045bdd69435; PORTFOLIO_WAVE3_CREATE_OPERATOR_TASK_FOR_EXTERNAL_MANUAL_STEP:1d8aef0c-239e-f111-b8dc-6045bdd69678
W1-199,549a11da-b389-f111-ab10-6045bdd69738,Are You Sure That You Are Ready?,Ericka Thornton,,,,,,549a11da-b389-f111-ab10-6045bdd69738,UNTRUSTWORTHY_TIMER,P0_CONNECT_JOURNEY_REGRESSION:b1169f22-dba2-f111-b8de-6045bdd69435; PORTFOLIO_WAVE3_CREATE_OPERATOR_TASK_FOR_EXTERNAL_MANUAL_STEP:02962308-239e-f111-b8dc-7c1e525b15c2
W1-200,a60402da-b389-f111-ab10-000d3a14673b,BEE Careful,Deborah Eiland,,,,,,a60402da-b389-f111-ab10-000d3a14673b,UNTRUSTWORTHY_TIMER,P0_CONNECT_JOURNEY_REGRESSION:b1169f22-dba2-f111-b8de-6045bdd69435; PORTFOLIO_WAVE3_CREATE_OPERATOR_TASK_FOR_EXTERNAL_MANUAL_STEP:e03c43f3-229e-f111-b8dc-000d3a14673b
W1-201,04dac7dd-b389-f111-ab10-000d3a9eacee,BEE Careful,Deborah Eiland,,,,,,04dac7dd-b389-f111-ab10-000d3a9eacee,UNTRUSTWORTHY_TIMER,P0_CONNECT_JOURNEY_REGRESSION:b1169f22-dba2-f111-b8de-6045bdd69435; PORTFOLIO_WAVE3_CREATE_OPERATOR_TASK_FOR_EXTERNAL_MANUAL_STEP:6c52f4f9-229e-f111-b8dc-00224820105b
W1-202,06dac7dd-b389-f111-ab10-000d3a9eacee,BEE Careful,Deborah Eiland,,,,,,06dac7dd-b389-f111-ab10-000d3a9eacee,UNTRUSTWORTHY_TIMER,P0_CONNECT_JOURNEY_REGRESSION:b1169f22-dba2-f111-b8de-6045bdd69435; PORTFOLIO_WAVE3_CREATE_OPERATOR_TASK_FOR_EXTERNAL_MANUAL_STEP:7152f4f9-229e-f111-b8dc-00224820105b
W1-203,079c7bde-b389-f111-ab10-6045bdd69678,BEE Careful,Deborah Eiland,,,,,,079c7bde-b389-f111-ab10-6045bdd69678,UNTRUSTWORTHY_TIMER,P0_CONNECT_JOURNEY_REGRESSION:b1169f22-dba2-f111-b8de-6045bdd69435; PORTFOLIO_WAVE3_CREATE_OPERATOR_TASK_FOR_EXTERNAL_MANUAL_STEP:a1fbda05-239e-f111-b8dc-000d3a14673b
W1-204,559a11da-b389-f111-ab10-6045bdd69738,BEE Careful,Deborah Eiland,,,,,,559a11da-b389-f111-ab10-6045bdd69738,UNTRUSTWORTHY_TIMER,P0_CONNECT_JOURNEY_REGRESSION:b1169f22-dba2-f111-b8de-6045bdd69435; PORTFOLIO_WAVE3_CREATE_OPERATOR_TASK_FOR_EXTERNAL_MANUAL_STEP:1ecdf405-239e-f111-b8dc-00224820105b
W1-205,569a11da-b389-f111-ab10-6045bdd69738,Biblical Prescriptions For Life's Troubles,Terry Stephens,,,,,,569a11da-b389-f111-ab10-6045bdd69738,UNTRUSTWORTHY_TIMER,P0_CONNECT_JOURNEY_REGRESSION:b1169f22-dba2-f111-b8de-6045bdd69435; PORTFOLIO_WAVE3_CREATE_OPERATOR_TASK_FOR_EXTERNAL_MANUAL_STEP:b3fbda05-239e-f111-b8dc-000d3a14673b
W1-206,07dac7dd-b389-f111-ab10-000d3a9eacee,Bodacious,Nathaniel Short,,,,,,07dac7dd-b389-f111-ab10-000d3a9eacee,UNTRUSTWORTHY_TIMER,P0_CONNECT_JOURNEY_REGRESSION:b1169f22-dba2-f111-b8de-6045bdd69435; PORTFOLIO_WAVE3_CREATE_OPERATOR_TASK_FOR_EXTERNAL_MANUAL_STEP:9b741af6-229e-f111-b8dc-7c1e525b15c2
W1-207,943582da-b389-f111-ab10-00224820105b,Conquer Your Fears and Win,Gloria Patterson,,,,,,943582da-b389-f111-ab10-00224820105b,UNTRUSTWORTHY_TIMER,P0_CONNECT_JOURNEY_REGRESSION:b1169f22-dba2-f111-b8de-6045bdd69435; PORTFOLIO_WAVE3_CREATE_OPERATOR_TASK_FOR_EXTERNAL_MANUAL_STEP:0c53f4f9-229e-f111-b8dc-00224820105b
W1-208,139c7bde-b389-f111-ab10-6045bdd69678,Conquer Your Fears and Win,Gloria Patterson,,,,,,139c7bde-b389-f111-ab10-6045bdd69678,UNTRUSTWORTHY_TIMER,P0_CONNECT_JOURNEY_REGRESSION:b1169f22-dba2-f111-b8de-6045bdd69435; PORTFOLIO_WAVE3_CREATE_OPERATOR_TASK_FOR_EXTERNAL_MANUAL_STEP:c418d806-239e-f111-b8dc-6045bdd69678
W1-209,af7e1ee0-b389-f111-ab10-000d3a14673b,Destined to Break the Curse,"Sean Smith, Sr.",,,,,,af7e1ee0-b389-f111-ab10-000d3a14673b,UNTRUSTWORTHY_TIMER,P0_CONNECT_JOURNEY_REGRESSION:b1169f22-dba2-f111-b8de-6045bdd69435; PORTFOLIO_WAVE3_CREATE_OPERATOR_TASK_FOR_EXTERNAL_MANUAL_STEP:daa9daf4-229e-f111-b8dc-6045bdd69678
W1-210,3654a0dd-b389-f111-ab10-6045bdd69435,Destined To Break The Curse Devotional,"Sean Smith, Sr.",,,,,,3654a0dd-b389-f111-ab10-6045bdd69435,UNTRUSTWORTHY_TIMER,P0_CONNECT_JOURNEY_REGRESSION:b1169f22-dba2-f111-b8de-6045bdd69435; PORTFOLIO_WAVE3_CREATE_OPERATOR_TASK_FOR_EXTERNAL_MANUAL_STEP:0d47d600-239e-f111-b8dc-6045bdd69678
W1-211,b17e1ee0-b389-f111-ab10-000d3a14673b,Discipline and Direction,Terry Stephens,,,,,,b17e1ee0-b389-f111-ab10-000d3a14673b,UNTRUSTWORTHY_TIMER,P0_CONNECT_JOURNEY_REGRESSION:b1169f22-dba2-f111-b8de-6045bdd69435; PORTFOLIO_WAVE3_CREATE_OPERATOR_TASK_FOR_EXTERNAL_MANUAL_STEP:426ef9f3-229e-f111-b8dc-00224820105b
W1-212,b27e1ee0-b389-f111-ab10-000d3a14673b,Divinely Inspired,Regina Scales,,,,,,b27e1ee0-b389-f111-ab10-000d3a14673b,UNTRUSTWORTHY_TIMER,P0_CONNECT_JOURNEY_REGRESSION:b1169f22-dba2-f111-b8de-6045bdd69435; PORTFOLIO_WAVE3_CREATE_OPERATOR_TASK_FOR_EXTERNAL_MANUAL_STEP:e43c43f3-229e-f111-b8dc-000d3a14673b
W1-213,15dac7dd-b389-f111-ab10-000d3a9eacee,Divinely Inspired,Regina Scales,,,,,,15dac7dd-b389-f111-ab10-000d3a9eacee,UNTRUSTWORTHY_TIMER,P0_CONNECT_JOURNEY_REGRESSION:b1169f22-dba2-f111-b8de-6045bdd69435; PORTFOLIO_WAVE3_CREATE_OPERATOR_TASK_FOR_EXTERNAL_MANUAL_STEP:eb9e91f9-229e-f111-b8dc-000d3a14673b
W1-214,5154a0dd-b389-f111-ab10-6045bdd69435,"Focus, Trust, & Follow",Shana Byrd,,,,,,5154a0dd-b389-f111-ab10-6045bdd69435,UNTRUSTWORTHY_TIMER,P0_CONNECT_JOURNEY_REGRESSION:b1169f22-dba2-f111-b8de-6045bdd69435; PORTFOLIO_WAVE3_CREATE_OPERATOR_TASK_FOR_EXTERNAL_MANUAL_STEP:f591f8ff-229e-f111-b8dc-00224820105b
W1-215,b67e1ee0-b389-f111-ab10-000d3a14673b,From Stylist to CEO,Karen Hill,,,,,,b67e1ee0-b389-f111-ab10-000d3a14673b,UNTRUSTWORTHY_TIMER,P0_CONNECT_JOURNEY_REGRESSION:b1169f22-dba2-f111-b8de-6045bdd69435; PORTFOLIO_WAVE3_CREATE_OPERATOR_TASK_FOR_EXTERNAL_MANUAL_STEP:4d741af6-229e-f111-b8dc-7c1e525b15c2
W1-216,1d4097e0-b389-f111-ab10-00224820105b,From Stylist to CEO,Karen Hill,,,,,,1d4097e0-b389-f111-ab10-00224820105b,UNTRUSTWORTHY_TIMER,P0_CONNECT_JOURNEY_REGRESSION:b1169f22-dba2-f111-b8de-6045bdd69435; PORTFOLIO_WAVE3_CREATE_OPERATOR_TASK_FOR_EXTERNAL_MANUAL_STEP:1d53f4f9-229e-f111-b8dc-00224820105b
W1-217,24e01ad3-c27a-f111-ab0f-6045bdd69678,From Stylist to CEO,Karen Hill,,,,,78fcf8ee-c47a-f111-ab0f-000d3a14673b; 090a92ef-c47a-f111-ab0f-6045bdd69435; 0c0a92ef-c47a-f111-ab0f-6045bdd69435,24e01ad3-c27a-f111-ab0f-6045bdd69678,UNTRUSTWORTHY_COMMERCIAL_GATE,P0_CONNECT_JOURNEY_REGRESSION:b1169f22-dba2-f111-b8de-6045bdd69435
W1-218,57a0a0e0-b389-f111-ab10-6045bdd69738,God’s Business Plan,Terry Stephens,,,,,,57a0a0e0-b389-f111-ab10-6045bdd69738,UNTRUSTWORTHY_TIMER,P0_CONNECT_JOURNEY_REGRESSION:b1169f22-dba2-f111-b8de-6045bdd69435; PORTFOLIO_WAVE3_CREATE_OPERATOR_TASK_FOR_EXTERNAL_MANUAL_STEP:32cdf405-239e-f111-b8dc-00224820105b
W1-219,58a0a0e0-b389-f111-ab10-6045bdd69738,God’s Business Plan,Terry Stephens,,,,,,58a0a0e0-b389-f111-ab10-6045bdd69738,UNTRUSTWORTHY_TIMER,P0_CONNECT_JOURNEY_REGRESSION:b1169f22-dba2-f111-b8de-6045bdd69435; PORTFOLIO_WAVE3_CREATE_OPERATOR_TASK_FOR_EXTERNAL_MANUAL_STEP:03962308-239e-f111-b8dc-7c1e525b15c2
W1-220,6b54a0dd-b389-f111-ab10-6045bdd69435,God's Word for This World,Thomas Johnson,,,,,,6b54a0dd-b389-f111-ab10-6045bdd69435,UNTRUSTWORTHY_TIMER,P0_CONNECT_JOURNEY_REGRESSION:b1169f22-dba2-f111-b8de-6045bdd69435; PORTFOLIO_WAVE3_CREATE_OPERATOR_TASK_FOR_EXTERNAL_MANUAL_STEP:b7f91e02-239e-f111-b8dc-7c1e525b15c2
W1-221,cd5b72e0-b389-f111-ab10-7c1e525b15c2,God's Word For This World,Thomas Johnson,,,,,,cd5b72e0-b389-f111-ab10-7c1e525b15c2,UNTRUSTWORTHY_TIMER,P0_CONNECT_JOURNEY_REGRESSION:b1169f22-dba2-f111-b8de-6045bdd69435; PORTFOLIO_WAVE3_CREATE_OPERATOR_TASK_FOR_EXTERNAL_MANUAL_STEP:c3b5410f-239e-f111-b8dc-7c1e525b15c2
W1-222,294097e0-b389-f111-ab10-00224820105b,Grandmothers Educating Minds,Toni Kleckley,,,,,,294097e0-b389-f111-ab10-00224820105b,UNTRUSTWORTHY_TIMER,P0_CONNECT_JOURNEY_REGRESSION:b1169f22-dba2-f111-b8de-6045bdd69435; PORTFOLIO_WAVE3_CREATE_OPERATOR_TASK_FOR_EXTERNAL_MANUAL_STEP:33f61efc-229e-f111-b8dc-7c1e525b15c2
W1-223,59a0a0e0-b389-f111-ab10-6045bdd69738,Grandmothers Educating Minds,Toni Kleckley,,,,,,59a0a0e0-b389-f111-ab10-6045bdd69738,UNTRUSTWORTHY_TIMER,P0_CONNECT_JOURNEY_REGRESSION:b1169f22-dba2-f111-b8de-6045bdd69435; PORTFOLIO_WAVE3_CREATE_OPERATOR_TASK_FOR_EXTERNAL_MANUAL_STEP:fe18d806-239e-f111-b8dc-6045bdd69678
W1-224,9a8904ca-c27a-f111-ab0f-6045bdd69738,"Grandmothers Educating Minds, 2nd Edition",Toni Kleckley,,,,,,9a8904ca-c27a-f111-ab0f-6045bdd69738,UNTRUSTWORTHY_COMMERCIAL_GATE,P0_CONNECT_JOURNEY_REGRESSION:b1169f22-dba2-f111-b8de-6045bdd69435
W1-225,bd7e1ee0-b389-f111-ab10-000d3a14673b,Hodge Podge of Life,Mildred Beard,,,,,,bd7e1ee0-b389-f111-ab10-000d3a14673b,UNTRUSTWORTHY_TIMER,P0_CONNECT_JOURNEY_REGRESSION:b1169f22-dba2-f111-b8de-6045bdd69435; PORTFOLIO_WAVE3_CREATE_OPERATOR_TASK_FOR_EXTERNAL_MANUAL_STEP:e73c43f3-229e-f111-b8dc-000d3a14673b
W1-226,bf7e1ee0-b389-f111-ab10-000d3a14673b,I Am My Worst Enemy!,Maurche Reed,,,,,,bf7e1ee0-b389-f111-ab10-000d3a14673b,UNTRUSTWORTHY_TIMER,P0_CONNECT_JOURNEY_REGRESSION:b1169f22-dba2-f111-b8de-6045bdd69435; PORTFOLIO_WAVE3_CREATE_OPERATOR_TASK_FOR_EXTERNAL_MANUAL_STEP:786ef9f3-229e-f111-b8dc-00224820105b
W1-227,c17e1ee0-b389-f111-ab10-000d3a14673b,Jalen Becomes a Big Brother,Deborah Eiland,,,,,,c17e1ee0-b389-f111-ab10-000d3a14673b,UNTRUSTWORTHY_TIMER,P0_CONNECT_JOURNEY_REGRESSION:b1169f22-dba2-f111-b8de-6045bdd69435; PORTFOLIO_WAVE3_CREATE_OPERATOR_TASK_FOR_EXTERNAL_MANUAL_STEP:4f741af6-229e-f111-b8dc-7c1e525b15c2
W1-228,c4ee73e4-b389-f111-ab10-6045bdd69678,Jalen Becomes a Big Brother,Deborah Eiland,,,,,,c4ee73e4-b389-f111-ab10-6045bdd69678,UNTRUSTWORTHY_TIMER,P0_CONNECT_JOURNEY_REGRESSION:b1169f22-dba2-f111-b8de-6045bdd69435; PORTFOLIO_WAVE3_CREATE_OPERATOR_TASK_FOR_EXTERNAL_MANUAL_STEP:fc952308-239e-f111-b8dc-7c1e525b15c2
W1-229,b6a6c7e3-b389-f111-ab10-000d3a9eacee,Jewels by Lady J,Janet Stephens,,,,,,b6a6c7e3-b389-f111-ab10-000d3a9eacee,UNTRUSTWORTHY_TIMER,P0_CONNECT_JOURNEY_REGRESSION:b1169f22-dba2-f111-b8de-6045bdd69435; PORTFOLIO_WAVE3_CREATE_OPERATOR_TASK_FOR_EXTERNAL_MANUAL_STEP:27f61efc-229e-f111-b8dc-7c1e525b15c2
W1-230,79dea4e3-b389-f111-ab10-6045bdd69435,Jewels by Lady J,Janet Stephens,,,,,,79dea4e3-b389-f111-ab10-6045bdd69435,UNTRUSTWORTHY_TIMER,P0_CONNECT_JOURNEY_REGRESSION:b1169f22-dba2-f111-b8de-6045bdd69435; PORTFOLIO_WAVE3_CREATE_OPERATOR_TASK_FOR_EXTERNAL_MANUAL_STEP:0b92f8ff-229e-f111-b8dc-00224820105b
W1-231,c27e1ee0-b389-f111-ab10-000d3a14673b,Just What I Needed,Adrean Young,,,,,,c27e1ee0-b389-f111-ab10-000d3a14673b,UNTRUSTWORTHY_TIMER,P0_CONNECT_JOURNEY_REGRESSION:b1169f22-dba2-f111-b8de-6045bdd69435; PORTFOLIO_WAVE3_CREATE_OPERATOR_TASK_FOR_EXTERNAL_MANUAL_STEP:e83c43f3-229e-f111-b8dc-000d3a14673b
W1-232,454097e0-b389-f111-ab10-00224820105b,Just What I Needed,Adrean Young,,,,,,454097e0-b389-f111-ab10-00224820105b,UNTRUSTWORTHY_TIMER,P0_CONNECT_JOURNEY_REGRESSION:b1169f22-dba2-f111-b8de-6045bdd69435; PORTFOLIO_WAVE3_CREATE_OPERATOR_TASK_FOR_EXTERNAL_MANUAL_STEP:35f61efc-229e-f111-b8dc-7c1e525b15c2
W1-233,7ddea4e3-b389-f111-ab10-6045bdd69435,Kingdom Equipment 101,Terry Stephens,,,,,,7ddea4e3-b389-f111-ab10-6045bdd69435,UNTRUSTWORTHY_TIMER,P0_CONNECT_JOURNEY_REGRESSION:b1169f22-dba2-f111-b8de-6045bdd69435; PORTFOLIO_WAVE3_CREATE_OPERATOR_TASK_FOR_EXTERNAL_MANUAL_STEP:1d00c8ff-229e-f111-b8dc-000d3a14673b
W1-234,ecee73e4-b389-f111-ab10-6045bdd69678,Lady Daphanny's Altar,Daphanny Baker,,,,,,ecee73e4-b389-f111-ab10-6045bdd69678,UNTRUSTWORTHY_TIMER,P0_CONNECT_JOURNEY_REGRESSION:b1169f22-dba2-f111-b8de-6045bdd69435; PORTFOLIO_WAVE3_CREATE_OPERATOR_TASK_FOR_EXTERNAL_MANUAL_STEP:ccccf405-239e-f111-b8dc-00224820105b
W1-235,464097e0-b389-f111-ab10-00224820105b,Life After Detour,Deanna Jones,,,,,,464097e0-b389-f111-ab10-00224820105b,UNTRUSTWORTHY_TIMER,P0_CONNECT_JOURNEY_REGRESSION:b1169f22-dba2-f111-b8de-6045bdd69435; PORTFOLIO_WAVE3_CREATE_OPERATOR_TASK_FOR_EXTERNAL_MANUAL_STEP:8991f8ff-229e-f111-b8dc-00224820105b
W1-236,62a0a0e0-b389-f111-ab10-6045bdd69738,Love Is An Action Word,Kurt Broadnax,,,,,,62a0a0e0-b389-f111-ab10-6045bdd69738,UNTRUSTWORTHY_TIMER,P0_CONNECT_JOURNEY_REGRESSION:b1169f22-dba2-f111-b8de-6045bdd69435; PORTFOLIO_WAVE3_CREATE_OPERATOR_TASK_FOR_EXTERNAL_MANUAL_STEP:0619d806-239e-f111-b8dc-6045bdd69678
W1-237,845c72e0-b389-f111-ab10-7c1e525b15c2,Love Lucy,Diane Johnson,,,,,,845c72e0-b389-f111-ab10-7c1e525b15c2,UNTRUSTWORTHY_TIMER,P0_CONNECT_JOURNEY_REGRESSION:b1169f22-dba2-f111-b8de-6045bdd69435; PORTFOLIO_WAVE3_CREATE_OPERATOR_TASK_FOR_EXTERNAL_MANUAL_STEP:3b8aef0c-239e-f111-b8dc-6045bdd69678
W1-238,484097e0-b389-f111-ab10-00224820105b,Love of My Life,Thaddues Smith,,,,,,484097e0-b389-f111-ab10-00224820105b,UNTRUSTWORTHY_TIMER,P0_CONNECT_JOURNEY_REGRESSION:b1169f22-dba2-f111-b8de-6045bdd69435; PORTFOLIO_WAVE3_CREATE_OPERATOR_TASK_FOR_EXTERNAL_MANUAL_STEP:36f61efc-229e-f111-b8dc-7c1e525b15c2
W1-239,474097e0-b389-f111-ab10-00224820105b,Love of My Life,Thaddues Smith,,,,,,474097e0-b389-f111-ab10-00224820105b,UNTRUSTWORTHY_TIMER,P0_CONNECT_JOURNEY_REGRESSION:b1169f22-dba2-f111-b8de-6045bdd69435; PORTFOLIO_WAVE3_CREATE_OPERATOR_TASK_FOR_EXTERNAL_MANUAL_STEP:2869dafa-229e-f111-b8dc-6045bdd69678
W1-240,584797d0-c27a-f111-ab0f-7c1e525b15c2,Melodies from Heaven,Bailey Cunningham,,,,,97fcf5db-c47a-f111-ab0f-000d3a1a9efa; 06440eda-c47a-f111-ab0f-000d3a9eacee,584797d0-c27a-f111-ab0f-7c1e525b15c2,UNTRUSTWORTHY_COMMERCIAL_GATE,P0_CONNECT_JOURNEY_REGRESSION:b1169f22-dba2-f111-b8de-6045bdd69435
W1-241,bca6c7e3-b389-f111-ab10-000d3a9eacee,Memoir of a Black Christian Nationalist,Shelley McIntosh,,,,,,bca6c7e3-b389-f111-ab10-000d3a9eacee,UNTRUSTWORTHY_TIMER,P0_CONNECT_JOURNEY_REGRESSION:b1169f22-dba2-f111-b8de-6045bdd69435; PORTFOLIO_WAVE3_CREATE_OPERATOR_TASK_FOR_EXTERNAL_MANUAL_STEP:29f61efc-229e-f111-b8dc-7c1e525b15c2
W1-242,63a0a0e0-b389-f111-ab10-6045bdd69738,Memoir of a Black Christian Nationalist,Shelley McIntosh,,,,,,63a0a0e0-b389-f111-ab10-6045bdd69738,UNTRUSTWORTHY_TIMER,P0_CONNECT_JOURNEY_REGRESSION:b1169f22-dba2-f111-b8de-6045bdd69435; PORTFOLIO_WAVE3_CREATE_OPERATOR_TASK_FOR_EXTERNAL_MANUAL_STEP:4bcdf405-239e-f111-b8dc-00224820105b
W1-243,7fc2a2e6-b389-f111-ab10-6045bdd69738,Memoir of a Black Christian Nationalist,Shelley McIntosh,,,,,,7fc2a2e6-b389-f111-ab10-6045bdd69738,UNTRUSTWORTHY_TIMER,P0_CONNECT_JOURNEY_REGRESSION:b1169f22-dba2-f111-b8de-6045bdd69435; PORTFOLIO_WAVE3_CREATE_OPERATOR_TASK_FOR_EXTERNAL_MANUAL_STEP:51cdf405-239e-f111-b8dc-00224820105b
W1-244,f48be1e6-b389-f111-ab10-000d3a14673b,Mirror of Refining Insight,Marvin Grayson,,,,,,f48be1e6-b389-f111-ab10-000d3a14673b,UNTRUSTWORTHY_TIMER,P0_CONNECT_JOURNEY_REGRESSION:b1169f22-dba2-f111-b8de-6045bdd69435; PORTFOLIO_WAVE3_CREATE_OPERATOR_TASK_FOR_EXTERNAL_MANUAL_STEP:50741af6-229e-f111-b8dc-7c1e525b15c2
W1-245,a9df6ae6-b389-f111-ab10-7c1e525b15c2,Mirror of Refining Insight,Marvin Grayson,,,,,,a9df6ae6-b389-f111-ab10-7c1e525b15c2,UNTRUSTWORTHY_TIMER,P0_CONNECT_JOURNEY_REGRESSION:b1169f22-dba2-f111-b8de-6045bdd69435; PORTFOLIO_WAVE3_CREATE_OPERATOR_TASK_FOR_EXTERNAL_MANUAL_STEP:a1c7fc0b-239e-f111-b8dc-00224820105b
W1-246,82c2a2e6-b389-f111-ab10-6045bdd69738,Music Ministry Unplugged,Will Harris,,,,,,82c2a2e6-b389-f111-ab10-6045bdd69738,UNTRUSTWORTHY_TIMER,P0_CONNECT_JOURNEY_REGRESSION:b1169f22-dba2-f111-b8de-6045bdd69435; PORTFOLIO_WAVE3_CREATE_OPERATOR_TASK_FOR_EXTERNAL_MANUAL_STEP:fbc6fc0b-239e-f111-b8dc-00224820105b
W1-247,d6df6ae6-b389-f111-ab10-7c1e525b15c2,My ABC's,Christy Grogg,,,,,,d6df6ae6-b389-f111-ab10-7c1e525b15c2,UNTRUSTWORTHY_TIMER,P0_CONNECT_JOURNEY_REGRESSION:b1169f22-dba2-f111-b8de-6045bdd69435; PORTFOLIO_WAVE3_CREATE_OPERATOR_TASK_FOR_EXTERNAL_MANUAL_STEP:c4b5410f-239e-f111-b8dc-7c1e525b15c2
W1-248,bfa6c7e3-b389-f111-ab10-000d3a9eacee,Never Give Up On Love,Pamela Smith,,,,,,bfa6c7e3-b389-f111-ab10-000d3a9eacee,UNTRUSTWORTHY_TIMER,P0_CONNECT_JOURNEY_REGRESSION:b1169f22-dba2-f111-b8de-6045bdd69435; PORTFOLIO_WAVE3_CREATE_OPERATOR_TASK_FOR_EXTERNAL_MANUAL_STEP:b468dafa-229e-f111-b8dc-6045bdd69678
W1-249,f58be1e6-b389-f111-ab10-000d3a14673b,Number 23 and Me,Wayne Pounds,,,,,,f58be1e6-b389-f111-ab10-000d3a14673b,UNTRUSTWORTHY_TIMER,P0_CONNECT_JOURNEY_REGRESSION:b1169f22-dba2-f111-b8de-6045bdd69435; PORTFOLIO_WAVE3_CREATE_OPERATOR_TASK_FOR_EXTERNAL_MANUAL_STEP:51741af6-229e-f111-b8dc-7c1e525b15c2
W1-250,0cef73e4-b389-f111-ab10-6045bdd69678,One Soul,Veronica Brown,,,,,,0cef73e4-b389-f111-ab10-6045bdd69678,UNTRUSTWORTHY_TIMER,P0_CONNECT_JOURNEY_REGRESSION:b1169f22-dba2-f111-b8de-6045bdd69435; PORTFOLIO_WAVE3_CREATE_OPERATOR_TASK_FOR_EXTERNAL_MANUAL_STEP:fd952308-239e-f111-b8dc-7c1e525b15c2
W1-251,878fefe6-b389-f111-ab10-00224820105b,Ordinary People Searching for Greatness,Earline Neal,,,,,,878fefe6-b389-f111-ab10-00224820105b,UNTRUSTWORTHY_TIMER,P0_CONNECT_JOURNEY_REGRESSION:b1169f22-dba2-f111-b8de-6045bdd69435; PORTFOLIO_WAVE3_CREATE_OPERATOR_TASK_FOR_EXTERNAL_MANUAL_STEP:9891f8ff-229e-f111-b8dc-00224820105b
W1-252,83dea4e3-b389-f111-ab10-6045bdd69435,Ordinary People Searching for Greatness,Earline Neal,,,,,,83dea4e3-b389-f111-ab10-6045bdd69435,UNTRUSTWORTHY_TIMER,P0_CONNECT_JOURNEY_REGRESSION:b1169f22-dba2-f111-b8de-6045bdd69435; PORTFOLIO_WAVE3_CREATE_OPERATOR_TASK_FOR_EXTERNAL_MANUAL_STEP:b8f91e02-239e-f111-b8dc-7c1e525b15c2
W1-253,10ef73e4-b389-f111-ab10-6045bdd69678,Peaches Can Do It!,Daphanny Baker,,,,,,10ef73e4-b389-f111-ab10-6045bdd69678,UNTRUSTWORTHY_TIMER,P0_CONNECT_JOURNEY_REGRESSION:b1169f22-dba2-f111-b8de-6045bdd69435; PORTFOLIO_WAVE3_CREATE_OPERATOR_TASK_FOR_EXTERNAL_MANUAL_STEP:d7ccf405-239e-f111-b8dc-00224820105b
W1-254,f68be1e6-b389-f111-ab10-000d3a14673b,Pieces of Me All Over the Place,Ashanti Flemister,,,,,,f68be1e6-b389-f111-ab10-000d3a14673b,UNTRUSTWORTHY_TIMER,P0_CONNECT_JOURNEY_REGRESSION:b1169f22-dba2-f111-b8de-6045bdd69435; PORTFOLIO_WAVE3_CREATE_OPERATOR_TASK_FOR_EXTERNAL_MANUAL_STEP:dc9e91f9-229e-f111-b8dc-000d3a14673b
W1-255,f1084bcd-c27a-f111-ab0f-00224820105b,Pretty Wings,Natasha Gilchrist,,,,,c1fcf5db-c47a-f111-ab0f-000d3a1a9efa; af6ef3dc-c47a-f111-ab0f-6045bdd69435,f1084bcd-c27a-f111-ab0f-00224820105b,UNTRUSTWORTHY_COMMERCIAL_GATE,P0_CONNECT_JOURNEY_REGRESSION:b1169f22-dba2-f111-b8de-6045bdd69435
W1-256,88c2a2e6-b389-f111-ab10-6045bdd69738,Seasons of Life,Kurt Broadnax,,,,,,88c2a2e6-b389-f111-ab10-6045bdd69738,UNTRUSTWORTHY_TIMER,P0_CONNECT_JOURNEY_REGRESSION:b1169f22-dba2-f111-b8de-6045bdd69435; PORTFOLIO_WAVE3_CREATE_OPERATOR_TASK_FOR_EXTERNAL_MANUAL_STEP:6902520c-239e-f111-b8dc-000d3a14673b
W1-257,f88be1e6-b389-f111-ab10-000d3a14673b,She,M Darlene Carson,,,,,,f88be1e6-b389-f111-ab10-000d3a14673b,UNTRUSTWORTHY_TIMER,P0_CONNECT_JOURNEY_REGRESSION:b1169f22-dba2-f111-b8de-6045bdd69435; PORTFOLIO_WAVE3_CREATE_OPERATOR_TASK_FOR_EXTERNAL_MANUAL_STEP:a96ef9f3-229e-f111-b8dc-00224820105b
W1-258,caa6c7e3-b389-f111-ab10-000d3a9eacee,SHE,M Darlene Carson,,,,,,caa6c7e3-b389-f111-ab10-000d3a9eacee,UNTRUSTWORTHY_TIMER,P0_CONNECT_JOURNEY_REGRESSION:b1169f22-dba2-f111-b8de-6045bdd69435; PORTFOLIO_WAVE3_CREATE_OPERATOR_TASK_FOR_EXTERNAL_MANUAL_STEP:2af61efc-229e-f111-b8dc-7c1e525b15c2
W1-259,89dea4e3-b389-f111-ab10-6045bdd69435,Support Beyond the Cycle,Brandyn McElroy,,,,,,89dea4e3-b389-f111-ab10-6045bdd69435,UNTRUSTWORTHY_TIMER,P0_CONNECT_JOURNEY_REGRESSION:b1169f22-dba2-f111-b8de-6045bdd69435; PORTFOLIO_WAVE3_CREATE_OPERATOR_TASK_FOR_EXTERNAL_MANUAL_STEP:2247d600-239e-f111-b8dc-6045bdd69678
W1-260,8b8fefe6-b389-f111-ab10-00224820105b,Taylor Made,Will Harris,,,,,,8b8fefe6-b389-f111-ab10-00224820105b,UNTRUSTWORTHY_TIMER,P0_CONNECT_JOURNEY_REGRESSION:b1169f22-dba2-f111-b8de-6045bdd69435; PORTFOLIO_WAVE3_CREATE_OPERATOR_TASK_FOR_EXTERNAL_MANUAL_STEP:1500c8ff-229e-f111-b8dc-000d3a14673b
W1-261,8c8fefe6-b389-f111-ab10-00224820105b,Taylor Made,Will Harris,,,,,,8c8fefe6-b389-f111-ab10-00224820105b,UNTRUSTWORTHY_TIMER,P0_CONNECT_JOURNEY_REGRESSION:b1169f22-dba2-f111-b8de-6045bdd69435; PORTFOLIO_WAVE3_CREATE_OPERATOR_TASK_FOR_EXTERNAL_MANUAL_STEP:ba46d600-239e-f111-b8dc-6045bdd69678
W1-262,89c2a2e6-b389-f111-ab10-6045bdd69738,Taylor Made,Will Harris,,,,,,89c2a2e6-b389-f111-ab10-6045bdd69738,UNTRUSTWORTHY_TIMER,P0_CONNECT_JOURNEY_REGRESSION:b1169f22-dba2-f111-b8de-6045bdd69435; PORTFOLIO_WAVE3_CREATE_OPERATOR_TASK_FOR_EXTERNAL_MANUAL_STEP:0bc7fc0b-239e-f111-b8dc-00224820105b
W1-263,c1f603d3-c27a-f111-ab0f-000d3a14673b,The ESSENCE of Life,Tracy Norris,,,,,,c1f603d3-c27a-f111-ab0f-000d3a14673b,UNTRUSTWORTHY_COMMERCIAL_GATE,P0_CONNECT_JOURNEY_REGRESSION:b1169f22-dba2-f111-b8de-6045bdd69435
W1-264,8edea4e3-b389-f111-ab10-6045bdd69435,"The Essence of Life, Love Letters to Christ",Tracy Norris,,,,,,8edea4e3-b389-f111-ab10-6045bdd69435,UNTRUSTWORTHY_TIMER,P0_CONNECT_JOURNEY_REGRESSION:b1169f22-dba2-f111-b8de-6045bdd69435; PORTFOLIO_WAVE3_CREATE_OPERATOR_TASK_FOR_EXTERNAL_MANUAL_STEP:1e00c8ff-229e-f111-b8dc-000d3a14673b
W1-265,23ef73e4-b389-f111-ab10-6045bdd69678,"The Essence of Life, Love Letters to Christ",Tracy Norris,,,,,,23ef73e4-b389-f111-ab10-6045bdd69678,UNTRUSTWORTHY_TIMER,P0_CONNECT_JOURNEY_REGRESSION:b1169f22-dba2-f111-b8de-6045bdd69435; PORTFOLIO_WAVE3_CREATE_OPERATOR_TASK_FOR_EXTERNAL_MANUAL_STEP:fe952308-239e-f111-b8dc-7c1e525b15c2
W1-266,fe8be1e6-b389-f111-ab10-000d3a14673b,The Girl with the Ebony Locs and the Three Bears,Deborah Eiland,,,,,,fe8be1e6-b389-f111-ab10-000d3a14673b,UNTRUSTWORTHY_TIMER,P0_CONNECT_JOURNEY_REGRESSION:b1169f22-dba2-f111-b8de-6045bdd69435; PORTFOLIO_WAVE3_CREATE_OPERATOR_TASK_FOR_EXTERNAL_MANUAL_STEP:61741af6-229e-f111-b8dc-7c1e525b15c2
W1-267,038ce1e6-b389-f111-ab10-000d3a14673b,The Great Hair Restart,Karen Hill,,,,,,038ce1e6-b389-f111-ab10-000d3a14673b,UNTRUSTWORTHY_TIMER,P0_CONNECT_JOURNEY_REGRESSION:b1169f22-dba2-f111-b8de-6045bdd69435; PORTFOLIO_WAVE3_CREATE_OPERATOR_TASK_FOR_EXTERNAL_MANUAL_STEP:68741af6-229e-f111-b8dc-7c1e525b15c2
W1-268,dfc1cae9-b389-f111-ab10-6045bdd69435,The Great Hair Restart,Karen Hill,,,,,,dfc1cae9-b389-f111-ab10-6045bdd69435,UNTRUSTWORTHY_TIMER,P0_CONNECT_JOURNEY_REGRESSION:b1169f22-dba2-f111-b8de-6045bdd69435; PORTFOLIO_WAVE3_CREATE_OPERATOR_TASK_FOR_EXTERNAL_MANUAL_STEP:2747d600-239e-f111-b8dc-6045bdd69678
W1-269,e0c1cae9-b389-f111-ab10-6045bdd69435,The Great Hair Restart,Karen Hill,,,,,,e0c1cae9-b389-f111-ab10-6045bdd69435,UNTRUSTWORTHY_TIMER,P0_CONNECT_JOURNEY_REGRESSION:b1169f22-dba2-f111-b8de-6045bdd69435; PORTFOLIO_WAVE3_CREATE_OPERATOR_TASK_FOR_EXTERNAL_MANUAL_STEP:2992f8ff-229e-f111-b8dc-00224820105b
W1-270,8dc2a2e6-b389-f111-ab10-6045bdd69738,The Great Hair Restart,Karen Hill,,,,,,8dc2a2e6-b389-f111-ab10-6045bdd69738,UNTRUSTWORTHY_TIMER,P0_CONNECT_JOURNEY_REGRESSION:b1169f22-dba2-f111-b8de-6045bdd69435; PORTFOLIO_WAVE3_CREATE_OPERATOR_TASK_FOR_EXTERNAL_MANUAL_STEP:6a02520c-239e-f111-b8dc-000d3a14673b
W1-271,28e16ae6-b389-f111-ab10-7c1e525b15c2,The Great Hair Restart,Karen Hill,,,,,,28e16ae6-b389-f111-ab10-7c1e525b15c2,UNTRUSTWORTHY_TIMER,P0_CONNECT_JOURNEY_REGRESSION:b1169f22-dba2-f111-b8de-6045bdd69435; PORTFOLIO_WAVE3_CREATE_OPERATOR_TASK_FOR_EXTERNAL_MANUAL_STEP:c5b5410f-239e-f111-b8dc-7c1e525b15c2
W1-272,098ce1e6-b389-f111-ab10-000d3a14673b,The Healed Me,Maurche Reed,,,,,,098ce1e6-b389-f111-ab10-000d3a14673b,UNTRUSTWORTHY_TIMER,P0_CONNECT_JOURNEY_REGRESSION:b1169f22-dba2-f111-b8de-6045bdd69435; PORTFOLIO_WAVE3_CREATE_OPERATOR_TASK_FOR_EXTERNAL_MANUAL_STEP:e09e91f9-229e-f111-b8dc-000d3a14673b
W1-273,072ac7e9-b389-f111-ab10-000d3a9eacee,The Healed Me,Maurche Reed,,,,,,072ac7e9-b389-f111-ab10-000d3a9eacee,UNTRUSTWORTHY_TIMER,P0_CONNECT_JOURNEY_REGRESSION:b1169f22-dba2-f111-b8de-6045bdd69435; PORTFOLIO_WAVE3_CREATE_OPERATOR_TASK_FOR_EXTERNAL_MANUAL_STEP:c668dafa-229e-f111-b8dc-6045bdd69678
W1-274,176290ea-b389-f111-ab10-6045bdd69678,The Hood,Randall Beverly,,,,,,176290ea-b389-f111-ab10-6045bdd69678,UNTRUSTWORTHY_TIMER,P0_CONNECT_JOURNEY_REGRESSION:b1169f22-dba2-f111-b8de-6045bdd69435; PORTFOLIO_WAVE3_CREATE_OPERATOR_TASK_FOR_EXTERNAL_MANUAL_STEP:a4fbda05-239e-f111-b8dc-000d3a14673b
W1-275,92c2a2e6-b389-f111-ab10-6045bdd69738,The Master's Piece,Sylvia Benson,,,,,,92c2a2e6-b389-f111-ab10-6045bdd69738,UNTRUSTWORTHY_TIMER,P0_CONNECT_JOURNEY_REGRESSION:b1169f22-dba2-f111-b8de-6045bdd69435; PORTFOLIO_WAVE3_CREATE_OPERATOR_TASK_FOR_EXTERNAL_MANUAL_STEP:1fc7fc0b-239e-f111-b8dc-00224820105b
W1-276,733cd77a-cc7a-f111-ab0f-6045bdd69678,The Master's Piece,Sylvia Benson,,,,,,733cd77a-cc7a-f111-ab0f-6045bdd69678,UNTRUSTWORTHY_COMMERCIAL_GATE,P0_CONNECT_JOURNEY_REGRESSION:b1169f22-dba2-f111-b8de-6045bdd69435
W1-277,bfe16ae6-b389-f111-ab10-7c1e525b15c2,The Messenger,Daphanny Baker,,,,,,bfe16ae6-b389-f111-ab10-7c1e525b15c2,UNTRUSTWORTHY_TIMER,P0_CONNECT_JOURNEY_REGRESSION:b1169f22-dba2-f111-b8de-6045bdd69435; PORTFOLIO_WAVE3_CREATE_OPERATOR_TASK_FOR_EXTERNAL_MANUAL_STEP:c6b5410f-239e-f111-b8dc-7c1e525b15c2
W1-278,0f8ce1e6-b389-f111-ab10-000d3a14673b,The Never Before Told Story of the Gelatin Monster,Shaniqua Williams,,,,,,0f8ce1e6-b389-f111-ab10-000d3a14673b,UNTRUSTWORTHY_TIMER,P0_CONNECT_JOURNEY_REGRESSION:b1169f22-dba2-f111-b8de-6045bdd69435; PORTFOLIO_WAVE3_CREATE_OPERATOR_TASK_FOR_EXTERNAL_MANUAL_STEP:fca9daf4-229e-f111-b8dc-6045bdd69678
W1-279,276290ea-b389-f111-ab10-6045bdd69678,The Never Before Told Story of the Gelatin Monster,Shaniqua Williams,,,,,,276290ea-b389-f111-ab10-6045bdd69678,UNTRUSTWORTHY_TIMER,P0_CONNECT_JOURNEY_REGRESSION:b1169f22-dba2-f111-b8de-6045bdd69435; PORTFOLIO_WAVE3_CREATE_OPERATOR_TASK_FOR_EXTERNAL_MANUAL_STEP:e9ccf405-239e-f111-b8dc-00224820105b
W1-280,9f8fefe6-b389-f111-ab10-00224820105b,The Princess and the Black-eyed Pea,Deborah Eiland,,,,,,9f8fefe6-b389-f111-ab10-00224820105b,UNTRUSTWORTHY_TIMER,P0_CONNECT_JOURNEY_REGRESSION:b1169f22-dba2-f111-b8de-6045bdd69435; PORTFOLIO_WAVE3_CREATE_OPERATOR_TASK_FOR_EXTERNAL_MANUAL_STEP:da46d600-239e-f111-b8dc-6045bdd69678
W1-281,16c2cae9-b389-f111-ab10-6045bdd69435,The Princess and the Black-eyed Pea,Deborah Eiland,,,,,,16c2cae9-b389-f111-ab10-6045bdd69435,UNTRUSTWORTHY_TIMER,P0_CONNECT_JOURNEY_REGRESSION:b1169f22-dba2-f111-b8de-6045bdd69435; PORTFOLIO_WAVE3_CREATE_OPERATOR_TASK_FOR_EXTERNAL_MANUAL_STEP:3a92f8ff-229e-f111-b8dc-00224820105b
W1-282,118ce1e6-b389-f111-ab10-000d3a14673b,The Release of the Spirit,Lyle Goddard,,,,,,118ce1e6-b389-f111-ab10-000d3a14673b,UNTRUSTWORTHY_TIMER,P0_CONNECT_JOURNEY_REGRESSION:b1169f22-dba2-f111-b8de-6045bdd69435; PORTFOLIO_WAVE3_CREATE_OPERATOR_TASK_FOR_EXTERNAL_MANUAL_STEP:fda9daf4-229e-f111-b8dc-6045bdd69678
W1-283,426290ea-b389-f111-ab10-6045bdd69678,"The Sun, the Shadow, and the Silence",Devin Gilchrest,,,,,,426290ea-b389-f111-ab10-6045bdd69678,UNTRUSTWORTHY_TIMER,P0_CONNECT_JOURNEY_REGRESSION:b1169f22-dba2-f111-b8de-6045bdd69435; PORTFOLIO_WAVE3_CREATE_OPERATOR_TASK_FOR_EXTERNAL_MANUAL_STEP:a5fbda05-239e-f111-b8dc-000d3a14673b
W1-284,22c2cae9-b389-f111-ab10-6045bdd69435,Uncomfortable Conversations with God,Leslie Banks,,,,,,22c2cae9-b389-f111-ab10-6045bdd69435,UNTRUSTWORTHY_TIMER,P0_CONNECT_JOURNEY_REGRESSION:b1169f22-dba2-f111-b8de-6045bdd69435; PORTFOLIO_WAVE3_CREATE_OPERATOR_TASK_FOR_EXTERNAL_MANUAL_STEP:2d47d600-239e-f111-b8dc-6045bdd69678
W1-285,172ac7e9-b389-f111-ab10-000d3a9eacee,Understanding the Misunderstood,Tia Benincase,,,,,,172ac7e9-b389-f111-ab10-000d3a9eacee,UNTRUSTWORTHY_TIMER,P0_CONNECT_JOURNEY_REGRESSION:b1169f22-dba2-f111-b8de-6045bdd69435; PORTFOLIO_WAVE3_CREATE_OPERATOR_TASK_FOR_EXTERNAL_MANUAL_STEP:b852f4f9-229e-f111-b8dc-00224820105b
W1-286,128ce1e6-b389-f111-ab10-000d3a14673b,War Mother,Winter Dockery,,,,,,128ce1e6-b389-f111-ab10-000d3a14673b,UNTRUSTWORTHY_TIMER,P0_CONNECT_JOURNEY_REGRESSION:b1169f22-dba2-f111-b8de-6045bdd69435; PORTFOLIO_WAVE3_CREATE_OPERATOR_TASK_FOR_EXTERNAL_MANUAL_STEP:84741af6-229e-f111-b8dc-7c1e525b15c2
W1-287,fec27b7a-cc7a-f111-ab0f-6045bdd69435,Warrior's Breed,Dean Wilson,,,,,,fec27b7a-cc7a-f111-ab0f-6045bdd69435,UNTRUSTWORTHY_COMMERCIAL_GATE,P0_CONNECT_JOURNEY_REGRESSION:b1169f22-dba2-f111-b8de-6045bdd69435
W1-288,676290ea-b389-f111-ab10-6045bdd69678,Warriors and Angels,Shelley McIntosh,,,,,,676290ea-b389-f111-ab10-6045bdd69678,UNTRUSTWORTHY_TIMER,P0_CONNECT_JOURNEY_REGRESSION:b1169f22-dba2-f111-b8de-6045bdd69435; PORTFOLIO_WAVE3_CREATE_OPERATOR_TASK_FOR_EXTERNAL_MANUAL_STEP:d618d806-239e-f111-b8dc-6045bdd69678
W1-289,192ac7e9-b389-f111-ab10-000d3a9eacee,What Goes up Must Come down Let's Face It,Carol Roye,,,,,,192ac7e9-b389-f111-ab10-000d3a9eacee,UNTRUSTWORTHY_TIMER,P0_CONNECT_JOURNEY_REGRESSION:b1169f22-dba2-f111-b8de-6045bdd69435; PORTFOLIO_WAVE3_CREATE_OPERATOR_TASK_FOR_EXTERNAL_MANUAL_STEP:bd52f4f9-229e-f111-b8dc-00224820105b
W1-290,810464ec-b389-f111-ab10-7c1e525b15c2,What Goes Up Must Come Down Let's Face It,Carol Roye,,,,,,810464ec-b389-f111-ab10-7c1e525b15c2,UNTRUSTWORTHY_TIMER,P0_CONNECT_JOURNEY_REGRESSION:b1169f22-dba2-f111-b8de-6045bdd69435; PORTFOLIO_WAVE3_CREATE_OPERATOR_TASK_FOR_EXTERNAL_MANUAL_STEP:7f02520c-239e-f111-b8dc-000d3a14673b
W1-291,6c6290ea-b389-f111-ab10-6045bdd69678,When a Thug Meets Jesus,Mack Hughley,,,,,,6c6290ea-b389-f111-ab10-6045bdd69678,UNTRUSTWORTHY_TIMER,P0_CONNECT_JOURNEY_REGRESSION:b1169f22-dba2-f111-b8de-6045bdd69435; PORTFOLIO_WAVE3_CREATE_OPERATOR_TASK_FOR_EXTERNAL_MANUAL_STEP:d718d806-239e-f111-b8dc-6045bdd69678
W1-292,900464ec-b389-f111-ab10-7c1e525b15c2,When Zuri Came to Earth,Gwendolyn Rucker-Carr,,,,,,900464ec-b389-f111-ab10-7c1e525b15c2,UNTRUSTWORTHY_TIMER,P0_CONNECT_JOURNEY_REGRESSION:b1169f22-dba2-f111-b8de-6045bdd69435; PORTFOLIO_WAVE3_CREATE_OPERATOR_TASK_FOR_EXTERNAL_MANUAL_STEP:c7b5410f-239e-f111-b8dc-7c1e525b15c2
W1-293,65137ed6-c27a-f111-ab0f-6045bdd69738,When Zuri Came to Earth,Gwendolyn Rucker-Carr,,,,,a8cefaf5-c47a-f111-ab0f-6045bdd69435; 1985e8e9-c47a-f111-ab0f-00224820105b,65137ed6-c27a-f111-ab0f-6045bdd69738,UNTRUSTWORTHY_COMMERCIAL_GATE,P0_CONNECT_JOURNEY_REGRESSION:b1169f22-dba2-f111-b8de-6045bdd69435
W1-294,9e8ffdd6-c27a-f111-ab0f-7c1e525b15c2,Why Faith Works for Some and Not for Others,Rodney Waller,,,,,7d9b5ee2-c47a-f111-ab0f-000d3a1a9efa; b085b9dd-c47a-f111-ab0f-00224820105b,9e8ffdd6-c27a-f111-ab0f-7c1e525b15c2,UNTRUSTWORTHY_COMMERCIAL_GATE,P0_CONNECT_JOURNEY_REGRESSION:b1169f22-dba2-f111-b8de-6045bdd69435
W1-295,e1b26aed-b389-f111-ab10-6045bdd69738,Why Faith Works For Some And Not For Others,Rodney Waller,,,,,,e1b26aed-b389-f111-ab10-6045bdd69738,UNTRUSTWORTHY_TIMER,P0_CONNECT_JOURNEY_REGRESSION:b1169f22-dba2-f111-b8de-6045bdd69435; PORTFOLIO_WAVE3_CREATE_OPERATOR_TASK_FOR_EXTERNAL_MANUAL_STEP:6c02520c-239e-f111-b8dc-000d3a14673b
W1-296,c8d3f1ec-b389-f111-ab10-00224820105b,Words of a Troubled Soul,David Williams,,,,,,c8d3f1ec-b389-f111-ab10-00224820105b,UNTRUSTWORTHY_TIMER,P0_CONNECT_JOURNEY_REGRESSION:b1169f22-dba2-f111-b8de-6045bdd69435; PORTFOLIO_WAVE3_CREATE_OPERATOR_TASK_FOR_EXTERNAL_MANUAL_STEP:37f61efc-229e-f111-b8dc-7c1e525b15c2
W1-297,bc4188ed-b389-f111-ab10-000d3a14673b,Words of A Troubled Soul,David Williams,,,,,,bc4188ed-b389-f111-ab10-000d3a14673b,UNTRUSTWORTHY_TIMER,P0_CONNECT_JOURNEY_REGRESSION:b1169f22-dba2-f111-b8de-6045bdd69435; PORTFOLIO_WAVE3_CREATE_OPERATOR_TASK_FOR_EXTERNAL_MANUAL_STEP:9868dafa-229e-f111-b8dc-6045bdd69678
W1-298,1c2ac7e9-b389-f111-ab10-000d3a9eacee,"Your brain has too much what, mommy??",Essence Easley,,,,,,1c2ac7e9-b389-f111-ab10-000d3a9eacee,UNTRUSTWORTHY_TIMER,P0_CONNECT_JOURNEY_REGRESSION:b1169f22-dba2-f111-b8de-6045bdd69435; PORTFOLIO_WAVE3_CREATE_OPERATOR_TASK_FOR_EXTERNAL_MANUAL_STEP:2cf61efc-229e-f111-b8dc-7c1e525b15c2
W1-299,cdd3f1ec-b389-f111-ab10-00224820105b,"Your Brain Has Too Much What, Mommy??",Essence Easley,,,,,,cdd3f1ec-b389-f111-ab10-00224820105b,UNTRUSTWORTHY_TIMER,P0_CONNECT_JOURNEY_REGRESSION:b1169f22-dba2-f111-b8de-6045bdd69435; PORTFOLIO_WAVE3_CREATE_OPERATOR_TASK_FOR_EXTERNAL_MANUAL_STEP:e646d600-239e-f111-b8dc-6045bdd69678
W1-300,2bc2cae9-b389-f111-ab10-6045bdd69435,Your Peace Is a Priority,Kiena Hughley,,,,,,2bc2cae9-b389-f111-ab10-6045bdd69435,UNTRUSTWORTHY_TIMER,P0_CONNECT_JOURNEY_REGRESSION:b1169f22-dba2-f111-b8de-6045bdd69435; PORTFOLIO_WAVE3_CREATE_OPERATOR_TASK_FOR_EXTERNAL_MANUAL_STEP:2e47d600-239e-f111-b8dc-6045bdd69678
W1-301,fd577d2b-01a0-f111-b8dc-000d3a14673b,Indomitable,Quanisha Dockery,,,,455daa4a-629f-f111-b8dc-6045bdd69678,,fd577d2b-01a0-f111-b8dc-000d3a14673b; 455daa4a-629f-f111-b8dc-6045bdd69678,UNTRUSTWORTHY_EDITORIAL_GATE,PACKAGE_SELECTED | Signed | Paid Confirmed; 2026-08-24T13:55:39Z | P0_CONNECT_JOURNEY_REGRESSION:b1169f22-dba2-f111-b8de-6045bdd69435; EDITORIAL_REVIEW_APPROVAL_EVIDENCE_BOUND:6697376e-04a0-f111-b8dc-000d3a14673b; PORTFOLIO_WAVE3_CREATE_OPERATOR_TASK_FOR_EXTERNAL_MANUAL_STEP:6e465100-03a0-f111-b8db-7c1e525801f6; PORTFOLIO_WAVE3_CREATE_OPERATOR_TASK_FOR_EXTERNAL_MANUAL_STEP:795af5cb-02a0-f111-b8dc-7c1e525b15c2; PORTFOLIO_WAVE3_CREATE_OPERATOR_TASK_FOR_EXTERNAL_MANUAL_STEP:39f6003a-02a0-f111-b8dc-00224820105b; PORTFOLIO_WAVE3_QUEUE_COMMISSIONED_EDITORIAL_JOB:9a43d2f9-01a0-f111-b8dc-7c1e525b15c2; EDITORIAL_SOURCE_ARTIFACT_BOUND:b5573b31-01a0-f111-b8db-7c1e525801f6
W1-302,f1908dc9-5775-f111-ab0f-6045bdd69435,Establishing Glory: The Library,"Jackie Smith, Jr.",d38aa56a-882a-f111-88b4-6045bdd69678,1f0188ca-71a5-f111-b8de-7c1e525b15c2,9625a1d4-7e6a-f111-a826-7c1e525b15c2,2653fca9-eacd-4c44-b3ed-1764dd5d35aa,d942d6f9-bb7b-f111-ab0f-6045bdd69678,f1908dc9-5775-f111-ab0f-6045bdd69435; 2653fca9-eacd-4c44-b3ed-1764dd5d35aa,UNTRUSTWORTHY_COMMERCIAL_GATE,PACKAGE_SELECTED | Sent for Signature | Paid Confirmed; 2026-07-01T14:37:44Z | PORTFOLIO_WAVE3_CREATE_OPERATOR_TASK_FOR_EXTERNAL_MANUAL_STEP:1700c8ff-229e-f111-b8dc-000d3a14673b
W1-303,b57e1ee0-b389-f111-ab10-000d3a14673b,For What It's Worth,Kelli Milligan Stammen,,,,,,b57e1ee0-b389-f111-ab10-000d3a14673b,UNTRUSTWORTHY_TIMER,P0_CONNECT_JOURNEY_REGRESSION:b1169f22-dba2-f111-b8de-6045bdd69435; PUBLISHING_TITLE_ATTRIBUTION_FOUNDER_CORRECTION_APPLIED:d578c6a1-b5a2-f111-b8da-7c1e5258830c; PUBLISHING_TITLE_ATTRIBUTION_FOUNDER_CORRECTION_APPLIED:52bf0427-b5a2-f111-b8da-7c1e5258830c; PUBLISHING_TITLE_ATTRIBUTION_FOUNDER_CORRECTION_APPLIED:0fdfb185-b4a2-f111-b8de-7c1e525b15c2; PORTFOLIO_WAVE3_CREATE_OPERATOR_TASK_FOR_EXTERNAL_MANUAL_STEP:596ef9f3-229e-f111-b8dc-00224820105b
W1-304,1159fcc8-c37a-f111-ab0f-000d3a14673b,Memoir of a Black Christian Nationalist: Seeds of Liberation (Unabridged),Shelley McIntosh,,,,,3789eef3-c47a-f111-ab0f-000d3a9eacee,1159fcc8-c37a-f111-ab0f-000d3a14673b,UNTRUSTWORTHY_COMMERCIAL_GATE,P0_CONNECT_JOURNEY_REGRESSION:b1169f22-dba2-f111-b8de-6045bdd69435
W1-305,d6f603d3-c27a-f111-ab0f-000d3a14673b,The Flame,Dennis Brown,,,,,6ee9b4ed-c47a-f111-ab0f-6045bdd69738; 9b9b5ee2-c47a-f111-ab0f-000d3a1a9efa,d6f603d3-c27a-f111-ab0f-000d3a14673b,UNTRUSTWORTHY_COMMERCIAL_GATE,P0_CONNECT_JOURNEY_REGRESSION:b1169f22-dba2-f111-b8de-6045bdd69435; PUBLISHING_TITLE_ATTRIBUTION_FOUNDER_CORRECTION_APPLIED:c518dea6-b5a2-f111-b8de-000d3a14673b; PUBLISHING_TITLE_ATTRIBUTION_FOUNDER_CORRECTION_APPLIED:53bf0427-b5a2-f111-b8da-7c1e5258830c; PUBLISHING_TITLE_ATTRIBUTION_FOUNDER_CORRECTION_APPLIED:16285f83-b4a2-f111-b8de-000d3a14673b
W1-306,0e8ce1e6-b389-f111-ab10-000d3a14673b,The Messenger 2,Daphanny Baker,,,,,,0e8ce1e6-b389-f111-ab10-000d3a14673b,UNTRUSTWORTHY_TIMER,P0_CONNECT_JOURNEY_REGRESSION:b1169f22-dba2-f111-b8de-6045bdd69435; PUBLISHING_TITLE_ATTRIBUTION_FOUNDER_CORRECTION_APPLIED:d478c6a1-b5a2-f111-b8da-7c1e5258830c; PUBLISHING_TITLE_ATTRIBUTION_FOUNDER_CORRECTION_APPLIED:398eec25-b5a2-f111-b8de-7c1e525b15c2; PUBLISHING_TITLE_ATTRIBUTION_FOUNDER_CORRECTION_APPLIED:3d801a86-b4a2-f111-b8da-7c1e5258830c; PORTFOLIO_WAVE3_CREATE_OPERATOR_TASK_FOR_EXTERNAL_MANUAL_STEP:4d52f4f9-229e-f111-b8dc-00224820105b
W1-307,91c5e1ef-2980-f111-ab0f-7c1e525b15c2,Before You Were Born,Sean Crowley,dfb397e7-3b7c-f111-ab0f-6045bdd69435,,a06d02e0-3b7c-f111-ab0f-000d3a14673b,,48896dd1-2f80-f111-ab0f-00224820105b,91c5e1ef-2980-f111-ab0f-7c1e525b15c2,UNTRUSTWORTHY_COMMERCIAL_GATE,
W1-308,daf8180f-85a3-f111-b8de-000d3a14673b,WHOLENESS - BECOMING,Jackuline Fly,106a78d0-fb9a-f111-b8dc-6045bdd69738,,e685b3a5-84a3-f111-b8de-7c1e525b15c2,,7272744e-85a3-f111-b8de-6045bdd69678,daf8180f-85a3-f111-b8de-000d3a14673b,UNTRUSTWORTHY_COMMERCIAL_GATE,JACKULINE_RECOVERY_DUPLICATE_LEAD_RETIRED:52384bb2-85a3-f111-b8de-000d3a14673b; JACKULINE_FLY_RECOVERY_AUTHOR_NOTICE_SENT:2e36128f-85a3-f111-b8de-000d3a14673b; RECOVER_EXISTING_INTAKE_MANUSCRIPT:54f64350-85a3-f111-b8de-6045bdd69435; INT_PUB_005_INTAKE_ROUTER:09cc2ead-84a3-f111-b8de-6045bdd69435
W1-309,fad1c5d7-b389-f111-ab10-000d3a9eacee,100 Wisdom Lessons for Life and Living,J Derrick Johnson,,,,,,fad1c5d7-b389-f111-ab10-000d3a9eacee,UNTRUSTWORTHY_TIMER,P0_CONNECT_JOURNEY_REGRESSION:b1169f22-dba2-f111-b8de-6045bdd69435; PORTFOLIO_WAVE3_CREATE_OPERATOR_TASK_FOR_EXTERNAL_MANUAL_STEP:95741af6-229e-f111-b8dc-7c1e525b15c2
W1-310,d0f603d3-c27a-f111-ab0f-000d3a14673b,27 Days to Overcoming Depression,Donjia Walls,,,,,43ae58ed-c47a-f111-ab0f-000d3a9eacee; 5e319ccf-c47a-f111-ab0f-000d3a1a9efa; 5f319ccf-c47a-f111-ab0f-000d3a1a9efa,d0f603d3-c27a-f111-ab0f-000d3a14673b,UNTRUSTWORTHY_COMMERCIAL_GATE,P0_CONNECT_JOURNEY_REGRESSION:b1169f22-dba2-f111-b8de-6045bdd69435
W1-311,69b21fc6-c27a-f111-ab0f-000d3a14673b,365 Days of Transparency,Daphanny Baker,,,,,3f578adc-c47a-f111-ab0f-7c1e525b15c2; a36ef3dc-c47a-f111-ab0f-6045bdd69435,69b21fc6-c27a-f111-ab0f-000d3a14673b,UNTRUSTWORTHY_COMMERCIAL_GATE,P0_CONNECT_JOURNEY_REGRESSION:b1169f22-dba2-f111-b8de-6045bdd69435
W1-312,3e09d7cb-c27a-f111-ab0f-6045bdd69678,7 Step Jumpstart to Becoming Your Best Self,Ericka Johnson Settles,,,,,81348ce8-c47a-f111-ab0f-6045bdd69678; adcddae8-c47a-f111-ab0f-7c1e525b15c2; 7f348ce8-c47a-f111-ab0f-6045bdd69678,3e09d7cb-c27a-f111-ab0f-6045bdd69678,UNTRUSTWORTHY_COMMERCIAL_GATE,P0_CONNECT_JOURNEY_REGRESSION:b1169f22-dba2-f111-b8de-6045bdd69435
W1-313,6f8904ca-c27a-f111-ab0f-6045bdd69738,A Blended Family,Shecara Norris,,,,,eb557be2-c47a-f111-ab0f-000d3a14673b; 24696bdc-c47a-f111-ab0f-6045bdd69678; 364a4fdb-c47a-f111-ab0f-6045bdd69738,6f8904ca-c27a-f111-ab0f-6045bdd69738,UNTRUSTWORTHY_COMMERCIAL_GATE,P0_CONNECT_JOURNEY_REGRESSION:b1169f22-dba2-f111-b8de-6045bdd69435
W1-314,c74b00d4-c27a-f111-ab0f-00224820105b,A Portrait of Paradise,Iyorwuese Hagher,,,,,4cda80f5-c47a-f111-ab0f-000d3a1a9efa; 083042f6-c47a-f111-ab0f-00224820105b; 063042f6-c47a-f111-ab0f-00224820105b,c74b00d4-c27a-f111-ab0f-00224820105b,UNTRUSTWORTHY_COMMERCIAL_GATE,P0_CONNECT_JOURNEY_REGRESSION:b1169f22-dba2-f111-b8de-6045bdd69435
W1-315,841a04cd-c27a-f111-ab0f-000d3a14673b,A Principal's Tale,Shelley McIntosh,,,,,5cfad4d5-c47a-f111-ab0f-000d3a1a9efa; 00440eda-c47a-f111-ab0f-000d3a9eacee,841a04cd-c27a-f111-ab0f-000d3a14673b,UNTRUSTWORTHY_COMMERCIAL_GATE,P0_CONNECT_JOURNEY_REGRESSION:b1169f22-dba2-f111-b8de-6045bdd69435
W1-316,614797d0-c27a-f111-ab0f-7c1e525b15c2,Abortion!,Carolyn Booker-Pierce,,,,,08de59dc-c47a-f111-ab0f-000d3a14673b; c0fcf5db-c47a-f111-ab0f-000d3a1a9efa,614797d0-c27a-f111-ab0f-7c1e525b15c2,UNTRUSTWORTHY_COMMERCIAL_GATE,P0_CONNECT_JOURNEY_REGRESSION:b1169f22-dba2-f111-b8de-6045bdd69435
W1-317,7a064bcd-c27a-f111-ab0f-00224820105b,Aligned!,Dennis Brown,,,,,ac6ef3dc-c47a-f111-ab0f-6045bdd69435; ad6ef3dc-c47a-f111-ab0f-6045bdd69435,7a064bcd-c27a-f111-ab0f-00224820105b,UNTRUSTWORTHY_COMMERCIAL_GATE,P0_CONNECT_JOURNEY_REGRESSION:b1169f22-dba2-f111-b8de-6045bdd69435
W1-318,7b064bcd-c27a-f111-ab0f-00224820105b,Almost Happy,Jaylonna Stevette,,,,,2a75c7e6-c47a-f111-ab0f-000d3a9eacee; ca402ce3-c47a-f111-ab0f-6045bdd69435; 08567be2-c47a-f111-ab0f-000d3a14673b,7b064bcd-c27a-f111-ab0f-00224820105b,UNTRUSTWORTHY_COMMERCIAL_GATE,P0_CONNECT_JOURNEY_REGRESSION:b1169f22-dba2-f111-b8de-6045bdd69435
W1-319,4009d7cb-c27a-f111-ab0f-6045bdd69678,Are You Sure That You Are Ready?,Ericka Thornton,,,,,fb86d5d0-c47a-f111-ab0f-6045bdd69435; f886d5d0-c47a-f111-ab0f-6045bdd69435,4009d7cb-c27a-f111-ab0f-6045bdd69678,UNTRUSTWORTHY_COMMERCIAL_GATE,P0_CONNECT_JOURNEY_REGRESSION:b1169f22-dba2-f111-b8de-6045bdd69435
W1-320,9b4b00d4-c27a-f111-ab0f-00224820105b,Because the Lord Is My Shepherd,Carolyn Booker-Pierce,,,,,8ac65ed6-c47a-f111-ab0f-000d3a14673b; ac0952d5-c47a-f111-ab0f-6045bdd69738,9b4b00d4-c27a-f111-ab0f-00224820105b,UNTRUSTWORTHY_COMMERCIAL_GATE,P0_CONNECT_JOURNEY_REGRESSION:b1169f22-dba2-f111-b8de-6045bdd69435
W1-321,998797ca-c27a-f111-ab0f-7c1e525b15c2,BEE Careful,Deborah Eiland,,,,,b7e9cbe8-c47a-f111-ab0f-000d3a14673b; 3975c7e6-c47a-f111-ab0f-000d3a9eacee; b3cddae8-c47a-f111-ab0f-7c1e525b15c2; 5230bee3-c47a-f111-ab0f-00224820105b; 248d99e9-c47a-f111-ab0f-6045bdd69435; 7e348ce8-c47a-f111-ab0f-6045bdd69678,998797ca-c27a-f111-ab0f-7c1e525b15c2,UNTRUSTWORTHY_COMMERCIAL_GATE,P0_CONNECT_JOURNEY_REGRESSION:b1169f22-dba2-f111-b8de-6045bdd69435
W1-322,928904ca-c27a-f111-ab0f-6045bdd69738,Biblical Prescriptions for Life's Troubles,Terry Stephens,,,,,348d99e9-c47a-f111-ab0f-6045bdd69435; 358d99e9-c47a-f111-ab0f-6045bdd69435,928904ca-c27a-f111-ab0f-6045bdd69738,UNTRUSTWORTHY_COMMERCIAL_GATE,P0_CONNECT_JOURNEY_REGRESSION:b1169f22-dba2-f111-b8de-6045bdd69435
W1-323,901a04cd-c27a-f111-ab0f-000d3a14673b,Bodacious,Nathaniel Short,,,,,0ade59dc-c47a-f111-ab0f-000d3a14673b; 21696bdc-c47a-f111-ab0f-6045bdd69678,901a04cd-c27a-f111-ab0f-000d3a14673b,UNTRUSTWORTHY_COMMERCIAL_GATE,P0_CONNECT_JOURNEY_REGRESSION:b1169f22-dba2-f111-b8de-6045bdd69435
W1-324,911a04cd-c27a-f111-ab0f-000d3a14673b,Connected!,Dennis Brown,,,,,,911a04cd-c27a-f111-ab0f-000d3a14673b,UNTRUSTWORTHY_COMMERCIAL_GATE,P0_CONNECT_JOURNEY_REGRESSION:b1169f22-dba2-f111-b8de-6045bdd69435
W1-325,9a8797ca-c27a-f111-ab0f-7c1e525b15c2,Conquer Your Fears and Win,Gloria Patterson,,,,,9f6ae3d3-c47a-f111-ab0f-000d3a9eacee; 5059e3d6-c47a-f111-ab0f-6045bdd69435; 17c94cd6-c47a-f111-ab0f-6045bdd69678,9a8797ca-c27a-f111-ab0f-7c1e525b15c2,UNTRUSTWORTHY_COMMERCIAL_GATE,P0_CONNECT_JOURNEY_REGRESSION:b1169f22-dba2-f111-b8de-6045bdd69435
W1-326,33106fd3-c27a-f111-ab0f-6045bdd69435,Damaged,Lisa Taylor,,,,,2189eef3-c47a-f111-ab0f-000d3a9eacee; 58a105f4-c47a-f111-ab0f-6045bdd69738,33106fd3-c27a-f111-ab0f-6045bdd69435,UNTRUSTWORTHY_COMMERCIAL_GATE,P0_CONNECT_JOURNEY_REGRESSION:b1169f22-dba2-f111-b8de-6045bdd69435
W1-327,c70f6fd3-c27a-f111-ab0f-6045bdd69435,Delicious Ideas!,Agape International Cathedral,,,,,b526c5ee-c47a-f111-ab0f-6045bdd69678; 140a92ef-c47a-f111-ab0f-6045bdd69435; 1302ddee-c47a-f111-ab0f-7c1e525b15c2,c70f6fd3-c27a-f111-ab0f-6045bdd69435,UNTRUSTWORTHY_COMMERCIAL_GATE,P0_CONNECT_JOURNEY_REGRESSION:b1169f22-dba2-f111-b8de-6045bdd69435
W1-328,9c4b00d4-c27a-f111-ab0f-00224820105b,Destined to Break the Curse,"Sean Smith, Sr.",,,,,4f59e3d6-c47a-f111-ab0f-6045bdd69435; 46b515d6-c47a-f111-ab0f-7c1e525b15c2,9c4b00d4-c27a-f111-ab0f-00224820105b,UNTRUSTWORTHY_COMMERCIAL_GATE,P0_CONNECT_JOURNEY_REGRESSION:b1169f22-dba2-f111-b8de-6045bdd69435
W1-329,9b8797ca-c27a-f111-ab0f-7c1e525b15c2,Destined to Break the Curse Devotional,"Sean Smith, Sr.",,,,,,9b8797ca-c27a-f111-ab0f-7c1e525b15c2,UNTRUSTWORTHY_COMMERCIAL_GATE,P0_CONNECT_JOURNEY_REGRESSION:b1169f22-dba2-f111-b8de-6045bdd69435
W1-330,80064bcd-c27a-f111-ab0f-00224820105b,Discipline and Direction,Terry Stephens,,,,,d0cddae8-c47a-f111-ab0f-7c1e525b15c2; 96348ce8-c47a-f111-ab0f-6045bdd69678,80064bcd-c27a-f111-ab0f-00224820105b,UNTRUSTWORTHY_COMMERCIAL_GATE,P0_CONNECT_JOURNEY_REGRESSION:b1169f22-dba2-f111-b8de-6045bdd69435
W1-331,cc4b00d4-c27a-f111-ab0f-00224820105b,Divinely Inspired,Regina Scales,,,,,f9a340ef-c47a-f111-ab0f-000d3a1a9efa; fc01ddee-c47a-f111-ab0f-7c1e525b15c2; ad26c5ee-c47a-f111-ab0f-6045bdd69678,cc4b00d4-c27a-f111-ab0f-00224820105b,UNTRUSTWORTHY_COMMERCIAL_GATE,P0_CONNECT_JOURNEY_REGRESSION:b1169f22-dba2-f111-b8de-6045bdd69435
W1-332,9d8797ca-c27a-f111-ab0f-7c1e525b15c2,Establishing Glory: The Praise and Worship Handbook (2nd Edition),"Jackie Smith, Jr.",,,,,701251ca-c47a-f111-ab0f-000d3a14673b,9d8797ca-c27a-f111-ab0f-7c1e525b15c2,UNTRUSTWORTHY_COMMERCIAL_GATE,P0_CONNECT_JOURNEY_REGRESSION:b1169f22-dba2-f111-b8de-6045bdd69435; PORTFOLIO_WAVE3_CREATE_OPERATOR_TASK_FOR_EXTERNAL_MANUAL_STEP:de2f52d3-02a0-f111-b8db-7c1e525801f6; PORTFOLIO_WAVE3_CREATE_OPERATOR_TASK_FOR_EXTERNAL_MANUAL_STEP:0f8aef0c-239e-f111-b8dc-6045bdd69678
W1-333,921a04cd-c27a-f111-ab0f-000d3a14673b,"Focus, Trust, & Follow",Shana Byrd,,,,,,921a04cd-c27a-f111-ab0f-000d3a14673b,UNTRUSTWORTHY_COMMERCIAL_GATE,P0_CONNECT_JOURNEY_REGRESSION:b1169f22-dba2-f111-b8de-6045bdd69435
W1-334,958904ca-c27a-f111-ab0f-6045bdd69738,For What It's Worth,Kelli Milligan Stammen,,,,,7e148ad7-c47a-f111-ab0f-00224820105b; adb515d6-c47a-f111-ab0f-7c1e525b15c2,958904ca-c27a-f111-ab0f-6045bdd69738,UNTRUSTWORTHY_COMMERCIAL_GATE,P0_CONNECT_JOURNEY_REGRESSION:b1169f22-dba2-f111-b8de-6045bdd69435
W1-335,6109d7cb-c27a-f111-ab0f-6045bdd69678,Getting Back 2 Happy,Jaylonna Stevette,,,,,33fad4d5-c47a-f111-ab0f-000d3a1a9efa; 5959e3d6-c47a-f111-ab0f-6045bdd69435,6109d7cb-c27a-f111-ab0f-6045bdd69678,UNTRUSTWORTHY_COMMERCIAL_GATE,P0_CONNECT_JOURNEY_REGRESSION:b1169f22-dba2-f111-b8de-6045bdd69435
W1-336,b34b00d4-c27a-f111-ab0f-00224820105b,"Girl, Did You Know... ?",Kimberly Reeder,,,,,,b34b00d4-c27a-f111-ab0f-00224820105b,UNTRUSTWORTHY_PROJECTION,P0_CONNECT_JOURNEY_REGRESSION:b1169f22-dba2-f111-b8de-6045bdd69435; PORTFOLIO_WAVE3_CREATE_OPERATOR_TASK_FOR_EXTERNAL_MANUAL_STEP:cf52f4f9-229e-f111-b8dc-00224820105b
W1-337,25e01ad3-c27a-f111-ab0f-6045bdd69678,"Girl, You're Not Crazy. You're Dealing with a Narcissist",Carolyn Booker-Pierce,4a56c9ff-4389-f111-ab10-6045bdd69678,,067855cb-bd8a-f111-ab10-6045bdd69435,,916ae3d3-c47a-f111-ab0f-000d3a9eacee; 50b515d6-c47a-f111-ab0f-7c1e525b15c2,25e01ad3-c27a-f111-ab0f-6045bdd69678,UNTRUSTWORTHY_COMMERCIAL_GATE,
W1-338,82064bcd-c27a-f111-ab0f-00224820105b,God's Business Plan,Terry Stephens,,,,,,82064bcd-c27a-f111-ab0f-00224820105b,UNTRUSTWORTHY_COMMERCIAL_GATE,P0_CONNECT_JOURNEY_REGRESSION:b1169f22-dba2-f111-b8de-6045bdd69435
W1-339,1c3274cd-c27a-f111-ab0f-6045bdd69435,God's Nudge,Tekisha Wimbush,,,,,fedd59dc-c47a-f111-ab0f-000d3a14673b; b381b9dd-c47a-f111-ab0f-00224820105b,1c3274cd-c27a-f111-ab0f-6045bdd69435,UNTRUSTWORTHY_COMMERCIAL_GATE,P0_CONNECT_JOURNEY_REGRESSION:b1169f22-dba2-f111-b8de-6045bdd69435
W1-340,624797d0-c27a-f111-ab0f-7c1e525b15c2,Have You Considered My Servant?,Jaylonna Stevette,,,,,84fcf8ee-c47a-f111-ab0f-000d3a14673b; 3eae58ed-c47a-f111-ab0f-000d3a9eacee,624797d0-c27a-f111-ab0f-7c1e525b15c2,UNTRUSTWORTHY_COMMERCIAL_GATE,P0_CONNECT_JOURNEY_REGRESSION:b1169f22-dba2-f111-b8de-6045bdd69435
W1-341,7b5f72d0-c27a-f111-ab0f-6045bdd69738,"Help God, I Am - the Collection",Cheryl Travis,,,,,,7b5f72d0-c27a-f111-ab0f-6045bdd69738,UNTRUSTWORTHY_COMMERCIAL_GATE,P0_CONNECT_JOURNEY_REGRESSION:b1169f22-dba2-f111-b8de-6045bdd69435
W1-342,293274cd-c27a-f111-ab0f-6045bdd69435,"Help God, I Am Afraid",Cheryl Travis,,,,,049515d1-c47a-f111-ab0f-00224820105b; 78319ccf-c47a-f111-ab0f-000d3a1a9efa,293274cd-c27a-f111-ab0f-6045bdd69435,UNTRUSTWORTHY_COMMERCIAL_GATE,P0_CONNECT_JOURNEY_REGRESSION:b1169f22-dba2-f111-b8de-6045bdd69435
W1-343,6309d7cb-c27a-f111-ab0f-6045bdd69678,"Help God, I Am Angry",Cheryl Travis,,,,,4c2d53d0-c47a-f111-ab0f-000d3a14673b; 950952d5-c47a-f111-ab0f-6045bdd69738,6309d7cb-c27a-f111-ab0f-6045bdd69678,UNTRUSTWORTHY_COMMERCIAL_GATE,P0_CONNECT_JOURNEY_REGRESSION:b1169f22-dba2-f111-b8de-6045bdd69435
W1-344,99064bcd-c27a-f111-ab0f-00224820105b,"Help God, I Am Confused",Cheryl Travis,,,,,f7dd59dc-c47a-f111-ab0f-000d3a14673b; 26578adc-c47a-f111-ab0f-7c1e525b15c2,99064bcd-c27a-f111-ab0f-00224820105b,UNTRUSTWORTHY_COMMERCIAL_GATE,P0_CONNECT_JOURNEY_REGRESSION:b1169f22-dba2-f111-b8de-6045bdd69435
W1-345,343274cd-c27a-f111-ab0f-6045bdd69435,"Help God, I Am Hurt",Cheryl Travis,,,,,1cfad4d5-c47a-f111-ab0f-000d3a1a9efa; 40b515d6-c47a-f111-ab0f-7c1e525b15c2,343274cd-c27a-f111-ab0f-6045bdd69435,UNTRUSTWORTHY_COMMERCIAL_GATE,P0_CONNECT_JOURNEY_REGRESSION:b1169f22-dba2-f111-b8de-6045bdd69435
W1-346,6409d7cb-c27a-f111-ab0f-6045bdd69678,"Help God, I Am Lonely",Cheryl Travis,,,,,fcdd59dc-c47a-f111-ab0f-000d3a14673b; 13696bdc-c47a-f111-ab0f-6045bdd69678,6409d7cb-c27a-f111-ab0f-6045bdd69678,UNTRUSTWORTHY_COMMERCIAL_GATE,P0_CONNECT_JOURNEY_REGRESSION:b1169f22-dba2-f111-b8de-6045bdd69435
W1-347,9e8797ca-c27a-f111-ab0f-7c1e525b15c2,"Help God, I Am Lost",Cheryl Travis,,,,,5dfad4d5-c47a-f111-ab0f-000d3a1a9efa; 9bb515d6-c47a-f111-ab0f-7c1e525b15c2,9e8797ca-c27a-f111-ab0f-7c1e525b15c2,UNTRUSTWORTHY_COMMERCIAL_GATE,P0_CONNECT_JOURNEY_REGRESSION:b1169f22-dba2-f111-b8de-6045bdd69435
W1-348,6509d7cb-c27a-f111-ab0f-6045bdd69678,"Help God, I Am Sad",Cheryl Travis,,,,,7f148ad7-c47a-f111-ab0f-00224820105b; 12696bdc-c47a-f111-ab0f-6045bdd69678,6509d7cb-c27a-f111-ab0f-6045bdd69678,UNTRUSTWORTHY_COMMERCIAL_GATE,P0_CONNECT_JOURNEY_REGRESSION:b1169f22-dba2-f111-b8de-6045bdd69435
W1-349,554797d0-c27a-f111-ab0f-7c1e525b15c2,Hodge Podge of Life,Mildred Beard,,,,,3a8d99e9-c47a-f111-ab0f-6045bdd69435; c1735fe7-c47a-f111-ab0f-6045bdd69738,554797d0-c27a-f111-ab0f-7c1e525b15c2,UNTRUSTWORTHY_COMMERCIAL_GATE,P0_CONNECT_JOURNEY_REGRESSION:b1169f22-dba2-f111-b8de-6045bdd69435
W1-350,563274cd-c27a-f111-ab0f-6045bdd69435,I Am My Worst Enemy!,Maurche Reed,,,,,5c59e3d6-c47a-f111-ab0f-6045bdd69435; 55b515d6-c47a-f111-ab0f-7c1e525b15c2,563274cd-c27a-f111-ab0f-6045bdd69435,UNTRUSTWORTHY_COMMERCIAL_GATE,P0_CONNECT_JOURNEY_REGRESSION:b1169f22-dba2-f111-b8de-6045bdd69435
W1-351,971a04cd-c27a-f111-ab0f-000d3a14673b,Inspirations from God,Edith Clay,,,,,fb494fdb-c47a-f111-ab0f-6045bdd69738; 27578adc-c47a-f111-ab0f-7c1e525b15c2,971a04cd-c27a-f111-ab0f-000d3a14673b,UNTRUSTWORTHY_COMMERCIAL_GATE,P0_CONNECT_JOURNEY_REGRESSION:b1169f22-dba2-f111-b8de-6045bdd69435
W1-352,26e01ad3-c27a-f111-ab0f-6045bdd69678,Jalen Becomes a Big Brother,Deborah Eiland,,,,,8bfcf8ee-c47a-f111-ab0f-000d3a14673b; 180a92ef-c47a-f111-ab0f-6045bdd69435; b726c5ee-c47a-f111-ab0f-6045bdd69678,26e01ad3-c27a-f111-ab0f-6045bdd69678,UNTRUSTWORTHY_COMMERCIAL_GATE,P0_CONNECT_JOURNEY_REGRESSION:b1169f22-dba2-f111-b8de-6045bdd69435
W1-353,a5084bcd-c27a-f111-ab0f-00224820105b,Jewels by Lady J,Janet Stephens,,,,,4d2d53d0-c47a-f111-ab0f-000d3a14673b; 0ffad4d5-c47a-f111-ab0f-000d3a1a9efa; 990952d5-c47a-f111-ab0f-6045bdd69738,a5084bcd-c27a-f111-ab0f-00224820105b,UNTRUSTWORTHY_COMMERCIAL_GATE,P0_CONNECT_JOURNEY_REGRESSION:b1169f22-dba2-f111-b8de-6045bdd69435
W1-354,aa084bcd-c27a-f111-ab0f-00224820105b,Kingdom Equipment 101,Terry Stephens,,,,,aae9cbe8-c47a-f111-ab0f-000d3a14673b; b0e9cbe8-c47a-f111-ab0f-000d3a14673b,aa084bcd-c27a-f111-ab0f-00224820105b,UNTRUSTWORTHY_COMMERCIAL_GATE,P0_CONNECT_JOURNEY_REGRESSION:b1169f22-dba2-f111-b8de-6045bdd69435
W1-355,ab084bcd-c27a-f111-ab0f-00224820105b,Lady Daphanny's Altar,Daphanny Baker,,,,,6ce9b4ed-c47a-f111-ab0f-6045bdd69738; e4cddae8-c47a-f111-ab0f-7c1e525b15c2,ab084bcd-c27a-f111-ab0f-00224820105b,UNTRUSTWORTHY_COMMERCIAL_GATE,P0_CONNECT_JOURNEY_REGRESSION:b1169f22-dba2-f111-b8de-6045bdd69435
W1-356,6909d7cb-c27a-f111-ab0f-6045bdd69678,Let Me Tell You About It,Lisa Clark,,,,,1e85e8e9-c47a-f111-ab0f-00224820105b; 418d99e9-c47a-f111-ab0f-6045bdd69435,6909d7cb-c27a-f111-ab0f-6045bdd69678,UNTRUSTWORTHY_COMMERCIAL_GATE,P0_CONNECT_JOURNEY_REGRESSION:b1169f22-dba2-f111-b8de-6045bdd69435
W1-357,b3084bcd-c27a-f111-ab0f-00224820105b,Life after Detour,Deanna Jones,,,,,01108ad7-c47a-f111-ab0f-00224820105b; 4db515d6-c47a-f111-ab0f-7c1e525b15c2,b3084bcd-c27a-f111-ab0f-00224820105b,UNTRUSTWORTHY_COMMERCIAL_GATE,P0_CONNECT_JOURNEY_REGRESSION:b1169f22-dba2-f111-b8de-6045bdd69435
W1-358,835f72d0-c27a-f111-ab0f-6045bdd69738,Love Is an Action Word,Kurt Broadnax,,,,,07de59dc-c47a-f111-ab0f-000d3a14673b; a66ef3dc-c47a-f111-ab0f-6045bdd69435,835f72d0-c27a-f111-ab0f-6045bdd69738,UNTRUSTWORTHY_COMMERCIAL_GATE,P0_CONNECT_JOURNEY_REGRESSION:b1169f22-dba2-f111-b8de-6045bdd69435
W1-359,991a04cd-c27a-f111-ab0f-000d3a14673b,Love Lucy,Diane Johnson,,,,,ffdd59dc-c47a-f111-ab0f-000d3a14673b; 15696bdc-c47a-f111-ab0f-6045bdd69678,991a04cd-c27a-f111-ab0f-000d3a14673b,UNTRUSTWORTHY_COMMERCIAL_GATE,P0_CONNECT_JOURNEY_REGRESSION:b1169f22-dba2-f111-b8de-6045bdd69435
W1-360,9a1a04cd-c27a-f111-ab0f-000d3a14673b,Love of My Life,Thaddues Smith,,,,,1a85e8e9-c47a-f111-ab0f-00224820105b; 2bfc08e0-c47a-f111-ab0f-000d3a9eacee; 00dddfe2-c47a-f111-ab0f-7c1e525b15c2,9a1a04cd-c27a-f111-ab0f-000d3a14673b,UNTRUSTWORTHY_COMMERCIAL_GATE,P0_CONNECT_JOURNEY_REGRESSION:b1169f22-dba2-f111-b8de-6045bdd69435; PUBLISHING_TITLE_ATTRIBUTION_FOUNDER_CORRECTION_APPLIED:c118dea6-b5a2-f111-b8de-000d3a14673b; PUBLISHING_TITLE_ATTRIBUTION_FOUNDER_CORRECTION_APPLIED:6c215f25-b5a2-f111-b8de-000d3a14673b; PUBLISHING_TITLE_ATTRIBUTION_FOUNDER_CORRECTION_APPLIED:0edfb185-b4a2-f111-b8de-7c1e525b15c2
W1-361,ec0f6fd3-c27a-f111-ab0f-6045bdd69435,Loving the Addict,Carolyn Booker-Pierce,,,,,fc430eda-c47a-f111-ab0f-000d3a9eacee; 19c94cd6-c47a-f111-ab0f-6045bdd69678,ec0f6fd3-c27a-f111-ab0f-6045bdd69435,UNTRUSTWORTHY_COMMERCIAL_GATE,P0_CONNECT_JOURNEY_REGRESSION:b1169f22-dba2-f111-b8de-6045bdd69435
W1-362,903274cd-c27a-f111-ab0f-6045bdd69435,Memoir of a Black Christian Nationalist,Shelley McIntosh,,,,,25a440ef-c47a-f111-ab0f-000d3a1a9efa; ebfb08e0-c47a-f111-ab0f-000d3a9eacee; 2b696bdc-c47a-f111-ab0f-6045bdd69678; 5f578adc-c47a-f111-ab0f-7c1e525b15c2,903274cd-c27a-f111-ab0f-6045bdd69435,UNTRUSTWORTHY_COMMERCIAL_GATE,P0_CONNECT_JOURNEY_REGRESSION:b1169f22-dba2-f111-b8de-6045bdd69435
W1-363,594797d0-c27a-f111-ab0f-7c1e525b15c2,Mirror of Refining Insight,Marvin Grayson,,,,,1c85e8e9-c47a-f111-ab0f-00224820105b; f19680e2-c47a-f111-ab0f-6045bdd69678; 5c402ce3-c47a-f111-ab0f-6045bdd69435,594797d0-c27a-f111-ab0f-7c1e525b15c2,UNTRUSTWORTHY_COMMERCIAL_GATE,P0_CONNECT_JOURNEY_REGRESSION:b1169f22-dba2-f111-b8de-6045bdd69435
W1-364,d4f603d3-c27a-f111-ab0f-000d3a14673b,More Than a Village,Carolyn Booker-Pierce,,,,,4f578adc-c47a-f111-ab0f-7c1e525b15c2; a485b9dd-c47a-f111-ab0f-00224820105b,d4f603d3-c27a-f111-ab0f-000d3a14673b,UNTRUSTWORTHY_COMMERCIAL_GATE,P0_CONNECT_JOURNEY_REGRESSION:b1169f22-dba2-f111-b8de-6045bdd69435; PUBLISHING_TITLE_ATTRIBUTION_FOUNDER_CORRECTION_APPLIED:c418dea6-b5a2-f111-b8de-000d3a14673b; PUBLISHING_TITLE_ATTRIBUTION_FOUNDER_CORRECTION_APPLIED:6e215f25-b5a2-f111-b8de-000d3a14673b; PUBLISHING_TITLE_ATTRIBUTION_FOUNDER_CORRECTION_APPLIED:42801a86-b4a2-f111-b8da-7c1e5258830c
W1-365,67137ed6-c27a-f111-ab0f-6045bdd69738,Music Ministry Unplugged,Will Harris,,,,,a3cefaf5-c47a-f111-ab0f-6045bdd69435,67137ed6-c27a-f111-ab0f-6045bdd69738,UNTRUSTWORTHY_COMMERCIAL_GATE,P0_CONNECT_JOURNEY_REGRESSION:b1169f22-dba2-f111-b8de-6045bdd69435
W1-366,982156cd-c37a-f111-ab0f-00224820105b,Music Ministry Unplugged: Real Lessons for Those who Lead and Serve in Music Ministry,Will Harris,,,,,a2cefaf5-c47a-f111-ab0f-6045bdd69435,982156cd-c37a-f111-ab0f-00224820105b,UNTRUSTWORTHY_COMMERCIAL_GATE,P0_CONNECT_JOURNEY_REGRESSION:b1169f22-dba2-f111-b8de-6045bdd69435
W1-367,d5084bcd-c27a-f111-ab0f-00224820105b,My ABC's,Christy Grogg,,,,,919b5ee2-c47a-f111-ab0f-000d3a1a9efa; b5ab58e1-c47a-f111-ab0f-6045bdd69738,d5084bcd-c27a-f111-ab0f-00224820105b,UNTRUSTWORTHY_COMMERCIAL_GATE,P0_CONNECT_JOURNEY_REGRESSION:b1169f22-dba2-f111-b8de-6045bdd69435
W1-368,9e3274cd-c27a-f111-ab0f-6045bdd69435,Never Give up on Love,Pamela Smith,,,,,aec65ed6-c47a-f111-ab0f-000d3a14673b; ba0952d5-c47a-f111-ab0f-6045bdd69738,9e3274cd-c27a-f111-ab0f-6045bdd69435,UNTRUSTWORTHY_COMMERCIAL_GATE,P0_CONNECT_JOURNEY_REGRESSION:b1169f22-dba2-f111-b8de-6045bdd69435
W1-369,865f72d0-c27a-f111-ab0f-6045bdd69738,Number 23 and Me,Wayne Pounds,,,,,17e494cd-c47a-f111-ab0f-000d3a9eacee; 108d52cf-c47a-f111-ab0f-6045bdd69738,865f72d0-c27a-f111-ab0f-6045bdd69738,UNTRUSTWORTHY_COMMERCIAL_GATE,P0_CONNECT_JOURNEY_REGRESSION:b1169f22-dba2-f111-b8de-6045bdd69435
W1-370,5b4797d0-c27a-f111-ab0f-7c1e525b15c2,One Soul,Veronica Brown,,,,,5e59e3d6-c47a-f111-ab0f-6045bdd69435; 7b128ad7-c47a-f111-ab0f-00224820105b,5b4797d0-c27a-f111-ab0f-7c1e525b15c2,UNTRUSTWORTHY_COMMERCIAL_GATE,P0_CONNECT_JOURNEY_REGRESSION:b1169f22-dba2-f111-b8de-6045bdd69435
W1-371,5c4797d0-c27a-f111-ab0f-7c1e525b15c2,Ordinary People Searching for Greatness,Earline Neal,,,,,f08f78e8-c47a-f111-ab0f-000d3a1a9efa; bc735fe7-c47a-f111-ab0f-6045bdd69738; 95348ce8-c47a-f111-ab0f-6045bdd69678,5c4797d0-c27a-f111-ab0f-7c1e525b15c2,UNTRUSTWORTHY_COMMERCIAL_GATE,P0_CONNECT_JOURNEY_REGRESSION:b1169f22-dba2-f111-b8de-6045bdd69435
W1-372,4be01ad3-c27a-f111-ab0f-6045bdd69678,Peaches Can Do It!,Daphanny Baker,,,,,,4be01ad3-c27a-f111-ab0f-6045bdd69678,UNTRUSTWORTHY_COMMERCIAL_GATE,P0_CONNECT_JOURNEY_REGRESSION:b1169f22-dba2-f111-b8de-6045bdd69435
W1-373,f0084bcd-c27a-f111-ab0f-00224820105b,Pieces of Me All over the Place,Ashanti Flemister,,,,,01440eda-c47a-f111-ab0f-000d3a9eacee; 92b515d6-c47a-f111-ab0f-7c1e525b15c2,f0084bcd-c27a-f111-ab0f-00224820105b,UNTRUSTWORTHY_COMMERCIAL_GATE,P0_CONNECT_JOURNEY_REGRESSION:b1169f22-dba2-f111-b8de-6045bdd69435
W1-374,b73274cd-c27a-f111-ab0f-6045bdd69435,Seasons of Life,Kurt Broadnax,,,,,5ee9b4ed-c47a-f111-ab0f-6045bdd69738; ddcddae8-c47a-f111-ab0f-7c1e525b15c2,b73274cd-c27a-f111-ab0f-6045bdd69435,UNTRUSTWORTHY_COMMERCIAL_GATE,P0_CONNECT_JOURNEY_REGRESSION:b1169f22-dba2-f111-b8de-6045bdd69435
W1-375,bff603d3-c27a-f111-ab0f-000d3a14673b,Speech Therapy Works!,Cynthia Sloan,,,,,57b515d6-c47a-f111-ab0f-7c1e525b15c2; 42fad4d5-c47a-f111-ab0f-000d3a1a9efa,bff603d3-c27a-f111-ab0f-000d3a14673b,UNTRUSTWORTHY_COMMERCIAL_GATE,P0_CONNECT_JOURNEY_REGRESSION:b1169f22-dba2-f111-b8de-6045bdd69435
W1-376,15e01ad3-c27a-f111-ab0f-6045bdd69678,Support Beyond the Cycle,Brandyn McElroy,,,,,a56ef3dc-c47a-f111-ab0f-6045bdd69435; 16696bdc-c47a-f111-ab0f-6045bdd69678,15e01ad3-c27a-f111-ab0f-6045bdd69678,UNTRUSTWORTHY_COMMERCIAL_GATE,P0_CONNECT_JOURNEY_REGRESSION:b1169f22-dba2-f111-b8de-6045bdd69435
W1-377,60137ed6-c27a-f111-ab0f-6045bdd69738,Taylor Made,Will Harris,,,,,b126c5ee-c47a-f111-ab0f-6045bdd69678; 0c02ddee-c47a-f111-ab0f-7c1e525b15c2; ae26c5ee-c47a-f111-ab0f-6045bdd69678; 070a92ef-c47a-f111-ab0f-6045bdd69435,60137ed6-c27a-f111-ab0f-6045bdd69738,UNTRUSTWORTHY_COMMERCIAL_GATE,P0_CONNECT_JOURNEY_REGRESSION:b1169f22-dba2-f111-b8de-6045bdd69435
W1-378,cea6c7e3-b389-f111-ab10-000d3a9eacee,The Celestial Advantage,Obadiah Harris,,,,,,cea6c7e3-b389-f111-ab10-000d3a9eacee,UNTRUSTWORTHY_TIMER,P0_CONNECT_JOURNEY_REGRESSION:b1169f22-dba2-f111-b8de-6045bdd69435; PORTFOLIO_WAVE3_CREATE_OPERATOR_TASK_FOR_EXTERNAL_MANUAL_STEP:c468dafa-229e-f111-b8dc-6045bdd69678
W1-379,16e01ad3-c27a-f111-ab0f-6045bdd69678,The Celestial Advantage,Obadiah Harris,,,,,068d52cf-c47a-f111-ab0f-6045bdd69738; f486d5d0-c47a-f111-ab0f-6045bdd69435; d46d1dd0-c47a-f111-ab0f-6045bdd69678,16e01ad3-c27a-f111-ab0f-6045bdd69678,UNTRUSTWORTHY_COMMERCIAL_GATE,P0_CONNECT_JOURNEY_REGRESSION:b1169f22-dba2-f111-b8de-6045bdd69435
W1-380,c44b00d4-c27a-f111-ab0f-00224820105b,The Conquest of Azenga,Iyorwuese Hagher,,,,,f93e34f5-c47a-f111-ab0f-000d3a14673b; a4cefaf5-c47a-f111-ab0f-6045bdd69435; a6cefaf5-c47a-f111-ab0f-6045bdd69435,c44b00d4-c27a-f111-ab0f-00224820105b,UNTRUSTWORTHY_COMMERCIAL_GATE,P0_CONNECT_JOURNEY_REGRESSION:b1169f22-dba2-f111-b8de-6045bdd69435
W1-381,c84b00d4-c27a-f111-ab0f-00224820105b,The Fight for the Promiseland,Cheryl Cook,,,,,6b8edcf4-c47a-f111-ab0f-6045bdd69678,c84b00d4-c27a-f111-ab0f-00224820105b,UNTRUSTWORTHY_COMMERCIAL_GATE,P0_CONNECT_JOURNEY_REGRESSION:b1169f22-dba2-f111-b8de-6045bdd69435
W1-382,952556cd-c37a-f111-ab0f-00224820105b,The Fight for the Promiseland: Battle Strategies for Victorious People,Cheryl Cook,,,,,ec3e34f5-c47a-f111-ab0f-000d3a14673b,952556cd-c37a-f111-ab0f-00224820105b,UNTRUSTWORTHY_COMMERCIAL_GATE,P0_CONNECT_JOURNEY_REGRESSION:b1169f22-dba2-f111-b8de-6045bdd69435
W1-383,17e01ad3-c27a-f111-ab0f-6045bdd69678,The Girl with the Ebony Locs and the Three Bears,Deborah Eiland,,,,,442d53d0-c47a-f111-ab0f-000d3a14673b; ed6d1dd0-c47a-f111-ab0f-6045bdd69678,17e01ad3-c27a-f111-ab0f-6045bdd69678,UNTRUSTWORTHY_COMMERCIAL_GATE,P0_CONNECT_JOURNEY_REGRESSION:b1169f22-dba2-f111-b8de-6045bdd69435
W1-384,5d4797d0-c27a-f111-ab0f-7c1e525b15c2,The Great Hair Restart,Karen Hill,,,,,7bfcf8ee-c47a-f111-ab0f-000d3a14673b; b026c5ee-c47a-f111-ab0f-6045bdd69678; cce11ef0-c47a-f111-ab0f-00224820105b; fd8ce8e9-c47a-f111-ab0f-00224820105b; ab26c5ee-c47a-f111-ab0f-6045bdd69678; e401ddee-c47a-f111-ab0f-7c1e525b15c2,5d4797d0-c27a-f111-ab0f-7c1e525b15c2,UNTRUSTWORTHY_COMMERCIAL_GATE,P0_CONNECT_JOURNEY_REGRESSION:b1169f22-dba2-f111-b8de-6045bdd69435
W1-385,885f72d0-c27a-f111-ab0f-6045bdd69738,The Healed Me,Maurche Reed,,,,,b6735fe7-c47a-f111-ab0f-6045bdd69738; 0d567be2-c47a-f111-ab0f-000d3a14673b; ea402ce3-c47a-f111-ab0f-6045bdd69435,885f72d0-c27a-f111-ab0f-6045bdd69738,UNTRUSTWORTHY_COMMERCIAL_GATE,P0_CONNECT_JOURNEY_REGRESSION:b1169f22-dba2-f111-b8de-6045bdd69435
W1-386,c2f603d3-c27a-f111-ab0f-000d3a14673b,The Hood,Randall Beverly,,,,,36fad4d5-c47a-f111-ab0f-000d3a1a9efa; 18c94cd6-c47a-f111-ab0f-6045bdd69678,c2f603d3-c27a-f111-ab0f-000d3a14673b,UNTRUSTWORTHY_COMMERCIAL_GATE,P0_CONNECT_JOURNEY_REGRESSION:b1169f22-dba2-f111-b8de-6045bdd69435
W1-387,944b00d4-c27a-f111-ab0f-00224820105b,The Journey,Rosetta Perry,,,,,e1557be2-c47a-f111-ab0f-000d3a14673b; 7e9b5ee2-c47a-f111-ab0f-000d3a1a9efa,944b00d4-c27a-f111-ab0f-00224820105b,UNTRUSTWORTHY_COMMERCIAL_GATE,P0_CONNECT_JOURNEY_REGRESSION:b1169f22-dba2-f111-b8de-6045bdd69435
W1-388,c3f603d3-c27a-f111-ab0f-000d3a14673b,The Master's Piece,Sylvia Benson,,,,,ddad58ed-c47a-f111-ab0f-000d3a9eacee; 6028bee3-c47a-f111-ab0f-00224820105b; 91402ce3-c47a-f111-ab0f-6045bdd69435,c3f603d3-c27a-f111-ab0f-000d3a14673b,UNTRUSTWORTHY_COMMERCIAL_GATE,P0_CONNECT_JOURNEY_REGRESSION:b1169f22-dba2-f111-b8de-6045bdd69435
W1-389,930f6fd3-c27a-f111-ab0f-6045bdd69435,The Messenger,Daphanny Baker,,,,,018de8e9-c47a-f111-ab0f-00224820105b; f701ddee-c47a-f111-ab0f-7c1e525b15c2,930f6fd3-c27a-f111-ab0f-6045bdd69435,UNTRUSTWORTHY_COMMERCIAL_GATE,P0_CONNECT_JOURNEY_REGRESSION:b1169f22-dba2-f111-b8de-6045bdd69435
W1-390,69137ed6-c27a-f111-ab0f-6045bdd69738,The Messenger 2,Daphanny Baker,,,,,eb3e34f5-c47a-f111-ab0f-000d3a14673b; 6a8edcf4-c47a-f111-ab0f-6045bdd69678,69137ed6-c27a-f111-ab0f-6045bdd69738,UNTRUSTWORTHY_COMMERCIAL_GATE,P0_CONNECT_JOURNEY_REGRESSION:b1169f22-dba2-f111-b8de-6045bdd69435
W1-391,07106fd3-c27a-f111-ab0f-6045bdd69435,The Paper Champ,Felix Catheline,,,,,8dfcf8ee-c47a-f111-ab0f-000d3a14673b; fb88eef3-c47a-f111-ab0f-000d3a9eacee,07106fd3-c27a-f111-ab0f-6045bdd69435,UNTRUSTWORTHY_COMMERCIAL_GATE,P0_CONNECT_JOURNEY_REGRESSION:b1169f22-dba2-f111-b8de-6045bdd69435
W1-392,19e01ad3-c27a-f111-ab0f-6045bdd69678,The Princess and the Black-Eyed Pea,Deborah Eiland,,,,,c88f78e8-c47a-f111-ab0f-000d3a1a9efa; ca8f78e8-c47a-f111-ab0f-000d3a1a9efa; 5030bee3-c47a-f111-ab0f-00224820105b,19e01ad3-c27a-f111-ab0f-6045bdd69678,UNTRUSTWORTHY_COMMERCIAL_GATE,P0_CONNECT_JOURNEY_REGRESSION:b1169f22-dba2-f111-b8de-6045bdd69435
W1-393,d7f603d3-c27a-f111-ab0f-000d3a14673b,The Release of the Spirit,Lyle Goddard,,,,,5afad4d5-c47a-f111-ab0f-000d3a1a9efa; 6859e3d6-c47a-f111-ab0f-6045bdd69435,d7f603d3-c27a-f111-ab0f-000d3a14673b,UNTRUSTWORTHY_COMMERCIAL_GATE,P0_CONNECT_JOURNEY_REGRESSION:b1169f22-dba2-f111-b8de-6045bdd69435
W1-394,112ac7e9-b389-f111-ab10-000d3a9eacee,The Shift,Sean Crowley,,,,,,112ac7e9-b389-f111-ab10-000d3a9eacee,UNTRUSTWORTHY_TIMER,P0_CONNECT_JOURNEY_REGRESSION:b1169f22-dba2-f111-b8de-6045bdd69435; PORTFOLIO_WAVE3_CREATE_OPERATOR_TASK_FOR_EXTERNAL_MANUAL_STEP:f19e91f9-229e-f111-b8dc-000d3a14673b
W1-395,94c2a2e6-b389-f111-ab10-6045bdd69738,The Shift,Sean Crowley,,,,,,94c2a2e6-b389-f111-ab10-6045bdd69738,UNTRUSTWORTHY_TIMER,P0_CONNECT_JOURNEY_REGRESSION:b1169f22-dba2-f111-b8de-6045bdd69435; PORTFOLIO_WAVE3_CREATE_OPERATOR_TASK_FOR_EXTERNAL_MANUAL_STEP:088aef0c-239e-f111-b8dc-6045bdd69678
W1-396,62137ed6-c27a-f111-ab0f-6045bdd69738,"The Sun, the Shadow, and the Silence",Devin Gilchrest,,,,,658edcf4-c47a-f111-ab0f-6045bdd69678; 76aff4f4-c47a-f111-ab0f-7c1e525b15c2,62137ed6-c27a-f111-ab0f-6045bdd69738,UNTRUSTWORTHY_COMMERCIAL_GATE,P0_CONNECT_JOURNEY_REGRESSION:b1169f22-dba2-f111-b8de-6045bdd69435
W1-397,c9f603d3-c27a-f111-ab0f-000d3a14673b,Uncomfortable Conversations with God,Leslie Banks,,,,,462d53d0-c47a-f111-ab0f-000d3a14673b; eee394cd-c47a-f111-ab0f-000d3a9eacee,c9f603d3-c27a-f111-ab0f-000d3a14673b,UNTRUSTWORTHY_COMMERCIAL_GATE,P0_CONNECT_JOURNEY_REGRESSION:b1169f22-dba2-f111-b8de-6045bdd69435
W1-398,994b00d4-c27a-f111-ab0f-00224820105b,Understanding the Misunderstood,Tia Benincase,,,,,a285b9dd-c47a-f111-ab0f-00224820105b; a385b9dd-c47a-f111-ab0f-00224820105b,994b00d4-c27a-f111-ab0f-00224820105b,UNTRUSTWORTHY_COMMERCIAL_GATE,P0_CONNECT_JOURNEY_REGRESSION:b1169f22-dba2-f111-b8de-6045bdd69435
W1-399,9d8ffdd6-c27a-f111-ab0f-7c1e525b15c2,War Mother,Winter Dockery,,,,,26a440ef-c47a-f111-ab0f-000d3a1a9efa; b626c5ee-c47a-f111-ab0f-6045bdd69678,9d8ffdd6-c27a-f111-ab0f-7c1e525b15c2,UNTRUSTWORTHY_COMMERCIAL_GATE,P0_CONNECT_JOURNEY_REGRESSION:b1169f22-dba2-f111-b8de-6045bdd69435
W1-400,935f72d0-c27a-f111-ab0f-6045bdd69738,Warrior's Breed,Dean Wilson,,,,,a9735fe7-c47a-f111-ab0f-6045bdd69738; c78f78e8-c47a-f111-ab0f-000d3a1a9efa,935f72d0-c27a-f111-ab0f-6045bdd69738,UNTRUSTWORTHY_COMMERCIAL_GATE,P0_CONNECT_JOURNEY_REGRESSION:b1169f22-dba2-f111-b8de-6045bdd69435
W1-401,d9f603d3-c27a-f111-ab0f-000d3a14673b,Warriors and Angels,Shelley McIntosh,,,,,c326c5ee-c47a-f111-ab0f-6045bdd69678; dbe51ef0-c47a-f111-ab0f-00224820105b,d9f603d3-c27a-f111-ab0f-000d3a14673b,UNTRUSTWORTHY_COMMERCIAL_GATE,P0_CONNECT_JOURNEY_REGRESSION:b1169f22-dba2-f111-b8de-6045bdd69435
W1-402,9a4b00d4-c27a-f111-ab0f-00224820105b,When a Thug Meets Jesus,Mack Hughley,,,,,768edcf4-c47a-f111-ab0f-6045bdd69678; 5ada80f5-c47a-f111-ab0f-000d3a1a9efa,9a4b00d4-c27a-f111-ab0f-00224820105b,UNTRUSTWORTHY_COMMERCIAL_GATE,P0_CONNECT_JOURNEY_REGRESSION:b1169f22-dba2-f111-b8de-6045bdd69435
W1-403,604797d0-c27a-f111-ab0f-7c1e525b15c2,Words of a Troubled Soul,David Williams,,,,,1f85e8e9-c47a-f111-ab0f-00224820105b; 2775c7e6-c47a-f111-ab0f-000d3a9eacee; 069780e2-c47a-f111-ab0f-6045bdd69678,604797d0-c27a-f111-ab0f-7c1e525b15c2,UNTRUSTWORTHY_COMMERCIAL_GATE,P0_CONNECT_JOURNEY_REGRESSION:b1169f22-dba2-f111-b8de-6045bdd69435
W1-404,a74b00d4-c27a-f111-ab0f-00224820105b,You're Still Not Crazy,Carolyn Booker-Pierce,,,,,09fc08e0-c47a-f111-ab0f-000d3a9eacee; af85b9dd-c47a-f111-ab0f-00224820105b,a74b00d4-c27a-f111-ab0f-00224820105b,UNTRUSTWORTHY_COMMERCIAL_GATE,P0_CONNECT_JOURNEY_REGRESSION:b1169f22-dba2-f111-b8de-6045bdd69435
W1-405,66137ed6-c27a-f111-ab0f-6045bdd69738,Your Peace Is a Priority,Kiena Hughley,,,,,2fa440ef-c47a-f111-ab0f-000d3a1a9efa; cde51ef0-c47a-f111-ab0f-00224820105b,66137ed6-c27a-f111-ab0f-6045bdd69738,UNTRUSTWORTHY_COMMERCIAL_GATE,P0_CONNECT_JOURNEY_REGRESSION:b1169f22-dba2-f111-b8de-6045bdd69435
W1-406,2d21ab5b-4d80-f111-ab0f-7c1e525b15c2,The General’s Will and Last Testament,Iyorwuese Hagher,c8c8747e-6675-f111-ab0f-6045bdd69678,,49bb8498-5d75-f111-ab0f-7c1e525b15c2,,3121ab5b-4d80-f111-ab0f-7c1e525b15c2,2d21ab5b-4d80-f111-ab0f-7c1e525b15c2,UNTRUSTWORTHY_COMMERCIAL_GATE,PORTFOLIO_WAVE3_QUEUE_COMMISSIONED_EDITORIAL_JOB:48741af6-229e-f111-b8dc-7c1e525b15c2; PORTFOLIO_QUEUE_COMMISSIONED_JOB:3e52a404-199e-f111-b8dc-000d3a14673b
W1-407,e797232b-da7a-f111-ab0f-00224820105b,The Intentional Leader,Jackie Smith Jr,d38aa56a-882a-f111-88b4-6045bdd69678,1f0188ca-71a5-f111-b8de-7c1e525b15c2,64aa3c46-6076-f111-ab0f-00224820105b,51549300-4978-f111-ab0f-000d3a14673b,c9dc862e-da7a-f111-ab0f-000d3a14673b,e797232b-da7a-f111-ab0f-00224820105b; 51549300-4978-f111-ab0f-000d3a14673b,UNTRUSTWORTHY_PROJECTION,PACKAGE_SELECTED | fac2dd10-6a78-f111-ab0f-7c1e525b15c2 | Paid Confirmed; 2026-07-05T08:36:10Z | PORTFOLIO_WAVE3_CREATE_NEXT_PRODUCTION_WORK_ITEM:c97e60e0-07a0-f111-b8dc-7c1e525b15c2; PORTFOLIO_WAVE3_CREATE_NEXT_PRODUCTION_WORK_ITEM:d53c43f3-229e-f111-b8dc-000d3a14673b
W1-408,a69b9dfa-bb7b-f111-ab0f-7c1e525b15c2,The Long Watch,Jackie Smith Jr,a7801f4d-1d76-f111-ab0f-6045bdd69435,,72963b3f-1d76-f111-ab0f-6045bdd69678,,0b30451e-be7b-f111-ab0f-7c1e525b15c2,a69b9dfa-bb7b-f111-ab0f-7c1e525b15c2,UNTRUSTWORTHY_COMMERCIAL_GATE,PORTFOLIO_WAVE3_QUEUE_COMMISSIONED_EDITORIAL_JOB:29125e2f-5ba1-f111-b8dc-6045bdd69738; PORTFOLIO_WAVE3_CREATE_OPERATOR_TASK_FOR_EXTERNAL_MANUAL_STEP:4fc7fc0b-239e-f111-b8dc-00224820105b
