TASK_ID,AUTHOR,TITLE,BLOCK,TASK_TYPE,CREATED_ON,CURRENT_STATUS,CURRENT_TITLE_STATE,CURRENT_ARTIFACT,CURRENT_WAITING_ON,SOURCE_EVIDENCE,CURRENT_AUTHORITY,ACTIONABLE_NOW,MUTATION_REQUIRED,DISPOSITION_CLASS,CLOSE_MODE
b524ea8806aa75545563545b,DATA_GAP,27 Days to Overcoming Depression: Debunking All the Lies,DATA_GAP,CREATE_OPERATOR_TASK_FOR_EXTERNAL_MANUAL_STEP,2026-08-26T20:58:10.888Z,WAITING_ON_JMP,DATA_GAP / DATA_GAP,DATA_GAP,JMP,Dataverse:jm1pub_title:6e27c7bc-c37a-f111-ab0f-000d3a14673b,"Active title row lacks deterministic author relationship in controller readback; likely legacy/import reconciliation, not immediate production work.",NO,YES_IF_DETERMINISTIC_AUTHOR_LINK_PROVEN,LEGACY_RECONCILIATION_REQUIRED,CONSOLIDATE_TO_LEGACY_RECONCILIATION
c1b8d0903d0e97d56e953603,DATA_GAP,A Principal's Tale: A Self-Determined Leader,DATA_GAP,CREATE_OPERATOR_TASK_FOR_EXTERNAL_MANUAL_STEP,2026-08-26T20:58:10.888Z,WAITING_ON_JMP,DATA_GAP / DATA_GAP,DATA_GAP,JMP,Dataverse:jm1pub_title:6f27c7bc-c37a-f111-ab0f-000d3a14673b,"Active title row lacks deterministic author relationship in controller readback; likely legacy/import reconciliation, not immediate production work.",NO,YES_IF_DETERMINISTIC_AUTHOR_LINK_PROVEN,LEGACY_RECONCILIATION_REQUIRED,CONSOLIDATE_TO_LEGACY_RECONCILIATION
068664a36591bd97d0655450,DATA_GAP,Abortion!: George and Giovanna,DATA_GAP,CREATE_OPERATOR_TASK_FOR_EXTERNAL_MANUAL_STEP,2026-08-26T20:58:10.888Z,WAITING_ON_JMP,DATA_GAP / DATA_GAP,DATA_GAP,JMP,Dataverse:jm1pub_title:7742c1c2-c37a-f111-ab0f-000d3a14673b,"Active title row lacks deterministic author relationship in controller readback; likely legacy/import reconciliation, not immediate production work.",NO,YES_IF_DETERMINISTIC_AUTHOR_LINK_PROVEN,LEGACY_RECONCILIATION_REQUIRED,CONSOLIDATE_TO_LEGACY_RECONCILIATION
b3443252707b3acb013567a9,DATA_GAP,Because the Lord is My Shepherd: Psalm 23 and Me,DATA_GAP,CREATE_OPERATOR_TASK_FOR_EXTERNAL_MANUAL_STEP,2026-08-26T20:58:10.888Z,WAITING_ON_JMP,DATA_GAP / DATA_GAP,DATA_GAP,JMP,Dataverse:jm1pub_title:7942c1c2-c37a-f111-ab0f-000d3a14673b,"Active title row lacks deterministic author relationship in controller readback; likely legacy/import reconciliation, not immediate production work.",NO,YES_IF_DETERMINISTIC_AUTHOR_LINK_PROVEN,LEGACY_RECONCILIATION_REQUIRED,CONSOLIDATE_TO_LEGACY_RECONCILIATION
ee68add689f3582dd7bfafc9,DATA_GAP,Bodacious: Controversial and Provocative,DATA_GAP,CREATE_OPERATOR_TASK_FOR_EXTERNAL_MANUAL_STEP,2026-08-26T20:58:10.888Z,WAITING_ON_JMP,DATA_GAP / DATA_GAP,DATA_GAP,JMP,Dataverse:jm1pub_title:8642c1c2-c37a-f111-ab0f-000d3a14673b,"Active title row lacks deterministic author relationship in controller readback; likely legacy/import reconciliation, not immediate production work.",NO,YES_IF_DETERMINISTIC_AUTHOR_LINK_PROVEN,LEGACY_RECONCILIATION_REQUIRED,CONSOLIDATE_TO_LEGACY_RECONCILIATION
14c7d4e1274173b4c3b85bb2,DATA_GAP,Connected!: Unlocking the DNA of Authentic Prayer - 2nd Edition,DATA_GAP,CREATE_OPERATOR_TASK_FOR_EXTERNAL_MANUAL_STEP,2026-08-26T20:58:10.888Z,WAITING_ON_JMP,DATA_GAP / DATA_GAP,DATA_GAP,JMP,Dataverse:jm1pub_title:8742c1c2-c37a-f111-ab0f-000d3a14673b,"Active title row lacks deterministic author relationship in controller readback; likely legacy/import reconciliation, not immediate production work.",NO,YES_IF_DETERMINISTIC_AUTHOR_LINK_PROVEN,LEGACY_RECONCILIATION_REQUIRED,CONSOLIDATE_TO_LEGACY_RECONCILIATION
013a414452a70ffc3ef19077,DATA_GAP,More Than A Village: Raising Black Men in America,DATA_GAP,CREATE_OPERATOR_TASK_FOR_EXTERNAL_MANUAL_STEP,2026-08-26T20:58:10.888Z,WAITING_ON_JMP,DATA_GAP / DATA_GAP,DATA_GAP,JMP,Dataverse:jm1pub_title:1759fcc8-c37a-f111-ab0f-000d3a14673b,"Active title row lacks deterministic author relationship in controller readback; likely legacy/import reconciliation, not immediate production work.",NO,YES_IF_DETERMINISTIC_AUTHOR_LINK_PROVEN,LEGACY_RECONCILIATION_REQUIRED,CONSOLIDATE_TO_LEGACY_RECONCILIATION
0c58afba73df523525c6bdb3,DATA_GAP,The Great Hair Restart: The Journal,DATA_GAP,CREATE_OPERATOR_TASK_FOR_EXTERNAL_MANUAL_STEP,2026-08-26T20:58:10.888Z,WAITING_ON_JMP,DATA_GAP / DATA_GAP,DATA_GAP,JMP,Dataverse:jm1pub_title:0a6386cf-c37a-f111-ab0f-000d3a14673b,"Active title row lacks deterministic author relationship in controller readback; likely legacy/import reconciliation, not immediate production work.",NO,YES_IF_DETERMINISTIC_AUTHOR_LINK_PROVEN,LEGACY_RECONCILIATION_REQUIRED,CONSOLIDATE_TO_LEGACY_RECONCILIATION
e83155a6a705007d39d00fe0,DATA_GAP,The Journey: The Inspiration and Message Behind the Music,DATA_GAP,CREATE_OPERATOR_TASK_FOR_EXTERNAL_MANUAL_STEP,2026-08-26T20:58:10.888Z,WAITING_ON_JMP,DATA_GAP / DATA_GAP,DATA_GAP,JMP,Dataverse:jm1pub_title:0d6386cf-c37a-f111-ab0f-000d3a14673b,"Active title row lacks deterministic author relationship in controller readback; likely legacy/import reconciliation, not immediate production work.",NO,YES_IF_DETERMINISTIC_AUTHOR_LINK_PROVEN,LEGACY_RECONCILIATION_REQUIRED,CONSOLIDATE_TO_LEGACY_RECONCILIATION
dd164503621effa8f00756e8,DATA_GAP,You're Still Not Crazy: You May Be An Empath Dealing With A Narcissist,DATA_GAP,CREATE_OPERATOR_TASK_FOR_EXTERNAL_MANUAL_STEP,2026-08-26T20:58:10.888Z,WAITING_ON_JMP,DATA_GAP / DATA_GAP,DATA_GAP,JMP,Dataverse:jm1pub_title:226386cf-c37a-f111-ab0f-000d3a14673b,"Active title row lacks deterministic author relationship in controller readback; likely legacy/import reconciliation, not immediate production work.",NO,YES_IF_DETERMINISTIC_AUTHOR_LINK_PROVEN,LEGACY_RECONCILIATION_REQUIRED,CONSOLIDATE_TO_LEGACY_RECONCILIATION
87512da780b6c35e1702f473,Ericka Johnson Settles,7 Step Jumpstart to Becoming Your Best Self,DATA_GAP,CREATE_OPERATOR_TASK_FOR_EXTERNAL_MANUAL_STEP,2026-08-26T20:58:10.888Z,WAITING_ON_JMP,DATA_GAP / DATA_GAP,DATA_GAP,JMP,Dataverse:jm1pub_title:8e0402da-b389-f111-ab10-000d3a14673b,Historical/backlist/terminal-state conflict is not live production work. Preserve evidence and remove from current operator workload unless separate legal/legacy review is opened.,NO,NO,ARCHIVE / CLOSE_NO_MUTATION,ARCHIVE_OR_CLOSE_NO_MUTATION
a707f734dc6fd7ab03e4788f,Jaylonna Stevette,Almost Happy,DATA_GAP,CREATE_OPERATOR_TASK_FOR_EXTERNAL_MANUAL_STEP,2026-08-26T20:58:10.888Z,WAITING_ON_JMP,DATA_GAP / DATA_GAP,DATA_GAP,JMP,Dataverse:jm1pub_title:a00402da-b389-f111-ab10-000d3a14673b,Historical/backlist/terminal-state conflict is not live production work. Preserve evidence and remove from current operator workload unless separate legal/legacy review is opened.,NO,NO,ARCHIVE / CLOSE_NO_MUTATION,ARCHIVE_OR_CLOSE_NO_MUTATION
e807d2fa6a2ac62855f26b9f,Deborah Eiland,BEE Careful,DATA_GAP,CREATE_OPERATOR_TASK_FOR_EXTERNAL_MANUAL_STEP,2026-08-26T20:58:10.888Z,WAITING_ON_JMP,DATA_GAP / DATA_GAP,DATA_GAP,JMP,Dataverse:jm1pub_title:a60402da-b389-f111-ab10-000d3a14673b,Historical/backlist/terminal-state conflict is not live production work. Preserve evidence and remove from current operator workload unless separate legal/legacy review is opened.,NO,NO,ARCHIVE / CLOSE_NO_MUTATION,ARCHIVE_OR_CLOSE_NO_MUTATION
808c0d9914ec80be2ac55d4c,Agape International Cathedral,Delicious Ideas!,DATA_GAP,CREATE_OPERATOR_TASK_FOR_EXTERNAL_MANUAL_STEP,2026-08-26T20:58:10.888Z,WAITING_ON_JMP,DATA_GAP / DATA_GAP,DATA_GAP,JMP,Dataverse:jm1pub_title:ba0402da-b389-f111-ab10-000d3a14673b,Historical/backlist/terminal-state conflict is not live production work. Preserve evidence and remove from current operator workload unless separate legal/legacy review is opened.,NO,NO,ARCHIVE / CLOSE_NO_MUTATION,ARCHIVE_OR_CLOSE_NO_MUTATION
657c3d08ef6e75abef3e39b2,"Sean Smith, Sr.",Destined to Break the Curse,DATA_GAP,CREATE_OPERATOR_TASK_FOR_EXTERNAL_MANUAL_STEP,2026-08-26T20:58:10.888Z,WAITING_ON_JMP,DATA_GAP / DATA_GAP,DATA_GAP,JMP,Dataverse:jm1pub_title:af7e1ee0-b389-f111-ab10-000d3a14673b,Historical/backlist/terminal-state conflict is not live production work. Preserve evidence and remove from current operator workload unless separate legal/legacy review is opened.,NO,NO,ARCHIVE / CLOSE_NO_MUTATION,ARCHIVE_OR_CLOSE_NO_MUTATION
0ba1ca1b4e2baf09c4f1809e,Terry Stephens,Discipline and Direction,DATA_GAP,CREATE_OPERATOR_TASK_FOR_EXTERNAL_MANUAL_STEP,2026-08-26T20:58:10.888Z,WAITING_ON_JMP,DATA_GAP / DATA_GAP,DATA_GAP,JMP,Dataverse:jm1pub_title:b17e1ee0-b389-f111-ab10-000d3a14673b,Historical/backlist/terminal-state conflict is not live production work. Preserve evidence and remove from current operator workload unless separate legal/legacy review is opened.,NO,NO,ARCHIVE / CLOSE_NO_MUTATION,ARCHIVE_OR_CLOSE_NO_MUTATION
7ac129c2c88f88226af2e136,Regina Scales,Divinely Inspired,DATA_GAP,CREATE_OPERATOR_TASK_FOR_EXTERNAL_MANUAL_STEP,2026-08-26T20:58:10.888Z,WAITING_ON_JMP,DATA_GAP / DATA_GAP,DATA_GAP,JMP,Dataverse:jm1pub_title:b27e1ee0-b389-f111-ab10-000d3a14673b,Historical/backlist/terminal-state conflict is not live production work. Preserve evidence and remove from current operator workload unless separate legal/legacy review is opened.,NO,NO,ARCHIVE / CLOSE_NO_MUTATION,ARCHIVE_OR_CLOSE_NO_MUTATION
fa9861be52dabb13b5e3d501,"Jackie Smith, Jr.",Establishing Glory,DATA_GAP,CREATE_OPERATOR_TASK_FOR_EXTERNAL_MANUAL_STEP,2026-08-26T20:58:10.888Z,WAITING_ON_JMP,DATA_GAP / DATA_GAP,DATA_GAP,JMP,Dataverse:jm1pub_title:b37e1ee0-b389-f111-ab10-000d3a14673b,Current editorial artifact binding remains required. Do not move stage until exact current artifact/checksum is recovered.,NO,YES_AFTER_EVIDENCE_RECOVERY,MISSING_EVIDENCE_RECOVERABLE,KEEP_SINGLE_EVIDENCE_RECOVERY_TASK
093e26564389b356e6a717ca,"Jackie Smith, Jr.",Establishing Glory: The Praise and Worship Handbook,DATA_GAP,CREATE_OPERATOR_TASK_FOR_EXTERNAL_MANUAL_STEP,2026-08-26T20:58:10.888Z,WAITING_ON_JMP,DATA_GAP / DATA_GAP,DATA_GAP,JMP,Dataverse:jm1pub_title:b47e1ee0-b389-f111-ab10-000d3a14673b,Current editorial artifact binding remains required. Do not move stage until exact current artifact/checksum is recovered.,NO,YES_AFTER_EVIDENCE_RECOVERY,MISSING_EVIDENCE_RECOVERABLE,KEEP_SINGLE_EVIDENCE_RECOVERY_TASK
e8d6f5617a2d55a4cb4c6476,Kelli Milligan Stammen,For What It's Worth,DATA_GAP,CREATE_OPERATOR_TASK_FOR_EXTERNAL_MANUAL_STEP,2026-08-26T20:58:10.888Z,WAITING_ON_JMP,DATA_GAP / DATA_GAP,DATA_GAP,JMP,Dataverse:jm1pub_title:b57e1ee0-b389-f111-ab10-000d3a14673b,Historical/backlist/terminal-state conflict is not live production work. Preserve evidence and remove from current operator workload unless separate legal/legacy review is opened.,NO,NO,ARCHIVE / CLOSE_NO_MUTATION,ARCHIVE_OR_CLOSE_NO_MUTATION
57e33a01ee139e0cb2d2882e,Karen Hill,From Stylist to CEO,DATA_GAP,CREATE_OPERATOR_TASK_FOR_EXTERNAL_MANUAL_STEP,2026-08-26T20:58:10.888Z,WAITING_ON_JMP,DATA_GAP / DATA_GAP,DATA_GAP,JMP,Dataverse:jm1pub_title:b67e1ee0-b389-f111-ab10-000d3a14673b,Historical/backlist/terminal-state conflict is not live production work. Preserve evidence and remove from current operator workload unless separate legal/legacy review is opened.,NO,NO,ARCHIVE / CLOSE_NO_MUTATION,ARCHIVE_OR_CLOSE_NO_MUTATION
97eafd55663e358f7a8e0cdf,Cheryl Travis,"Help God, I Am Hurt",DATA_GAP,CREATE_OPERATOR_TASK_FOR_EXTERNAL_MANUAL_STEP,2026-08-26T20:58:10.888Z,WAITING_ON_JMP,DATA_GAP / DATA_GAP,DATA_GAP,JMP,Dataverse:jm1pub_title:b97e1ee0-b389-f111-ab10-000d3a14673b,Historical/backlist/terminal-state conflict is not live production work. Preserve evidence and remove from current operator workload unless separate legal/legacy review is opened.,NO,NO,ARCHIVE / CLOSE_NO_MUTATION,ARCHIVE_OR_CLOSE_NO_MUTATION
bcdb8183d31392a792a724b1,Cheryl Travis,"Help God, I Am Sad",DATA_GAP,CREATE_OPERATOR_TASK_FOR_EXTERNAL_MANUAL_STEP,2026-08-26T20:58:10.888Z,WAITING_ON_JMP,DATA_GAP / DATA_GAP,DATA_GAP,JMP,Dataverse:jm1pub_title:bc7e1ee0-b389-f111-ab10-000d3a14673b,Historical/backlist/terminal-state conflict is not live production work. Preserve evidence and remove from current operator workload unless separate legal/legacy review is opened.,NO,NO,ARCHIVE / CLOSE_NO_MUTATION,ARCHIVE_OR_CLOSE_NO_MUTATION
8db37816feadb68d298ddb8e,Mildred Beard,Hodge Podge of Life,DATA_GAP,CREATE_OPERATOR_TASK_FOR_EXTERNAL_MANUAL_STEP,2026-08-26T20:58:10.888Z,WAITING_ON_JMP,DATA_GAP / DATA_GAP,DATA_GAP,JMP,Dataverse:jm1pub_title:bd7e1ee0-b389-f111-ab10-000d3a14673b,Historical/backlist/terminal-state conflict is not live production work. Preserve evidence and remove from current operator workload unless separate legal/legacy review is opened.,NO,NO,ARCHIVE / CLOSE_NO_MUTATION,ARCHIVE_OR_CLOSE_NO_MUTATION
92ea3045549fe9b9e01e5218,Maurche Reed,I Am My Worst Enemy!,DATA_GAP,CREATE_OPERATOR_TASK_FOR_EXTERNAL_MANUAL_STEP,2026-08-26T20:58:10.888Z,WAITING_ON_JMP,DATA_GAP / DATA_GAP,DATA_GAP,JMP,Dataverse:jm1pub_title:bf7e1ee0-b389-f111-ab10-000d3a14673b,Historical/backlist/terminal-state conflict is not live production work. Preserve evidence and remove from current operator workload unless separate legal/legacy review is opened.,NO,NO,ARCHIVE / CLOSE_NO_MUTATION,ARCHIVE_OR_CLOSE_NO_MUTATION
7d7ad5254ef6a615d6e18beb,Deborah Eiland,Jalen Becomes a Big Brother,DATA_GAP,CREATE_OPERATOR_TASK_FOR_EXTERNAL_MANUAL_STEP,2026-08-26T20:58:10.888Z,WAITING_ON_JMP,DATA_GAP / DATA_GAP,DATA_GAP,JMP,Dataverse:jm1pub_title:c17e1ee0-b389-f111-ab10-000d3a14673b,Historical/backlist/terminal-state conflict is not live production work. Preserve evidence and remove from current operator workload unless separate legal/legacy review is opened.,NO,NO,ARCHIVE / CLOSE_NO_MUTATION,ARCHIVE_OR_CLOSE_NO_MUTATION
878b1377d04019556287451d,Adrean Young,Just What I Needed,DATA_GAP,CREATE_OPERATOR_TASK_FOR_EXTERNAL_MANUAL_STEP,2026-08-26T20:58:10.888Z,WAITING_ON_JMP,DATA_GAP / DATA_GAP,DATA_GAP,JMP,Dataverse:jm1pub_title:c27e1ee0-b389-f111-ab10-000d3a14673b,Historical/backlist/terminal-state conflict is not live production work. Preserve evidence and remove from current operator workload unless separate legal/legacy review is opened.,NO,NO,ARCHIVE / CLOSE_NO_MUTATION,ARCHIVE_OR_CLOSE_NO_MUTATION
e930546b64920afc03bc4d30,Marvin Grayson,Mirror of Refining Insight,DATA_GAP,CREATE_OPERATOR_TASK_FOR_EXTERNAL_MANUAL_STEP,2026-08-26T20:58:10.888Z,WAITING_ON_JMP,DATA_GAP / DATA_GAP,DATA_GAP,JMP,Dataverse:jm1pub_title:f48be1e6-b389-f111-ab10-000d3a14673b,Historical/backlist/terminal-state conflict is not live production work. Preserve evidence and remove from current operator workload unless separate legal/legacy review is opened.,NO,NO,ARCHIVE / CLOSE_NO_MUTATION,ARCHIVE_OR_CLOSE_NO_MUTATION
6f83ad410d3c1c29bbb164d0,Wayne Pounds,Number 23 and Me,DATA_GAP,CREATE_OPERATOR_TASK_FOR_EXTERNAL_MANUAL_STEP,2026-08-26T20:58:10.888Z,WAITING_ON_JMP,DATA_GAP / DATA_GAP,DATA_GAP,JMP,Dataverse:jm1pub_title:f58be1e6-b389-f111-ab10-000d3a14673b,Historical/backlist/terminal-state conflict is not live production work. Preserve evidence and remove from current operator workload unless separate legal/legacy review is opened.,NO,NO,ARCHIVE / CLOSE_NO_MUTATION,ARCHIVE_OR_CLOSE_NO_MUTATION
ee5d8cdf3992fffddc873ddf,Ashanti Flemister,Pieces of Me All Over the Place,DATA_GAP,CREATE_OPERATOR_TASK_FOR_EXTERNAL_MANUAL_STEP,2026-08-26T20:58:10.888Z,WAITING_ON_JMP,DATA_GAP / DATA_GAP,DATA_GAP,JMP,Dataverse:jm1pub_title:f68be1e6-b389-f111-ab10-000d3a14673b,Historical/backlist/terminal-state conflict is not live production work. Preserve evidence and remove from current operator workload unless separate legal/legacy review is opened.,NO,NO,ARCHIVE / CLOSE_NO_MUTATION,ARCHIVE_OR_CLOSE_NO_MUTATION
eb71b51f81a60d2f3e491f55,Natasha Gilchrest,Pretty Wings,DATA_GAP,CREATE_OPERATOR_TASK_FOR_EXTERNAL_MANUAL_STEP,2026-08-26T20:58:10.888Z,WAITING_ON_JMP,DATA_GAP / DATA_GAP,DATA_GAP,JMP,Dataverse:jm1pub_title:f78be1e6-b389-f111-ab10-000d3a14673b,Historical/backlist/terminal-state conflict is not live production work. Preserve evidence and remove from current operator workload unless separate legal/legacy review is opened.,NO,NO,ARCHIVE / CLOSE_NO_MUTATION,ARCHIVE_OR_CLOSE_NO_MUTATION
6fb56d27abd64a01dffdc19b,M Darlene Carson,She,DATA_GAP,CREATE_OPERATOR_TASK_FOR_EXTERNAL_MANUAL_STEP,2026-08-26T20:58:10.888Z,WAITING_ON_JMP,DATA_GAP / DATA_GAP,DATA_GAP,JMP,Dataverse:jm1pub_title:f88be1e6-b389-f111-ab10-000d3a14673b,Historical/backlist/terminal-state conflict is not live production work. Preserve evidence and remove from current operator workload unless separate legal/legacy review is opened.,NO,NO,ARCHIVE / CLOSE_NO_MUTATION,ARCHIVE_OR_CLOSE_NO_MUTATION
9b82a871ba250bbb75e09bf7,Iyorwuese Hagher,The Conquest of Azenga,DATA_GAP,CREATE_OPERATOR_TASK_FOR_EXTERNAL_MANUAL_STEP,2026-08-26T20:58:10.888Z,WAITING_ON_JMP,DATA_GAP / DATA_GAP,DATA_GAP,JMP,Dataverse:jm1pub_title:fc8be1e6-b389-f111-ab10-000d3a14673b,Historical/backlist/terminal-state conflict is not live production work. Preserve evidence and remove from current operator workload unless separate legal/legacy review is opened.,NO,NO,ARCHIVE / CLOSE_NO_MUTATION,ARCHIVE_OR_CLOSE_NO_MUTATION
57b9a1cb650c1cbe3cccb65a,Cheryl Cook,The Fight for the Promiseland,DATA_GAP,CREATE_OPERATOR_TASK_FOR_EXTERNAL_MANUAL_STEP,2026-08-26T20:58:10.888Z,WAITING_ON_JMP,DATA_GAP / DATA_GAP,DATA_GAP,JMP,Dataverse:jm1pub_title:fd8be1e6-b389-f111-ab10-000d3a14673b,Historical/backlist/terminal-state conflict is not live production work. Preserve evidence and remove from current operator workload unless separate legal/legacy review is opened.,NO,NO,ARCHIVE / CLOSE_NO_MUTATION,ARCHIVE_OR_CLOSE_NO_MUTATION
f0b8f21dc245ac120bd1e250,Deborah Eiland,The Girl with the Ebony Locs and the Three Bears,DATA_GAP,CREATE_OPERATOR_TASK_FOR_EXTERNAL_MANUAL_STEP,2026-08-26T20:58:10.888Z,WAITING_ON_JMP,DATA_GAP / DATA_GAP,DATA_GAP,JMP,Dataverse:jm1pub_title:fe8be1e6-b389-f111-ab10-000d3a14673b,Historical/backlist/terminal-state conflict is not live production work. Preserve evidence and remove from current operator workload unless separate legal/legacy review is opened.,NO,NO,ARCHIVE / CLOSE_NO_MUTATION,ARCHIVE_OR_CLOSE_NO_MUTATION
025766511446ecf84e35a573,Karen Hill,The Great Hair Restart,DATA_GAP,CREATE_OPERATOR_TASK_FOR_EXTERNAL_MANUAL_STEP,2026-08-26T20:58:10.888Z,WAITING_ON_JMP,DATA_GAP / DATA_GAP,DATA_GAP,JMP,Dataverse:jm1pub_title:038ce1e6-b389-f111-ab10-000d3a14673b,Historical/backlist/terminal-state conflict is not live production work. Preserve evidence and remove from current operator workload unless separate legal/legacy review is opened.,NO,NO,ARCHIVE / CLOSE_NO_MUTATION,ARCHIVE_OR_CLOSE_NO_MUTATION
8855c74282bbca63820bf6d4,Maurche Reed,The Healed Me,DATA_GAP,CREATE_OPERATOR_TASK_FOR_EXTERNAL_MANUAL_STEP,2026-08-26T20:58:10.888Z,WAITING_ON_JMP,DATA_GAP / DATA_GAP,DATA_GAP,JMP,Dataverse:jm1pub_title:098ce1e6-b389-f111-ab10-000d3a14673b,Historical/backlist/terminal-state conflict is not live production work. Preserve evidence and remove from current operator workload unless separate legal/legacy review is opened.,NO,NO,ARCHIVE / CLOSE_NO_MUTATION,ARCHIVE_OR_CLOSE_NO_MUTATION
496cb6df08e826f42a6ccb1c,Daphanny Baker,The Messenger 2,DATA_GAP,CREATE_OPERATOR_TASK_FOR_EXTERNAL_MANUAL_STEP,2026-08-26T20:58:10.888Z,WAITING_ON_JMP,DATA_GAP / DATA_GAP,DATA_GAP,JMP,Dataverse:jm1pub_title:0e8ce1e6-b389-f111-ab10-000d3a14673b,Historical/backlist/terminal-state conflict is not live production work. Preserve evidence and remove from current operator workload unless separate legal/legacy review is opened.,NO,NO,ARCHIVE / CLOSE_NO_MUTATION,ARCHIVE_OR_CLOSE_NO_MUTATION
97962749810f70bf76957f3b,Shaniqua Williams,The Never Before Told Story of the Gelatin Monster,DATA_GAP,CREATE_OPERATOR_TASK_FOR_EXTERNAL_MANUAL_STEP,2026-08-26T20:58:10.888Z,WAITING_ON_JMP,DATA_GAP / DATA_GAP,DATA_GAP,JMP,Dataverse:jm1pub_title:0f8ce1e6-b389-f111-ab10-000d3a14673b,Historical/backlist/terminal-state conflict is not live production work. Preserve evidence and remove from current operator workload unless separate legal/legacy review is opened.,NO,NO,ARCHIVE / CLOSE_NO_MUTATION,ARCHIVE_OR_CLOSE_NO_MUTATION
97d5c409ffd709aac0bc3ebd,Lyle Goddard,The Release of the Spirit,DATA_GAP,CREATE_OPERATOR_TASK_FOR_EXTERNAL_MANUAL_STEP,2026-08-26T20:58:10.888Z,WAITING_ON_JMP,DATA_GAP / DATA_GAP,DATA_GAP,JMP,Dataverse:jm1pub_title:118ce1e6-b389-f111-ab10-000d3a14673b,Historical/backlist/terminal-state conflict is not live production work. Preserve evidence and remove from current operator workload unless separate legal/legacy review is opened.,NO,NO,ARCHIVE / CLOSE_NO_MUTATION,ARCHIVE_OR_CLOSE_NO_MUTATION
78b579e2ff3fe5e2f30cc735,Winter Dockery,War Mother,DATA_GAP,CREATE_OPERATOR_TASK_FOR_EXTERNAL_MANUAL_STEP,2026-08-26T20:58:10.888Z,WAITING_ON_JMP,DATA_GAP / DATA_GAP,DATA_GAP,JMP,Dataverse:jm1pub_title:128ce1e6-b389-f111-ab10-000d3a14673b,Historical/backlist/terminal-state conflict is not live production work. Preserve evidence and remove from current operator workload unless separate legal/legacy review is opened.,NO,NO,ARCHIVE / CLOSE_NO_MUTATION,ARCHIVE_OR_CLOSE_NO_MUTATION
a8ff75df5b5f9feb3da8db2e,David Williams,Words of A Troubled Soul,DATA_GAP,CREATE_OPERATOR_TASK_FOR_EXTERNAL_MANUAL_STEP,2026-08-26T20:58:10.888Z,WAITING_ON_JMP,DATA_GAP / DATA_GAP,DATA_GAP,JMP,Dataverse:jm1pub_title:bc4188ed-b389-f111-ab10-000d3a14673b,Historical/backlist/terminal-state conflict is not live production work. Preserve evidence and remove from current operator workload unless separate legal/legacy review is opened.,NO,NO,ARCHIVE / CLOSE_NO_MUTATION,ARCHIVE_OR_CLOSE_NO_MUTATION
1781cd5a27bfa8cf7ed059d0,JM1 Duplicate20260727173641,JM1 Duplicate Proof 20260727173641,EDITORIAL_REVIEW_RECOMMENDATION,CREATE_OPERATOR_TASK_FOR_EXTERNAL_MANUAL_STEP,2026-08-26T20:58:10.888Z,WAITING_ON_JMP,EDITORIAL_REVIEW_RECOMMENDATION / DATA_GAP,DATA_GAP,JMP,Dataverse:jm1pub_title:39515cd9-7a8a-f111-ab10-000d3a1a9efa; Dataverse:jm1pub_editorialstage:e97890db-7a8a-f111-ab10-000d3a14673b,"Synthetic/certification proof rows are evidence, not live publishing work.",NO,NO,NO_LONGER_APPLICABLE,ARCHIVE_WITH_HISTORY
b6e0be2ebc97d018975037cd,J Derrick Johnson,100 Wisdom Lessons for Life and Living,DATA_GAP,CREATE_OPERATOR_TASK_FOR_EXTERNAL_MANUAL_STEP,2026-08-26T20:58:10.888Z,WAITING_ON_JMP,DATA_GAP / DATA_GAP,DATA_GAP,JMP,Dataverse:jm1pub_title:fad1c5d7-b389-f111-ab10-000d3a9eacee,Historical/backlist/terminal-state conflict is not live production work. Preserve evidence and remove from current operator workload unless separate legal/legacy review is opened.,NO,NO,ARCHIVE / CLOSE_NO_MUTATION,ARCHIVE_OR_CLOSE_NO_MUTATION
07e76755280c80ad46e860f6,Alesia Corpening,"A Truebies Guide, Part 1",DATA_GAP,CREATE_OPERATOR_TASK_FOR_EXTERNAL_MANUAL_STEP,2026-08-26T20:58:10.888Z,WAITING_ON_JMP,DATA_GAP / DATA_GAP,DATA_GAP,JMP,Dataverse:jm1pub_title:11d2c5d7-b389-f111-ab10-000d3a9eacee,Historical/backlist/terminal-state conflict is not live production work. Preserve evidence and remove from current operator workload unless separate legal/legacy review is opened.,NO,NO,ARCHIVE / CLOSE_NO_MUTATION,ARCHIVE_OR_CLOSE_NO_MUTATION
f4c1c12691379af60e1d35a1,Deborah Eiland,BEE Careful,DATA_GAP,CREATE_OPERATOR_TASK_FOR_EXTERNAL_MANUAL_STEP,2026-08-26T20:58:10.888Z,WAITING_ON_JMP,DATA_GAP / DATA_GAP,DATA_GAP,JMP,Dataverse:jm1pub_title:04dac7dd-b389-f111-ab10-000d3a9eacee,Historical/backlist/terminal-state conflict is not live production work. Preserve evidence and remove from current operator workload unless separate legal/legacy review is opened.,NO,NO,ARCHIVE / CLOSE_NO_MUTATION,ARCHIVE_OR_CLOSE_NO_MUTATION
8c43bbf3d3997946afc1fb0c,Deborah Eiland,BEE Careful,DATA_GAP,CREATE_OPERATOR_TASK_FOR_EXTERNAL_MANUAL_STEP,2026-08-26T20:58:10.888Z,WAITING_ON_JMP,DATA_GAP / DATA_GAP,DATA_GAP,JMP,Dataverse:jm1pub_title:06dac7dd-b389-f111-ab10-000d3a9eacee,Historical/backlist/terminal-state conflict is not live production work. Preserve evidence and remove from current operator workload unless separate legal/legacy review is opened.,NO,NO,ARCHIVE / CLOSE_NO_MUTATION,ARCHIVE_OR_CLOSE_NO_MUTATION
8c75583b70b7f61bbfe7090f,Nathaniel Short,Bodacious,DATA_GAP,CREATE_OPERATOR_TASK_FOR_EXTERNAL_MANUAL_STEP,2026-08-26T20:58:10.888Z,WAITING_ON_JMP,DATA_GAP / DATA_GAP,DATA_GAP,JMP,Dataverse:jm1pub_title:07dac7dd-b389-f111-ab10-000d3a9eacee,Historical/backlist/terminal-state conflict is not live production work. Preserve evidence and remove from current operator workload unless separate legal/legacy review is opened.,NO,NO,ARCHIVE / CLOSE_NO_MUTATION,ARCHIVE_OR_CLOSE_NO_MUTATION
1bb5450a633f13176c2c1f20,Dennis Brown,Connected!,DATA_GAP,CREATE_OPERATOR_TASK_FOR_EXTERNAL_MANUAL_STEP,2026-08-26T20:58:10.888Z,WAITING_ON_JMP,DATA_GAP / DATA_GAP,DATA_GAP,JMP,Dataverse:jm1pub_title:08dac7dd-b389-f111-ab10-000d3a9eacee,Historical/backlist/terminal-state conflict is not live production work. Preserve evidence and remove from current operator workload unless separate legal/legacy review is opened.,NO,NO,ARCHIVE / CLOSE_NO_MUTATION,ARCHIVE_OR_CLOSE_NO_MUTATION
0e9cf002154481c517110b9d,Lisa Taylor,Damaged,DATA_GAP,CREATE_OPERATOR_TASK_FOR_EXTERNAL_MANUAL_STEP,2026-08-26T20:58:10.888Z,WAITING_ON_JMP,DATA_GAP / DATA_GAP,DATA_GAP,JMP,Dataverse:jm1pub_title:0cdac7dd-b389-f111-ab10-000d3a9eacee,Historical/backlist/terminal-state conflict is not live production work. Preserve evidence and remove from current operator workload unless separate legal/legacy review is opened.,NO,NO,ARCHIVE / CLOSE_NO_MUTATION,ARCHIVE_OR_CLOSE_NO_MUTATION
2487d2b67858a565bbeef87d,Regina Scales,Divinely Inspired,DATA_GAP,CREATE_OPERATOR_TASK_FOR_EXTERNAL_MANUAL_STEP,2026-08-26T20:58:10.888Z,WAITING_ON_JMP,DATA_GAP / DATA_GAP,DATA_GAP,JMP,Dataverse:jm1pub_title:15dac7dd-b389-f111-ab10-000d3a9eacee,Historical/backlist/terminal-state conflict is not live production work. Preserve evidence and remove from current operator workload unless separate legal/legacy review is opened.,NO,NO,ARCHIVE / CLOSE_NO_MUTATION,ARCHIVE_OR_CLOSE_NO_MUTATION
1d56ba482ceb6e29ec44d9b3,"Jackie Smith, Jr.",Establishing Glory,DATA_GAP,CREATE_OPERATOR_TASK_FOR_EXTERNAL_MANUAL_STEP,2026-08-26T20:58:10.888Z,WAITING_ON_JMP,DATA_GAP / DATA_GAP,DATA_GAP,JMP,Dataverse:jm1pub_title:16dac7dd-b389-f111-ab10-000d3a9eacee,Current editorial artifact binding remains required. Do not move stage until exact current artifact/checksum is recovered.,NO,YES_AFTER_EVIDENCE_RECOVERY,MISSING_EVIDENCE_RECOVERABLE,KEEP_SINGLE_EVIDENCE_RECOVERY_TASK
c021800cc690aa342c4ec3bd,Cheryl Travis,"Help God, I Am Lonely",DATA_GAP,CREATE_OPERATOR_TASK_FOR_EXTERNAL_MANUAL_STEP,2026-08-26T20:58:10.888Z,WAITING_ON_JMP,DATA_GAP / DATA_GAP,DATA_GAP,JMP,Dataverse:jm1pub_title:b3a6c7e3-b389-f111-ab10-000d3a9eacee,Historical/backlist/terminal-state conflict is not live production work. Preserve evidence and remove from current operator workload unless separate legal/legacy review is opened.,NO,NO,ARCHIVE / CLOSE_NO_MUTATION,ARCHIVE_OR_CLOSE_NO_MUTATION
2139aaeca701bfe53aac567f,Cheryl Travis,"Help God, I Am Lost",DATA_GAP,CREATE_OPERATOR_TASK_FOR_EXTERNAL_MANUAL_STEP,2026-08-26T20:58:10.888Z,WAITING_ON_JMP,DATA_GAP / DATA_GAP,DATA_GAP,JMP,Dataverse:jm1pub_title:b5a6c7e3-b389-f111-ab10-000d3a9eacee,Historical/backlist/terminal-state conflict is not live production work. Preserve evidence and remove from current operator workload unless separate legal/legacy review is opened.,NO,NO,ARCHIVE / CLOSE_NO_MUTATION,ARCHIVE_OR_CLOSE_NO_MUTATION
4c812c5e639d351bcbd63d69,Janet Stephens,Jewels by Lady J,DATA_GAP,CREATE_OPERATOR_TASK_FOR_EXTERNAL_MANUAL_STEP,2026-08-26T20:58:10.888Z,WAITING_ON_JMP,DATA_GAP / DATA_GAP,DATA_GAP,JMP,Dataverse:jm1pub_title:b6a6c7e3-b389-f111-ab10-000d3a9eacee,Historical/backlist/terminal-state conflict is not live production work. Preserve evidence and remove from current operator workload unless separate legal/legacy review is opened.,NO,NO,ARCHIVE / CLOSE_NO_MUTATION,ARCHIVE_OR_CLOSE_NO_MUTATION
73737f3bfbb2933660abb65d,Shelley McIntosh,Memoir of a Black Christian Nationalist,DATA_GAP,CREATE_OPERATOR_TASK_FOR_EXTERNAL_MANUAL_STEP,2026-08-26T20:58:10.888Z,WAITING_ON_JMP,DATA_GAP / DATA_GAP,DATA_GAP,JMP,Dataverse:jm1pub_title:bca6c7e3-b389-f111-ab10-000d3a9eacee,Historical/backlist/terminal-state conflict is not live production work. Preserve evidence and remove from current operator workload unless separate legal/legacy review is opened.,NO,NO,ARCHIVE / CLOSE_NO_MUTATION,ARCHIVE_OR_CLOSE_NO_MUTATION
ae96c0c5735b0f76d5d7f7a4,Pamela Smith,Never Give Up On Love,DATA_GAP,CREATE_OPERATOR_TASK_FOR_EXTERNAL_MANUAL_STEP,2026-08-26T20:58:10.888Z,WAITING_ON_JMP,DATA_GAP / DATA_GAP,DATA_GAP,JMP,Dataverse:jm1pub_title:bfa6c7e3-b389-f111-ab10-000d3a9eacee,Historical/backlist/terminal-state conflict is not live production work. Preserve evidence and remove from current operator workload unless separate legal/legacy review is opened.,NO,NO,ARCHIVE / CLOSE_NO_MUTATION,ARCHIVE_OR_CLOSE_NO_MUTATION
dd21ca71476430ba643b70b2,Juanita Travis,Rhyming It up with Church Stuff,DATA_GAP,CREATE_OPERATOR_TASK_FOR_EXTERNAL_MANUAL_STEP,2026-08-26T20:58:10.888Z,WAITING_ON_JMP,DATA_GAP / DATA_GAP,DATA_GAP,JMP,Dataverse:jm1pub_title:c7a6c7e3-b389-f111-ab10-000d3a9eacee,Historical/backlist/terminal-state conflict is not live production work. Preserve evidence and remove from current operator workload unless separate legal/legacy review is opened.,NO,NO,ARCHIVE / CLOSE_NO_MUTATION,ARCHIVE_OR_CLOSE_NO_MUTATION
3ee26ce9160a0d43e4ce695d,M Darlene Carson,SHE,DATA_GAP,CREATE_OPERATOR_TASK_FOR_EXTERNAL_MANUAL_STEP,2026-08-26T20:58:10.888Z,WAITING_ON_JMP,DATA_GAP / DATA_GAP,DATA_GAP,JMP,Dataverse:jm1pub_title:caa6c7e3-b389-f111-ab10-000d3a9eacee,Historical/backlist/terminal-state conflict is not live production work. Preserve evidence and remove from current operator workload unless separate legal/legacy review is opened.,NO,NO,ARCHIVE / CLOSE_NO_MUTATION,ARCHIVE_OR_CLOSE_NO_MUTATION
85f004ceb9ef744a04232afb,Obadiah Harris,The Celestial Advantage,DATA_GAP,CREATE_OPERATOR_TASK_FOR_EXTERNAL_MANUAL_STEP,2026-08-26T20:58:10.888Z,WAITING_ON_JMP,DATA_GAP / DATA_GAP,DATA_GAP,JMP,Dataverse:jm1pub_title:cda6c7e3-b389-f111-ab10-000d3a9eacee,Historical/backlist/terminal-state conflict is not live production work. Preserve evidence and remove from current operator workload unless separate legal/legacy review is opened.,NO,NO,ARCHIVE / CLOSE_NO_MUTATION,ARCHIVE_OR_CLOSE_NO_MUTATION
21d7ed2ea737aadfd3ff5869,Obadiah Harris,The Celestial Advantage,DATA_GAP,CREATE_OPERATOR_TASK_FOR_EXTERNAL_MANUAL_STEP,2026-08-26T20:58:10.888Z,WAITING_ON_JMP,DATA_GAP / DATA_GAP,DATA_GAP,JMP,Dataverse:jm1pub_title:cea6c7e3-b389-f111-ab10-000d3a9eacee,Historical/backlist/terminal-state conflict is not live production work. Preserve evidence and remove from current operator workload unless separate legal/legacy review is opened.,NO,NO,ARCHIVE / CLOSE_NO_MUTATION,ARCHIVE_OR_CLOSE_NO_MUTATION
4bd844c7d1e2c9714d0a73a1,Maurche Reed,The Healed Me,DATA_GAP,CREATE_OPERATOR_TASK_FOR_EXTERNAL_MANUAL_STEP,2026-08-26T20:58:10.888Z,WAITING_ON_JMP,DATA_GAP / DATA_GAP,DATA_GAP,JMP,Dataverse:jm1pub_title:072ac7e9-b389-f111-ab10-000d3a9eacee,Historical/backlist/terminal-state conflict is not live production work. Preserve evidence and remove from current operator workload unless separate legal/legacy review is opened.,NO,NO,ARCHIVE / CLOSE_NO_MUTATION,ARCHIVE_OR_CLOSE_NO_MUTATION
160ec10af7d452ebe268fef3,Rosetta Perry,The Journey,DATA_GAP,CREATE_OPERATOR_TASK_FOR_EXTERNAL_MANUAL_STEP,2026-08-26T20:58:10.888Z,WAITING_ON_JMP,DATA_GAP / DATA_GAP,DATA_GAP,JMP,Dataverse:jm1pub_title:0b2ac7e9-b389-f111-ab10-000d3a9eacee,Historical/backlist/terminal-state conflict is not live production work. Preserve evidence and remove from current operator workload unless separate legal/legacy review is opened.,NO,NO,ARCHIVE / CLOSE_NO_MUTATION,ARCHIVE_OR_CLOSE_NO_MUTATION
93c77f5b29d7c3fb171c137c,Sean Crowley,The Shift,DATA_GAP,CREATE_OPERATOR_TASK_FOR_EXTERNAL_MANUAL_STEP,2026-08-26T20:58:10.888Z,WAITING_ON_JMP,DATA_GAP / DATA_GAP,DATA_GAP,JMP,Dataverse:jm1pub_title:112ac7e9-b389-f111-ab10-000d3a9eacee,Historical/backlist/terminal-state conflict is not live production work. Preserve evidence and remove from current operator workload unless separate legal/legacy review is opened.,NO,NO,ARCHIVE / CLOSE_NO_MUTATION,ARCHIVE_OR_CLOSE_NO_MUTATION
acd90697ab5e4f1ebbdec212,Tia Benincase,Understanding the Misunderstood,DATA_GAP,CREATE_OPERATOR_TASK_FOR_EXTERNAL_MANUAL_STEP,2026-08-26T20:58:10.888Z,WAITING_ON_JMP,DATA_GAP / DATA_GAP,DATA_GAP,JMP,Dataverse:jm1pub_title:172ac7e9-b389-f111-ab10-000d3a9eacee,Historical/backlist/terminal-state conflict is not live production work. Preserve evidence and remove from current operator workload unless separate legal/legacy review is opened.,NO,NO,ARCHIVE / CLOSE_NO_MUTATION,ARCHIVE_OR_CLOSE_NO_MUTATION
9e2491093628675db529e7eb,Carol Roye,What Goes up Must Come down Let's Face It,DATA_GAP,CREATE_OPERATOR_TASK_FOR_EXTERNAL_MANUAL_STEP,2026-08-26T20:58:10.888Z,WAITING_ON_JMP,DATA_GAP / DATA_GAP,DATA_GAP,JMP,Dataverse:jm1pub_title:192ac7e9-b389-f111-ab10-000d3a9eacee,Historical/backlist/terminal-state conflict is not live production work. Preserve evidence and remove from current operator workload unless separate legal/legacy review is opened.,NO,NO,ARCHIVE / CLOSE_NO_MUTATION,ARCHIVE_OR_CLOSE_NO_MUTATION
65fc19ab8568ee9a726d1465,Carolyn Booker-Pierce,You're Still Not Crazy,DATA_GAP,CREATE_OPERATOR_TASK_FOR_EXTERNAL_MANUAL_STEP,2026-08-26T20:58:10.888Z,WAITING_ON_JMP,DATA_GAP / DATA_GAP,DATA_GAP,JMP,Dataverse:jm1pub_title:1b2ac7e9-b389-f111-ab10-000d3a9eacee,Historical/backlist/terminal-state conflict is not live production work. Preserve evidence and remove from current operator workload unless separate legal/legacy review is opened.,NO,NO,ARCHIVE / CLOSE_NO_MUTATION,ARCHIVE_OR_CLOSE_NO_MUTATION
f3e4228ca87a3f8422579e6c,Essence Easley,"Your brain has too much what, mommy??",DATA_GAP,CREATE_OPERATOR_TASK_FOR_EXTERNAL_MANUAL_STEP,2026-08-26T20:58:10.888Z,WAITING_ON_JMP,DATA_GAP / DATA_GAP,DATA_GAP,JMP,Dataverse:jm1pub_title:1c2ac7e9-b389-f111-ab10-000d3a9eacee,Historical/backlist/terminal-state conflict is not live production work. Preserve evidence and remove from current operator workload unless separate legal/legacy review is opened.,NO,NO,ARCHIVE / CLOSE_NO_MUTATION,ARCHIVE_OR_CLOSE_NO_MUTATION
6849fbcc8bc0ae8a6b43a549,Kimberly Reeder,"Girl, Did You Know... ?",DATA_GAP,CREATE_OPERATOR_TASK_FOR_EXTERNAL_MANUAL_STEP,2026-08-26T20:58:10.888Z,WAITING_ON_JMP,DATA_GAP / DATA_GAP,DATA_GAP,JMP,Dataverse:jm1pub_title:b34b00d4-c27a-f111-ab0f-00224820105b,Historical/backlist/terminal-state conflict is not live production work. Preserve evidence and remove from current operator workload unless separate legal/legacy review is opened.,NO,NO,ARCHIVE / CLOSE_NO_MUTATION,ARCHIVE_OR_CLOSE_NO_MUTATION
72cfe07c9e5d06a52ce982af,DATA_GAP,Aligned!: Unlocking the DNA of Authentic Faith,DATA_GAP,CREATE_OPERATOR_TASK_FOR_EXTERNAL_MANUAL_STEP,2026-08-26T20:58:10.888Z,WAITING_ON_JMP,DATA_GAP / DATA_GAP,DATA_GAP,JMP,Dataverse:jm1pub_title:2d946ac0-c37a-f111-ab0f-00224820105b,"Active title row lacks deterministic author relationship in controller readback; likely legacy/import reconciliation, not immediate production work.",NO,YES_IF_DETERMINISTIC_AUTHOR_LINK_PROVEN,LEGACY_RECONCILIATION_REQUIRED,CONSOLIDATE_TO_LEGACY_RECONCILIATION
2cf3bdecb48287aa23a1ae7f,DATA_GAP,Loving the Addict: While Taking Care of Yourself First,DATA_GAP,CREATE_OPERATOR_TASK_FOR_EXTERNAL_MANUAL_STEP,2026-08-26T20:58:10.888Z,WAITING_ON_JMP,DATA_GAP / DATA_GAP,DATA_GAP,JMP,Dataverse:jm1pub_title:08bf1ac7-c37a-f111-ab0f-00224820105b,"Active title row lacks deterministic author relationship in controller readback; likely legacy/import reconciliation, not immediate production work.",NO,YES_IF_DETERMINISTIC_AUTHOR_LINK_PROVEN,LEGACY_RECONCILIATION_REQUIRED,CONSOLIDATE_TO_LEGACY_RECONCILIATION
4cc2d6ba11467d895bfff919,DATA_GAP,Memoir of a Black Christian Nationalist: Seeds of Liberation,DATA_GAP,CREATE_OPERATOR_TASK_FOR_EXTERNAL_MANUAL_STEP,2026-08-26T20:58:10.888Z,WAITING_ON_JMP,DATA_GAP / DATA_GAP,DATA_GAP,JMP,Dataverse:jm1pub_title:b4c11ac7-c37a-f111-ab0f-00224820105b,"Active title row lacks deterministic author relationship in controller readback; likely legacy/import reconciliation, not immediate production work.",NO,YES_IF_DETERMINISTIC_AUTHOR_LINK_PROVEN,LEGACY_RECONCILIATION_REQUIRED,CONSOLIDATE_TO_LEGACY_RECONCILIATION
176fcb76edf0229acf0166b2,DATA_GAP,Speech Therapy Works!: Juliana's Story,DATA_GAP,CREATE_OPERATOR_TASK_FOR_EXTERNAL_MANUAL_STEP,2026-08-26T20:58:10.888Z,WAITING_ON_JMP,DATA_GAP / DATA_GAP,DATA_GAP,JMP,Dataverse:jm1pub_title:a32156cd-c37a-f111-ab0f-00224820105b,"Active title row lacks deterministic author relationship in controller readback; likely legacy/import reconciliation, not immediate production work.",NO,YES_IF_DETERMINISTIC_AUTHOR_LINK_PROVEN,LEGACY_RECONCILIATION_REQUIRED,CONSOLIDATE_TO_LEGACY_RECONCILIATION
92e15b8df841f9ec68ff60fa,DATA_GAP,"The Essence of Life, Love Letters to Christ: Poems of Life and Love from the Pages of the Heart",DATA_GAP,CREATE_OPERATOR_TASK_FOR_EXTERNAL_MANUAL_STEP,2026-08-26T20:58:10.888Z,WAITING_ON_JMP,DATA_GAP / DATA_GAP,DATA_GAP,JMP,Dataverse:jm1pub_title:ab2156cd-c37a-f111-ab0f-00224820105b,"Active title row lacks deterministic author relationship in controller readback; likely legacy/import reconciliation, not immediate production work.",NO,YES_IF_DETERMINISTIC_AUTHOR_LINK_PROVEN,LEGACY_RECONCILIATION_REQUIRED,CONSOLIDATE_TO_LEGACY_RECONCILIATION
aa961e3401986f4a10444474,DATA_GAP,The Great Hair Restart: The Ultimate Guide to Resetting Your Natural Hair Journey with Confidence,DATA_GAP,CREATE_OPERATOR_TASK_FOR_EXTERNAL_MANUAL_STEP,2026-08-26T20:58:10.888Z,WAITING_ON_JMP,DATA_GAP / DATA_GAP,DATA_GAP,JMP,Dataverse:jm1pub_title:9a2556cd-c37a-f111-ab0f-00224820105b,"Active title row lacks deterministic author relationship in controller readback; likely legacy/import reconciliation, not immediate production work.",NO,YES_IF_DETERMINISTIC_AUTHOR_LINK_PROVEN,LEGACY_RECONCILIATION_REQUIRED,CONSOLIDATE_TO_LEGACY_RECONCILIATION
303f1e59682a6b3c3d86d7e7,J Derrick Johnson,100 Wisdom Lessons for Life and Living,DATA_GAP,CREATE_OPERATOR_TASK_FOR_EXTERNAL_MANUAL_STEP,2026-08-26T20:58:10.888Z,WAITING_ON_JMP,DATA_GAP / DATA_GAP,DATA_GAP,JMP,Dataverse:jm1pub_title:833582da-b389-f111-ab10-00224820105b,Historical/backlist/terminal-state conflict is not live production work. Preserve evidence and remove from current operator workload unless separate legal/legacy review is opened.,NO,NO,ARCHIVE / CLOSE_NO_MUTATION,ARCHIVE_OR_CLOSE_NO_MUTATION
6a17141ec93c49303b1ae779,J Derrick Johnson,100 Wisdom Lessons for Life and Living,DATA_GAP,CREATE_OPERATOR_TASK_FOR_EXTERNAL_MANUAL_STEP,2026-08-26T20:58:10.888Z,WAITING_ON_JMP,DATA_GAP / DATA_GAP,DATA_GAP,JMP,Dataverse:jm1pub_title:863582da-b389-f111-ab10-00224820105b,Historical/backlist/terminal-state conflict is not live production work. Preserve evidence and remove from current operator workload unless separate legal/legacy review is opened.,NO,NO,ARCHIVE / CLOSE_NO_MUTATION,ARCHIVE_OR_CLOSE_NO_MUTATION
1df0d1ae428df26b1dad79be,Dennis Brown,Aligned!,DATA_GAP,CREATE_OPERATOR_TASK_FOR_EXTERNAL_MANUAL_STEP,2026-08-26T20:58:10.888Z,WAITING_ON_JMP,DATA_GAP / DATA_GAP,DATA_GAP,JMP,Dataverse:jm1pub_title:8c3582da-b389-f111-ab10-00224820105b,Historical/backlist/terminal-state conflict is not live production work. Preserve evidence and remove from current operator workload unless separate legal/legacy review is opened.,NO,NO,ARCHIVE / CLOSE_NO_MUTATION,ARCHIVE_OR_CLOSE_NO_MUTATION
4c384e6e609af2a44dd9d56a,Christina Chislom,Come Out of Hiding,DATA_GAP,CREATE_OPERATOR_TASK_FOR_EXTERNAL_MANUAL_STEP,2026-08-26T20:58:10.888Z,WAITING_ON_JMP,DATA_GAP / DATA_GAP,DATA_GAP,JMP,Dataverse:jm1pub_title:933582da-b389-f111-ab10-00224820105b,Historical/backlist/terminal-state conflict is not live production work. Preserve evidence and remove from current operator workload unless separate legal/legacy review is opened.,NO,NO,ARCHIVE / CLOSE_NO_MUTATION,ARCHIVE_OR_CLOSE_NO_MUTATION
1aa393abd719d2ff9318fbe4,Gloria Patterson,Conquer Your Fears and Win,DATA_GAP,CREATE_OPERATOR_TASK_FOR_EXTERNAL_MANUAL_STEP,2026-08-26T20:58:10.888Z,WAITING_ON_JMP,DATA_GAP / DATA_GAP,DATA_GAP,JMP,Dataverse:jm1pub_title:943582da-b389-f111-ab10-00224820105b,Historical/backlist/terminal-state conflict is not live production work. Preserve evidence and remove from current operator workload unless separate legal/legacy review is opened.,NO,NO,ARCHIVE / CLOSE_NO_MUTATION,ARCHIVE_OR_CLOSE_NO_MUTATION
098345c3a530330356a7b398,"Jackie Smith, Jr.",Establishing Glory,DATA_GAP,CREATE_OPERATOR_TASK_FOR_EXTERNAL_MANUAL_STEP,2026-08-26T20:58:10.888Z,WAITING_ON_JMP,DATA_GAP / DATA_GAP,DATA_GAP,JMP,Dataverse:jm1pub_title:154097e0-b389-f111-ab10-00224820105b,Current editorial artifact binding remains required. Do not move stage until exact current artifact/checksum is recovered.,NO,YES_AFTER_EVIDENCE_RECOVERY,MISSING_EVIDENCE_RECOVERABLE,KEEP_SINGLE_EVIDENCE_RECOVERY_TASK
487d6ce28ad41ea44588f129,"Jackie Smith, Jr.",Establishing Glory 2,DATA_GAP,CREATE_OPERATOR_TASK_FOR_EXTERNAL_MANUAL_STEP,2026-08-26T20:58:10.888Z,WAITING_ON_JMP,DATA_GAP / DATA_GAP,DATA_GAP,JMP,Dataverse:jm1pub_title:174097e0-b389-f111-ab10-00224820105b,Current editorial artifact binding remains required. Do not move stage until exact current artifact/checksum is recovered.,NO,YES_AFTER_EVIDENCE_RECOVERY,MISSING_EVIDENCE_RECOVERABLE,KEEP_SINGLE_EVIDENCE_RECOVERY_TASK
a109331a540361114f11580a,"Jackie Smith, Jr.",Establishing Glory: The Relationship Handbook,DATA_GAP,CREATE_OPERATOR_TASK_FOR_EXTERNAL_MANUAL_STEP,2026-08-26T20:58:10.888Z,WAITING_ON_JMP,DATA_GAP / DATA_GAP,DATA_GAP,JMP,Dataverse:jm1pub_title:194097e0-b389-f111-ab10-00224820105b,Current editorial artifact binding remains required. Do not move stage until exact current artifact/checksum is recovered.,NO,YES_AFTER_EVIDENCE_RECOVERY,MISSING_EVIDENCE_RECOVERABLE,KEEP_SINGLE_EVIDENCE_RECOVERY_TASK
73c92c7686229c3fa79c5f94,Karen Hill,From Stylist to CEO,DATA_GAP,CREATE_OPERATOR_TASK_FOR_EXTERNAL_MANUAL_STEP,2026-08-26T20:58:10.888Z,WAITING_ON_JMP,DATA_GAP / DATA_GAP,DATA_GAP,JMP,Dataverse:jm1pub_title:1d4097e0-b389-f111-ab10-00224820105b,Historical/backlist/terminal-state conflict is not live production work. Preserve evidence and remove from current operator workload unless separate legal/legacy review is opened.,NO,NO,ARCHIVE / CLOSE_NO_MUTATION,ARCHIVE_OR_CLOSE_NO_MUTATION
954dbf57eada04d305a5c359,Kimberly Reeder,"Girl, Did You Know...?",DATA_GAP,CREATE_OPERATOR_TASK_FOR_EXTERNAL_MANUAL_STEP,2026-08-26T20:58:10.888Z,WAITING_ON_JMP,DATA_GAP / DATA_GAP,DATA_GAP,JMP,Dataverse:jm1pub_title:1e4097e0-b389-f111-ab10-00224820105b,Historical/backlist/terminal-state conflict is not live production work. Preserve evidence and remove from current operator workload unless separate legal/legacy review is opened.,NO,NO,ARCHIVE / CLOSE_NO_MUTATION,ARCHIVE_OR_CLOSE_NO_MUTATION
ae15d96b19ba497d9b33a338,Toni Kleckley,Grandmothers Educating Minds,DATA_GAP,CREATE_OPERATOR_TASK_FOR_EXTERNAL_MANUAL_STEP,2026-08-26T20:58:10.888Z,WAITING_ON_JMP,DATA_GAP / DATA_GAP,DATA_GAP,JMP,Dataverse:jm1pub_title:294097e0-b389-f111-ab10-00224820105b,Historical/backlist/terminal-state conflict is not live production work. Preserve evidence and remove from current operator workload unless separate legal/legacy review is opened.,NO,NO,ARCHIVE / CLOSE_NO_MUTATION,ARCHIVE_OR_CLOSE_NO_MUTATION
157fa647b999bd2f99807610,Cheryl Travis,"Help God, I Am Afraid",DATA_GAP,CREATE_OPERATOR_TASK_FOR_EXTERNAL_MANUAL_STEP,2026-08-26T20:58:10.888Z,WAITING_ON_JMP,DATA_GAP / DATA_GAP,DATA_GAP,JMP,Dataverse:jm1pub_title:2a4097e0-b389-f111-ab10-00224820105b,Historical/backlist/terminal-state conflict is not live production work. Preserve evidence and remove from current operator workload unless separate legal/legacy review is opened.,NO,NO,ARCHIVE / CLOSE_NO_MUTATION,ARCHIVE_OR_CLOSE_NO_MUTATION
0c77ef9292ce408028ada79d,Adrean Young,Just What I Needed,DATA_GAP,CREATE_OPERATOR_TASK_FOR_EXTERNAL_MANUAL_STEP,2026-08-26T20:58:10.888Z,WAITING_ON_JMP,DATA_GAP / DATA_GAP,DATA_GAP,JMP,Dataverse:jm1pub_title:454097e0-b389-f111-ab10-00224820105b,Historical/backlist/terminal-state conflict is not live production work. Preserve evidence and remove from current operator workload unless separate legal/legacy review is opened.,NO,NO,ARCHIVE / CLOSE_NO_MUTATION,ARCHIVE_OR_CLOSE_NO_MUTATION
440b76355f1772ed02f8a8e1,Deanna Jones,Life After Detour,DATA_GAP,CREATE_OPERATOR_TASK_FOR_EXTERNAL_MANUAL_STEP,2026-08-26T20:58:10.888Z,WAITING_ON_JMP,DATA_GAP / DATA_GAP,DATA_GAP,JMP,Dataverse:jm1pub_title:464097e0-b389-f111-ab10-00224820105b,Historical/backlist/terminal-state conflict is not live production work. Preserve evidence and remove from current operator workload unless separate legal/legacy review is opened.,NO,NO,ARCHIVE / CLOSE_NO_MUTATION,ARCHIVE_OR_CLOSE_NO_MUTATION
68a6f4790dae28cd86908aa6,Thaddues Smith,Love of My Life,DATA_GAP,CREATE_OPERATOR_TASK_FOR_EXTERNAL_MANUAL_STEP,2026-08-26T20:58:10.888Z,WAITING_ON_JMP,DATA_GAP / DATA_GAP,DATA_GAP,JMP,Dataverse:jm1pub_title:474097e0-b389-f111-ab10-00224820105b,Historical/backlist/terminal-state conflict is not live production work. Preserve evidence and remove from current operator workload unless separate legal/legacy review is opened.,NO,NO,ARCHIVE / CLOSE_NO_MUTATION,ARCHIVE_OR_CLOSE_NO_MUTATION
96ef9eba51406479b6a564b2,Thaddues Smith,Love of My Life,DATA_GAP,CREATE_OPERATOR_TASK_FOR_EXTERNAL_MANUAL_STEP,2026-08-26T20:58:10.888Z,WAITING_ON_JMP,DATA_GAP / DATA_GAP,DATA_GAP,JMP,Dataverse:jm1pub_title:484097e0-b389-f111-ab10-00224820105b,Historical/backlist/terminal-state conflict is not live production work. Preserve evidence and remove from current operator workload unless separate legal/legacy review is opened.,NO,NO,ARCHIVE / CLOSE_NO_MUTATION,ARCHIVE_OR_CLOSE_NO_MUTATION
6a16e2c8ad9ed2ec73755846,Earline Neal,Ordinary People Searching for Greatness,DATA_GAP,CREATE_OPERATOR_TASK_FOR_EXTERNAL_MANUAL_STEP,2026-08-26T20:58:10.888Z,WAITING_ON_JMP,DATA_GAP / DATA_GAP,DATA_GAP,JMP,Dataverse:jm1pub_title:878fefe6-b389-f111-ab10-00224820105b,Historical/backlist/terminal-state conflict is not live production work. Preserve evidence and remove from current operator workload unless separate legal/legacy review is opened.,NO,NO,ARCHIVE / CLOSE_NO_MUTATION,ARCHIVE_OR_CLOSE_NO_MUTATION
dc2c2aa4777a0457d67ca03c,Cynthia Sloan,Speech Therapy Works!,DATA_GAP,CREATE_OPERATOR_TASK_FOR_EXTERNAL_MANUAL_STEP,2026-08-26T20:58:10.888Z,WAITING_ON_JMP,DATA_GAP / DATA_GAP,DATA_GAP,JMP,Dataverse:jm1pub_title:8a8fefe6-b389-f111-ab10-00224820105b,Historical/backlist/terminal-state conflict is not live production work. Preserve evidence and remove from current operator workload unless separate legal/legacy review is opened.,NO,NO,ARCHIVE / CLOSE_NO_MUTATION,ARCHIVE_OR_CLOSE_NO_MUTATION
6c86c2344af98714164a5034,Will Harris,Taylor Made,DATA_GAP,CREATE_OPERATOR_TASK_FOR_EXTERNAL_MANUAL_STEP,2026-08-26T20:58:10.888Z,WAITING_ON_JMP,DATA_GAP / DATA_GAP,DATA_GAP,JMP,Dataverse:jm1pub_title:8b8fefe6-b389-f111-ab10-00224820105b,Historical/backlist/terminal-state conflict is not live production work. Preserve evidence and remove from current operator workload unless separate legal/legacy review is opened.,NO,NO,ARCHIVE / CLOSE_NO_MUTATION,ARCHIVE_OR_CLOSE_NO_MUTATION
1e1af5a57aa0d000e6980137,Will Harris,Taylor Made,DATA_GAP,CREATE_OPERATOR_TASK_FOR_EXTERNAL_MANUAL_STEP,2026-08-26T20:58:10.888Z,WAITING_ON_JMP,DATA_GAP / DATA_GAP,DATA_GAP,JMP,Dataverse:jm1pub_title:8c8fefe6-b389-f111-ab10-00224820105b,Historical/backlist/terminal-state conflict is not live production work. Preserve evidence and remove from current operator workload unless separate legal/legacy review is opened.,NO,NO,ARCHIVE / CLOSE_NO_MUTATION,ARCHIVE_OR_CLOSE_NO_MUTATION
3e6d74dddcf8b4605f6550b4,Obadiah Harris,The Doctrine of Last Things,DATA_GAP,CREATE_OPERATOR_TASK_FOR_EXTERNAL_MANUAL_STEP,2026-08-26T20:58:10.888Z,WAITING_ON_JMP,DATA_GAP / DATA_GAP,DATA_GAP,JMP,Dataverse:jm1pub_title:8d8fefe6-b389-f111-ab10-00224820105b,Historical/backlist/terminal-state conflict is not live production work. Preserve evidence and remove from current operator workload unless separate legal/legacy review is opened.,NO,NO,ARCHIVE / CLOSE_NO_MUTATION,ARCHIVE_OR_CLOSE_NO_MUTATION
b66e4865a57c58a70946bdc4,Tekisha Wimbush,The I Am in Me,DATA_GAP,CREATE_OPERATOR_TASK_FOR_EXTERNAL_MANUAL_STEP,2026-08-26T20:58:10.888Z,WAITING_ON_JMP,DATA_GAP / DATA_GAP,DATA_GAP,JMP,Dataverse:jm1pub_title:968fefe6-b389-f111-ab10-00224820105b,Historical/backlist/terminal-state conflict is not live production work. Preserve evidence and remove from current operator workload unless separate legal/legacy review is opened.,NO,NO,ARCHIVE / CLOSE_NO_MUTATION,ARCHIVE_OR_CLOSE_NO_MUTATION
39a39cafe39572def6fe88ed,Christina Chislom,The Little Girl with the Plow!,DATA_GAP,CREATE_OPERATOR_TASK_FOR_EXTERNAL_MANUAL_STEP,2026-08-26T20:58:10.888Z,WAITING_ON_JMP,DATA_GAP / DATA_GAP,DATA_GAP,JMP,Dataverse:jm1pub_title:978fefe6-b389-f111-ab10-00224820105b,Historical/backlist/terminal-state conflict is not live production work. Preserve evidence and remove from current operator workload unless separate legal/legacy review is opened.,NO,NO,ARCHIVE / CLOSE_NO_MUTATION,ARCHIVE_OR_CLOSE_NO_MUTATION
1e52879ecb61b0924af1af98,Deborah Eiland,The Princess and the Black-eyed Pea,DATA_GAP,CREATE_OPERATOR_TASK_FOR_EXTERNAL_MANUAL_STEP,2026-08-26T20:58:10.888Z,WAITING_ON_JMP,DATA_GAP / DATA_GAP,DATA_GAP,JMP,Dataverse:jm1pub_title:9f8fefe6-b389-f111-ab10-00224820105b,Historical/backlist/terminal-state conflict is not live production work. Preserve evidence and remove from current operator workload unless separate legal/legacy review is opened.,NO,NO,ARCHIVE / CLOSE_NO_MUTATION,ARCHIVE_OR_CLOSE_NO_MUTATION
5fb97561b6b4690b3164be85,David Williams,Words of a Troubled Soul,DATA_GAP,CREATE_OPERATOR_TASK_FOR_EXTERNAL_MANUAL_STEP,2026-08-26T20:58:10.888Z,WAITING_ON_JMP,DATA_GAP / DATA_GAP,DATA_GAP,JMP,Dataverse:jm1pub_title:c8d3f1ec-b389-f111-ab10-00224820105b,Historical/backlist/terminal-state conflict is not live production work. Preserve evidence and remove from current operator workload unless separate legal/legacy review is opened.,NO,NO,ARCHIVE / CLOSE_NO_MUTATION,ARCHIVE_OR_CLOSE_NO_MUTATION
7dcf00f5e796fa99ab0e3966,Essence Easley,"Your Brain Has Too Much What, Mommy??",DATA_GAP,CREATE_OPERATOR_TASK_FOR_EXTERNAL_MANUAL_STEP,2026-08-26T20:58:10.888Z,WAITING_ON_JMP,DATA_GAP / DATA_GAP,DATA_GAP,JMP,Dataverse:jm1pub_title:cdd3f1ec-b389-f111-ab10-00224820105b,Historical/backlist/terminal-state conflict is not live production work. Preserve evidence and remove from current operator workload unless separate legal/legacy review is opened.,NO,NO,ARCHIVE / CLOSE_NO_MUTATION,ARCHIVE_OR_CLOSE_NO_MUTATION
af0e007814097b6903228374,DATA_GAP,Establishing Glory: The Library,EDITORIAL_REVIEW_RECOMMENDATION,CREATE_OPERATOR_TASK_FOR_EXTERNAL_MANUAL_STEP,2026-08-26T20:58:10.888Z,WAITING_ON_JMP,EDITORIAL_REVIEW_RECOMMENDATION / AUTHOR_REVIEW,2026-08-15-Developmental-Editing-Establishing-Glory-The-Library-Package-Manifest-v2.json,JMP,Dataverse:jm1pub_title:f1908dc9-5775-f111-ab0f-6045bdd69435; Dataverse:jm1pub_editorialstage:3362a1cb-1984-f111-ab0f-000d3a14673b; Dataverse:jm1pub_editorialapprovalgate:b2fdf644-678e-f111-8077-00224820105b; Dataverse:jm1pub_editorialartifact:78825683-b784-f111-ab0f-00224820105b; Dataverse:opportunity:2653fca9-eacd-4c44-b3ed-1764dd5d35aa,Current editorial artifact binding remains required. Do not move stage until exact current artifact/checksum is recovered.,NO,YES_AFTER_EVIDENCE_RECOVERY,MISSING_EVIDENCE_RECOVERABLE,KEEP_SINGLE_EVIDENCE_RECOVERY_TASK
43e76b0e915297d52ff77acc,"Jackie Smith, Jr.",Establishing Glory 2: The Relationship Handbook (2nd Edition),POST_PUBLICATION,CREATE_OPERATOR_TASK_FOR_EXTERNAL_MANUAL_STEP,2026-08-26T20:58:10.888Z,WAITING_ON_JMP,POST_PUBLICATION / TERMINAL,DATA_GAP,JMP,Dataverse:jm1pub_title:fb3174cd-c27a-f111-ab0f-6045bdd69435,Current editorial artifact binding remains required. Do not move stage until exact current artifact/checksum is recovered.,NO,YES_AFTER_EVIDENCE_RECOVERY,MISSING_EVIDENCE_RECOVERABLE,KEEP_SINGLE_EVIDENCE_RECOVERY_TASK
d4c5c252eba122af3272b463,J Derrick Johnson,100 Wisdom Lessons for Life and Living,DATA_GAP,CREATE_OPERATOR_TASK_FOR_EXTERNAL_MANUAL_STEP,2026-08-26T20:58:10.888Z,WAITING_ON_JMP,DATA_GAP / DATA_GAP,DATA_GAP,JMP,Dataverse:jm1pub_title:bfe69bd7-b389-f111-ab10-6045bdd69435,Historical/backlist/terminal-state conflict is not live production work. Preserve evidence and remove from current operator workload unless separate legal/legacy review is opened.,NO,NO,ARCHIVE / CLOSE_NO_MUTATION,ARCHIVE_OR_CLOSE_NO_MUTATION
b63fbc9098a62ca4e63f9f4f,Donjia Walls,27 Days to Overcoming Depression,DATA_GAP,CREATE_OPERATOR_TASK_FOR_EXTERNAL_MANUAL_STEP,2026-08-26T20:58:10.888Z,WAITING_ON_JMP,DATA_GAP / DATA_GAP,DATA_GAP,JMP,Dataverse:jm1pub_title:d8e69bd7-b389-f111-ab10-6045bdd69435,Historical/backlist/terminal-state conflict is not live production work. Preserve evidence and remove from current operator workload unless separate legal/legacy review is opened.,NO,NO,ARCHIVE / CLOSE_NO_MUTATION,ARCHIVE_OR_CLOSE_NO_MUTATION
15e7e431a915ccc773d3b930,Daphanny Baker,365 Days Of Transparency,DATA_GAP,CREATE_OPERATOR_TASK_FOR_EXTERNAL_MANUAL_STEP,2026-08-26T20:58:10.888Z,WAITING_ON_JMP,DATA_GAP / DATA_GAP,DATA_GAP,JMP,Dataverse:jm1pub_title:dee69bd7-b389-f111-ab10-6045bdd69435,Historical/backlist/terminal-state conflict is not live production work. Preserve evidence and remove from current operator workload unless separate legal/legacy review is opened.,NO,NO,ARCHIVE / CLOSE_NO_MUTATION,ARCHIVE_OR_CLOSE_NO_MUTATION
15e2ad8c6dfe692f2c3dc45f,Alesia Corpening,"A Truebies Guide, Part 2",DATA_GAP,CREATE_OPERATOR_TASK_FOR_EXTERNAL_MANUAL_STEP,2026-08-26T20:58:10.888Z,WAITING_ON_JMP,DATA_GAP / DATA_GAP,DATA_GAP,JMP,Dataverse:jm1pub_title:2554a0dd-b389-f111-ab10-6045bdd69435,Historical/backlist/terminal-state conflict is not live production work. Preserve evidence and remove from current operator workload unless separate legal/legacy review is opened.,NO,NO,ARCHIVE / CLOSE_NO_MUTATION,ARCHIVE_OR_CLOSE_NO_MUTATION
17fd69f40f107b97420c4a2b,Alice Pryor,According to Mark,DATA_GAP,CREATE_OPERATOR_TASK_FOR_EXTERNAL_MANUAL_STEP,2026-08-26T20:58:10.888Z,WAITING_ON_JMP,DATA_GAP / DATA_GAP,DATA_GAP,JMP,Dataverse:jm1pub_title:2754a0dd-b389-f111-ab10-6045bdd69435,Historical/backlist/terminal-state conflict is not live production work. Preserve evidence and remove from current operator workload unless separate legal/legacy review is opened.,NO,NO,ARCHIVE / CLOSE_NO_MUTATION,ARCHIVE_OR_CLOSE_NO_MUTATION
39fa8f8d4e359f1d4393c6a1,USAF,Department of the Air Force Mission Driven Leadership,DATA_GAP,CREATE_OPERATOR_TASK_FOR_EXTERNAL_MANUAL_STEP,2026-08-26T20:58:10.888Z,WAITING_ON_JMP,DATA_GAP / DATA_GAP,DATA_GAP,JMP,Dataverse:jm1pub_title:3154a0dd-b389-f111-ab10-6045bdd69435,Historical/backlist/terminal-state conflict is not live production work. Preserve evidence and remove from current operator workload unless separate legal/legacy review is opened.,NO,NO,ARCHIVE / CLOSE_NO_MUTATION,ARCHIVE_OR_CLOSE_NO_MUTATION
fddb576ed41c1128b6f5d3b7,USAF,Department of the Air Force: Mission Driven Leadership,DATA_GAP,CREATE_OPERATOR_TASK_FOR_EXTERNAL_MANUAL_STEP,2026-08-26T20:58:10.888Z,WAITING_ON_JMP,DATA_GAP / DATA_GAP,DATA_GAP,JMP,Dataverse:jm1pub_title:3354a0dd-b389-f111-ab10-6045bdd69435,Historical/backlist/terminal-state conflict is not live production work. Preserve evidence and remove from current operator workload unless separate legal/legacy review is opened.,NO,NO,ARCHIVE / CLOSE_NO_MUTATION,ARCHIVE_OR_CLOSE_NO_MUTATION
07e57bfe1f8f05685328e008,"Sean Smith, Sr.",Destined To Break The Curse Devotional,DATA_GAP,CREATE_OPERATOR_TASK_FOR_EXTERNAL_MANUAL_STEP,2026-08-26T20:58:10.888Z,WAITING_ON_JMP,DATA_GAP / DATA_GAP,DATA_GAP,JMP,Dataverse:jm1pub_title:3654a0dd-b389-f111-ab10-6045bdd69435,Historical/backlist/terminal-state conflict is not live production work. Preserve evidence and remove from current operator workload unless separate legal/legacy review is opened.,NO,NO,ARCHIVE / CLOSE_NO_MUTATION,ARCHIVE_OR_CLOSE_NO_MUTATION
8de5e414c89e5b717d9aee0e,"Jackie Smith, Jr.",Establishing Glory,DATA_GAP,CREATE_OPERATOR_TASK_FOR_EXTERNAL_MANUAL_STEP,2026-08-26T20:58:10.888Z,WAITING_ON_JMP,DATA_GAP / DATA_GAP,DATA_GAP,JMP,Dataverse:jm1pub_title:4454a0dd-b389-f111-ab10-6045bdd69435,Current editorial artifact binding remains required. Do not move stage until exact current artifact/checksum is recovered.,NO,YES_AFTER_EVIDENCE_RECOVERY,MISSING_EVIDENCE_RECOVERABLE,KEEP_SINGLE_EVIDENCE_RECOVERY_TASK
bc911a130b8b8cd83722ced1,"Jackie Smith, Jr.",Establishing Glory,DATA_GAP,CREATE_OPERATOR_TASK_FOR_EXTERNAL_MANUAL_STEP,2026-08-26T20:58:10.888Z,WAITING_ON_JMP,DATA_GAP / DATA_GAP,DATA_GAP,JMP,Dataverse:jm1pub_title:4554a0dd-b389-f111-ab10-6045bdd69435,Current editorial artifact binding remains required. Do not move stage until exact current artifact/checksum is recovered.,NO,YES_AFTER_EVIDENCE_RECOVERY,MISSING_EVIDENCE_RECOVERABLE,KEEP_SINGLE_EVIDENCE_RECOVERY_TASK
bc4bdef5f3683cd82a631783,"Jackie Smith, Jr.",Establishing Glory 2,DATA_GAP,CREATE_OPERATOR_TASK_FOR_EXTERNAL_MANUAL_STEP,2026-08-26T20:58:10.888Z,WAITING_ON_JMP,DATA_GAP / DATA_GAP,DATA_GAP,JMP,Dataverse:jm1pub_title:4654a0dd-b389-f111-ab10-6045bdd69435,Current editorial artifact binding remains required. Do not move stage until exact current artifact/checksum is recovered.,NO,YES_AFTER_EVIDENCE_RECOVERY,MISSING_EVIDENCE_RECOVERABLE,KEEP_SINGLE_EVIDENCE_RECOVERY_TASK
72ff7012ae8e9b18731b9c77,Shana Byrd,"Focus, Trust, & Follow",DATA_GAP,CREATE_OPERATOR_TASK_FOR_EXTERNAL_MANUAL_STEP,2026-08-26T20:58:10.888Z,WAITING_ON_JMP,DATA_GAP / DATA_GAP,DATA_GAP,JMP,Dataverse:jm1pub_title:5154a0dd-b389-f111-ab10-6045bdd69435,Historical/backlist/terminal-state conflict is not live production work. Preserve evidence and remove from current operator workload unless separate legal/legacy review is opened.,NO,NO,ARCHIVE / CLOSE_NO_MUTATION,ARCHIVE_OR_CLOSE_NO_MUTATION
070edaab1c47640b00071bdb,Jaylonna Stevette,Getting Back 2 Happy: The Chronicles of Tabby (Unabridged),DATA_GAP,CREATE_OPERATOR_TASK_FOR_EXTERNAL_MANUAL_STEP,2026-08-26T20:58:10.888Z,WAITING_ON_JMP,DATA_GAP / DATA_GAP,DATA_GAP,JMP,Dataverse:jm1pub_title:5a54a0dd-b389-f111-ab10-6045bdd69435,Historical/backlist/terminal-state conflict is not live production work. Preserve evidence and remove from current operator workload unless separate legal/legacy review is opened.,NO,NO,ARCHIVE / CLOSE_NO_MUTATION,ARCHIVE_OR_CLOSE_NO_MUTATION
764af39939fe17d0ba9b44c0,Carolyn Booker-Pierce,"Girl, You're Not Crazy. You're Dealing With a Narcissist",DATA_GAP,CREATE_OPERATOR_TASK_FOR_EXTERNAL_MANUAL_STEP,2026-08-26T20:58:10.888Z,WAITING_ON_JMP,DATA_GAP / DATA_GAP,DATA_GAP,JMP,Dataverse:jm1pub_title:6454a0dd-b389-f111-ab10-6045bdd69435,Historical/backlist/terminal-state conflict is not live production work. Preserve evidence and remove from current operator workload unless separate legal/legacy review is opened.,NO,NO,ARCHIVE / CLOSE_NO_MUTATION,ARCHIVE_OR_CLOSE_NO_MUTATION
e73e55e053f1a5aa211f0667,Thomas Johnson,God's Word for This World,DATA_GAP,CREATE_OPERATOR_TASK_FOR_EXTERNAL_MANUAL_STEP,2026-08-26T20:58:10.888Z,WAITING_ON_JMP,DATA_GAP / DATA_GAP,DATA_GAP,JMP,Dataverse:jm1pub_title:6b54a0dd-b389-f111-ab10-6045bdd69435,Historical/backlist/terminal-state conflict is not live production work. Preserve evidence and remove from current operator workload unless separate legal/legacy review is opened.,NO,NO,ARCHIVE / CLOSE_NO_MUTATION,ARCHIVE_OR_CLOSE_NO_MUTATION
2030e7b1edf1e66589409897,Tawana Mars,"Hop, Hop, Hop",DATA_GAP,CREATE_OPERATOR_TASK_FOR_EXTERNAL_MANUAL_STEP,2026-08-26T20:58:10.888Z,WAITING_ON_JMP,DATA_GAP / DATA_GAP,DATA_GAP,JMP,Dataverse:jm1pub_title:73dea4e3-b389-f111-ab10-6045bdd69435,Historical/backlist/terminal-state conflict is not live production work. Preserve evidence and remove from current operator workload unless separate legal/legacy review is opened.,NO,NO,ARCHIVE / CLOSE_NO_MUTATION,ARCHIVE_OR_CLOSE_NO_MUTATION
5d7cdeae573849e5de6ce826,Janet Stephens,Jewels by Lady J,DATA_GAP,CREATE_OPERATOR_TASK_FOR_EXTERNAL_MANUAL_STEP,2026-08-26T20:58:10.888Z,WAITING_ON_JMP,DATA_GAP / DATA_GAP,DATA_GAP,JMP,Dataverse:jm1pub_title:79dea4e3-b389-f111-ab10-6045bdd69435,Historical/backlist/terminal-state conflict is not live production work. Preserve evidence and remove from current operator workload unless separate legal/legacy review is opened.,NO,NO,ARCHIVE / CLOSE_NO_MUTATION,ARCHIVE_OR_CLOSE_NO_MUTATION
29d581b34852898ed4e0724c,Terry Stephens,Kingdom Equipment 101,DATA_GAP,CREATE_OPERATOR_TASK_FOR_EXTERNAL_MANUAL_STEP,2026-08-26T20:58:10.888Z,WAITING_ON_JMP,DATA_GAP / DATA_GAP,DATA_GAP,JMP,Dataverse:jm1pub_title:7ddea4e3-b389-f111-ab10-6045bdd69435,Historical/backlist/terminal-state conflict is not live production work. Preserve evidence and remove from current operator workload unless separate legal/legacy review is opened.,NO,NO,ARCHIVE / CLOSE_NO_MUTATION,ARCHIVE_OR_CLOSE_NO_MUTATION
c99b1a44cf5572f0559a8ebd,Bailery Cunningham,Melodies From Heaven,DATA_GAP,CREATE_OPERATOR_TASK_FOR_EXTERNAL_MANUAL_STEP,2026-08-26T20:58:10.888Z,WAITING_ON_JMP,DATA_GAP / DATA_GAP,DATA_GAP,JMP,Dataverse:jm1pub_title:7edea4e3-b389-f111-ab10-6045bdd69435,Historical/backlist/terminal-state conflict is not live production work. Preserve evidence and remove from current operator workload unless separate legal/legacy review is opened.,NO,NO,ARCHIVE / CLOSE_NO_MUTATION,ARCHIVE_OR_CLOSE_NO_MUTATION
16ee5953c7db39650b542d63,Earline Neal,Ordinary People Searching for Greatness,DATA_GAP,CREATE_OPERATOR_TASK_FOR_EXTERNAL_MANUAL_STEP,2026-08-26T20:58:10.888Z,WAITING_ON_JMP,DATA_GAP / DATA_GAP,DATA_GAP,JMP,Dataverse:jm1pub_title:83dea4e3-b389-f111-ab10-6045bdd69435,Historical/backlist/terminal-state conflict is not live production work. Preserve evidence and remove from current operator workload unless separate legal/legacy review is opened.,NO,NO,ARCHIVE / CLOSE_NO_MUTATION,ARCHIVE_OR_CLOSE_NO_MUTATION
44297345052402758ac2e808,Brandyn McElroy,Support Beyond the Cycle,DATA_GAP,CREATE_OPERATOR_TASK_FOR_EXTERNAL_MANUAL_STEP,2026-08-26T20:58:10.888Z,WAITING_ON_JMP,DATA_GAP / DATA_GAP,DATA_GAP,JMP,Dataverse:jm1pub_title:89dea4e3-b389-f111-ab10-6045bdd69435,Historical/backlist/terminal-state conflict is not live production work. Preserve evidence and remove from current operator workload unless separate legal/legacy review is opened.,NO,NO,ARCHIVE / CLOSE_NO_MUTATION,ARCHIVE_OR_CLOSE_NO_MUTATION
5c793589f0c4d65cd0fa7322,Iyorwuese Hagher,The Conquest of Azenga,DATA_GAP,CREATE_OPERATOR_TASK_FOR_EXTERNAL_MANUAL_STEP,2026-08-26T20:58:10.888Z,WAITING_ON_JMP,DATA_GAP / DATA_GAP,DATA_GAP,JMP,Dataverse:jm1pub_title:8bdea4e3-b389-f111-ab10-6045bdd69435,Historical/backlist/terminal-state conflict is not live production work. Preserve evidence and remove from current operator workload unless separate legal/legacy review is opened.,NO,NO,ARCHIVE / CLOSE_NO_MUTATION,ARCHIVE_OR_CLOSE_NO_MUTATION
59150ec5380e56fab826f051,Tracy Norris,"The Essence of Life, Love Letters to Christ",DATA_GAP,CREATE_OPERATOR_TASK_FOR_EXTERNAL_MANUAL_STEP,2026-08-26T20:58:10.888Z,WAITING_ON_JMP,DATA_GAP / DATA_GAP,DATA_GAP,JMP,Dataverse:jm1pub_title:8edea4e3-b389-f111-ab10-6045bdd69435,Historical/backlist/terminal-state conflict is not live production work. Preserve evidence and remove from current operator workload unless separate legal/legacy review is opened.,NO,NO,ARCHIVE / CLOSE_NO_MUTATION,ARCHIVE_OR_CLOSE_NO_MUTATION
a2fce8bcd515bf4ba3a69612,Karen Hill,The Great Hair Restart,DATA_GAP,CREATE_OPERATOR_TASK_FOR_EXTERNAL_MANUAL_STEP,2026-08-26T20:58:10.888Z,WAITING_ON_JMP,DATA_GAP / DATA_GAP,DATA_GAP,JMP,Dataverse:jm1pub_title:dfc1cae9-b389-f111-ab10-6045bdd69435,Historical/backlist/terminal-state conflict is not live production work. Preserve evidence and remove from current operator workload unless separate legal/legacy review is opened.,NO,NO,ARCHIVE / CLOSE_NO_MUTATION,ARCHIVE_OR_CLOSE_NO_MUTATION
cc121bf87815e3820ba8206d,Karen Hill,The Great Hair Restart,DATA_GAP,CREATE_OPERATOR_TASK_FOR_EXTERNAL_MANUAL_STEP,2026-08-26T20:58:10.888Z,WAITING_ON_JMP,DATA_GAP / DATA_GAP,DATA_GAP,JMP,Dataverse:jm1pub_title:e0c1cae9-b389-f111-ab10-6045bdd69435,Historical/backlist/terminal-state conflict is not live production work. Preserve evidence and remove from current operator workload unless separate legal/legacy review is opened.,NO,NO,ARCHIVE / CLOSE_NO_MUTATION,ARCHIVE_OR_CLOSE_NO_MUTATION
8a0d83b878ec0b051f8c4604,Tekisha Wimbush,The I Am in Me,DATA_GAP,CREATE_OPERATOR_TASK_FOR_EXTERNAL_MANUAL_STEP,2026-08-26T20:58:10.888Z,WAITING_ON_JMP,DATA_GAP / DATA_GAP,DATA_GAP,JMP,Dataverse:jm1pub_title:e8c1cae9-b389-f111-ab10-6045bdd69435,Historical/backlist/terminal-state conflict is not live production work. Preserve evidence and remove from current operator workload unless separate legal/legacy review is opened.,NO,NO,ARCHIVE / CLOSE_NO_MUTATION,ARCHIVE_OR_CLOSE_NO_MUTATION
2c61642b2399991d17e267cd,Tekisha Wimbush,The I Am in Me Part 2,DATA_GAP,CREATE_OPERATOR_TASK_FOR_EXTERNAL_MANUAL_STEP,2026-08-26T20:58:10.888Z,WAITING_ON_JMP,DATA_GAP / DATA_GAP,DATA_GAP,JMP,Dataverse:jm1pub_title:e9c1cae9-b389-f111-ab10-6045bdd69435,Historical/backlist/terminal-state conflict is not live production work. Preserve evidence and remove from current operator workload unless separate legal/legacy review is opened.,NO,NO,ARCHIVE / CLOSE_NO_MUTATION,ARCHIVE_OR_CLOSE_NO_MUTATION
8cd6c76a78c70d730d4bc871,Felix Catheline,The Paper Champ,DATA_GAP,CREATE_OPERATOR_TASK_FOR_EXTERNAL_MANUAL_STEP,2026-08-26T20:58:10.888Z,WAITING_ON_JMP,DATA_GAP / DATA_GAP,DATA_GAP,JMP,Dataverse:jm1pub_title:06c2cae9-b389-f111-ab10-6045bdd69435,Historical/backlist/terminal-state conflict is not live production work. Preserve evidence and remove from current operator workload unless separate legal/legacy review is opened.,NO,NO,ARCHIVE / CLOSE_NO_MUTATION,ARCHIVE_OR_CLOSE_NO_MUTATION
8aec0c9278e0a3113d576294,Deborah Eiland,The Princess and the Black-eyed Pea,DATA_GAP,CREATE_OPERATOR_TASK_FOR_EXTERNAL_MANUAL_STEP,2026-08-26T20:58:10.888Z,WAITING_ON_JMP,DATA_GAP / DATA_GAP,DATA_GAP,JMP,Dataverse:jm1pub_title:16c2cae9-b389-f111-ab10-6045bdd69435,Historical/backlist/terminal-state conflict is not live production work. Preserve evidence and remove from current operator workload unless separate legal/legacy review is opened.,NO,NO,ARCHIVE / CLOSE_NO_MUTATION,ARCHIVE_OR_CLOSE_NO_MUTATION
cde4701c4c437b5193a52ff1,Leslie Banks,Uncomfortable Conversations with God,DATA_GAP,CREATE_OPERATOR_TASK_FOR_EXTERNAL_MANUAL_STEP,2026-08-26T20:58:10.888Z,WAITING_ON_JMP,DATA_GAP / DATA_GAP,DATA_GAP,JMP,Dataverse:jm1pub_title:22c2cae9-b389-f111-ab10-6045bdd69435,Historical/backlist/terminal-state conflict is not live production work. Preserve evidence and remove from current operator workload unless separate legal/legacy review is opened.,NO,NO,ARCHIVE / CLOSE_NO_MUTATION,ARCHIVE_OR_CLOSE_NO_MUTATION
d2c95b37e9ac380edc153d71,Kiena Hughley,Your Peace Is a Priority,DATA_GAP,CREATE_OPERATOR_TASK_FOR_EXTERNAL_MANUAL_STEP,2026-08-26T20:58:10.888Z,WAITING_ON_JMP,DATA_GAP / DATA_GAP,DATA_GAP,JMP,Dataverse:jm1pub_title:2bc2cae9-b389-f111-ab10-6045bdd69435,Historical/backlist/terminal-state conflict is not live production work. Preserve evidence and remove from current operator workload unless separate legal/legacy review is opened.,NO,NO,ARCHIVE / CLOSE_NO_MUTATION,ARCHIVE_OR_CLOSE_NO_MUTATION
ca7b0d3329793a894df48fb2,DATA_GAP,Are You Sure That You Are Ready?: A Guide for Vendors,DATA_GAP,CREATE_OPERATOR_TASK_FOR_EXTERNAL_MANUAL_STEP,2026-08-26T20:58:10.888Z,WAITING_ON_JMP,DATA_GAP / DATA_GAP,DATA_GAP,JMP,Dataverse:jm1pub_title:dcbc7ebd-c37a-f111-ab0f-6045bdd69678,"Active title row lacks deterministic author relationship in controller readback; likely legacy/import reconciliation, not immediate production work.",NO,YES_IF_DETERMINISTIC_AUTHOR_LINK_PROVEN,LEGACY_RECONCILIATION_REQUIRED,CONSOLIDATE_TO_LEGACY_RECONCILIATION
3f740840b28430f2fb47df92,DATA_GAP,Come Out Of Hiding: Activating Deliverance,DATA_GAP,CREATE_OPERATOR_TASK_FOR_EXTERNAL_MANUAL_STEP,2026-08-26T20:58:10.888Z,WAITING_ON_JMP,DATA_GAP / DATA_GAP,DATA_GAP,JMP,Dataverse:jm1pub_title:7867a4c3-c37a-f111-ab0f-6045bdd69678,"Active title row lacks deterministic author relationship in controller readback; likely legacy/import reconciliation, not immediate production work.",NO,YES_IF_DETERMINISTIC_AUTHOR_LINK_PROVEN,LEGACY_RECONCILIATION_REQUIRED,CONSOLIDATE_TO_LEGACY_RECONCILIATION
da28ddfef975236eb0b973b1,DATA_GAP,Delicious Ideas!: The Legacy Cookbook,DATA_GAP,CREATE_OPERATOR_TASK_FOR_EXTERNAL_MANUAL_STEP,2026-08-26T20:58:10.888Z,WAITING_ON_JMP,DATA_GAP / DATA_GAP,DATA_GAP,JMP,Dataverse:jm1pub_title:7a67a4c3-c37a-f111-ab0f-6045bdd69678,"Active title row lacks deterministic author relationship in controller readback; likely legacy/import reconciliation, not immediate production work.",NO,YES_IF_DETERMINISTIC_AUTHOR_LINK_PROVEN,LEGACY_RECONCILIATION_REQUIRED,CONSOLIDATE_TO_LEGACY_RECONCILIATION
7290c5d3d536093e146124c9,DATA_GAP,Discipline and Direction: God's Leadership Style,DATA_GAP,CREATE_OPERATOR_TASK_FOR_EXTERNAL_MANUAL_STEP,2026-08-26T20:58:10.888Z,WAITING_ON_JMP,DATA_GAP / DATA_GAP,DATA_GAP,JMP,Dataverse:jm1pub_title:7c67a4c3-c37a-f111-ab0f-6045bdd69678,"Active title row lacks deterministic author relationship in controller readback; likely legacy/import reconciliation, not immediate production work.",NO,YES_IF_DETERMINISTIC_AUTHOR_LINK_PROVEN,LEGACY_RECONCILIATION_REQUIRED,CONSOLIDATE_TO_LEGACY_RECONCILIATION
dd6570d6663f0dc88a9f6db4,DATA_GAP,Divinely Inspired: Trauma Triumphed,DATA_GAP,CREATE_OPERATOR_TASK_FOR_EXTERNAL_MANUAL_STEP,2026-08-26T20:58:10.888Z,WAITING_ON_JMP,DATA_GAP / DATA_GAP,DATA_GAP,JMP,Dataverse:jm1pub_title:7d67a4c3-c37a-f111-ab0f-6045bdd69678,"Active title row lacks deterministic author relationship in controller readback; likely legacy/import reconciliation, not immediate production work.",NO,YES_IF_DETERMINISTIC_AUTHOR_LINK_PROVEN,LEGACY_RECONCILIATION_REQUIRED,CONSOLIDATE_TO_LEGACY_RECONCILIATION
87d3dd54f648f292ad3ce1c9,DATA_GAP,Inspirations from God: God is Gooood!,DATA_GAP,CREATE_OPERATOR_TASK_FOR_EXTERNAL_MANUAL_STEP,2026-08-26T20:58:10.888Z,WAITING_ON_JMP,DATA_GAP / DATA_GAP,DATA_GAP,JMP,Dataverse:jm1pub_title:6e7835ca-c37a-f111-ab0f-6045bdd69678,"Active title row lacks deterministic author relationship in controller readback; likely legacy/import reconciliation, not immediate production work.",NO,YES_IF_DETERMINISTIC_AUTHOR_LINK_PROVEN,LEGACY_RECONCILIATION_REQUIRED,CONSOLIDATE_TO_LEGACY_RECONCILIATION
fdc88146cf6832b063d0b328,DATA_GAP,Just What I Needed: Daily Devotional,DATA_GAP,CREATE_OPERATOR_TASK_FOR_EXTERNAL_MANUAL_STEP,2026-08-26T20:58:10.888Z,WAITING_ON_JMP,DATA_GAP / DATA_GAP,DATA_GAP,JMP,Dataverse:jm1pub_title:6f7835ca-c37a-f111-ab0f-6045bdd69678,"Active title row lacks deterministic author relationship in controller readback; likely legacy/import reconciliation, not immediate production work.",NO,YES_IF_DETERMINISTIC_AUTHOR_LINK_PROVEN,LEGACY_RECONCILIATION_REQUIRED,CONSOLIDATE_TO_LEGACY_RECONCILIATION
bf4084d656eab1d6fdd08e73,DATA_GAP,My ABCs,DATA_GAP,CREATE_OPERATOR_TASK_FOR_EXTERNAL_MANUAL_STEP,2026-08-26T20:58:10.888Z,WAITING_ON_JMP,DATA_GAP / DATA_GAP,DATA_GAP,JMP,Dataverse:jm1pub_title:887835ca-c37a-f111-ab0f-6045bdd69678,"Active title row lacks deterministic author relationship in controller readback; likely legacy/import reconciliation, not immediate production work.",NO,YES_IF_DETERMINISTIC_AUTHOR_LINK_PROVEN,LEGACY_RECONCILIATION_REQUIRED,CONSOLIDATE_TO_LEGACY_RECONCILIATION
0e9ad08b3e3dfbd6a88a72a5,DATA_GAP,SHE: An Expose' of Her Insufficiencies,DATA_GAP,CREATE_OPERATOR_TASK_FOR_EXTERNAL_MANUAL_STEP,2026-08-26T20:58:10.888Z,WAITING_ON_JMP,DATA_GAP / DATA_GAP,DATA_GAP,JMP,Dataverse:jm1pub_title:a97835ca-c37a-f111-ab0f-6045bdd69678,"Active title row lacks deterministic author relationship in controller readback; likely legacy/import reconciliation, not immediate production work.",NO,YES_IF_DETERMINISTIC_AUTHOR_LINK_PROVEN,LEGACY_RECONCILIATION_REQUIRED,CONSOLIDATE_TO_LEGACY_RECONCILIATION
d5e62f7e83c0872003ab4c48,DATA_GAP,"Taylor Made: My Life, My Story",DATA_GAP,CREATE_OPERATOR_TASK_FOR_EXTERNAL_MANUAL_STEP,2026-08-26T20:58:10.888Z,WAITING_ON_JMP,DATA_GAP / DATA_GAP,DATA_GAP,JMP,Dataverse:jm1pub_title:b27835ca-c37a-f111-ab0f-6045bdd69678,"Active title row lacks deterministic author relationship in controller readback; likely legacy/import reconciliation, not immediate production work.",NO,YES_IF_DETERMINISTIC_AUTHOR_LINK_PROVEN,LEGACY_RECONCILIATION_REQUIRED,CONSOLIDATE_TO_LEGACY_RECONCILIATION
b3d5fa724a65952f097d2795,DATA_GAP,Warriors and Angels: Liberating Inner Power in the Journey of Life,DATA_GAP,CREATE_OPERATOR_TASK_FOR_EXTERNAL_MANUAL_STEP,2026-08-26T20:58:10.888Z,WAITING_ON_JMP,DATA_GAP / DATA_GAP,DATA_GAP,JMP,Dataverse:jm1pub_title:4a37c9d0-c37a-f111-ab0f-6045bdd69678,"Active title row lacks deterministic author relationship in controller readback; likely legacy/import reconciliation, not immediate production work.",NO,YES_IF_DETERMINISTIC_AUTHOR_LINK_PROVEN,LEGACY_RECONCILIATION_REQUIRED,CONSOLIDATE_TO_LEGACY_RECONCILIATION
cd91c6aca66b0db6c789892a,DATA_GAP,Your Peace is a Priority: A Devotional Journal,DATA_GAP,CREATE_OPERATOR_TASK_FOR_EXTERNAL_MANUAL_STEP,2026-08-26T20:58:10.888Z,WAITING_ON_JMP,DATA_GAP / DATA_GAP,DATA_GAP,JMP,Dataverse:jm1pub_title:5837c9d0-c37a-f111-ab0f-6045bdd69678,"Active title row lacks deterministic author relationship in controller readback; likely legacy/import reconciliation, not immediate production work.",NO,YES_IF_DETERMINISTIC_AUTHOR_LINK_PROVEN,LEGACY_RECONCILIATION_REQUIRED,CONSOLIDATE_TO_LEGACY_RECONCILIATION
a24dd7a49f0020851bf66960,Eryonna Barrino,A Little Bit of Everything,DATA_GAP,CREATE_OPERATOR_TASK_FOR_EXTERNAL_MANUAL_STEP,2026-08-26T20:58:10.888Z,WAITING_ON_JMP,DATA_GAP / DATA_GAP,DATA_GAP,JMP,Dataverse:jm1pub_title:9fe382d8-b389-f111-ab10-6045bdd69678,Historical/backlist/terminal-state conflict is not live production work. Preserve evidence and remove from current operator workload unless separate legal/legacy review is opened.,NO,NO,ARCHIVE / CLOSE_NO_MUTATION,ARCHIVE_OR_CLOSE_NO_MUTATION
a9d1c25b57f9c31d27c29d6c,Eryonna Barrino,A Little Bit of Everything,DATA_GAP,CREATE_OPERATOR_TASK_FOR_EXTERNAL_MANUAL_STEP,2026-08-26T20:58:10.888Z,WAITING_ON_JMP,DATA_GAP / DATA_GAP,DATA_GAP,JMP,Dataverse:jm1pub_title:a3e382d8-b389-f111-ab10-6045bdd69678,Historical/backlist/terminal-state conflict is not live production work. Preserve evidence and remove from current operator workload unless separate legal/legacy review is opened.,NO,NO,ARCHIVE / CLOSE_NO_MUTATION,ARCHIVE_OR_CLOSE_NO_MUTATION
055f9506771923db99e76e43,Iyorwuese Hagher,A Portrait of Paradise,DATA_GAP,CREATE_OPERATOR_TASK_FOR_EXTERNAL_MANUAL_STEP,2026-08-26T20:58:10.888Z,WAITING_ON_JMP,DATA_GAP / DATA_GAP,DATA_GAP,JMP,Dataverse:jm1pub_title:a8e382d8-b389-f111-ab10-6045bdd69678,Historical/backlist/terminal-state conflict is not live production work. Preserve evidence and remove from current operator workload unless separate legal/legacy review is opened.,NO,NO,ARCHIVE / CLOSE_NO_MUTATION,ARCHIVE_OR_CLOSE_NO_MUTATION
21fb8e53dc0be9bf2fd0b96b,Shelley McIntosh,A Principal's Tale,DATA_GAP,CREATE_OPERATOR_TASK_FOR_EXTERNAL_MANUAL_STEP,2026-08-26T20:58:10.888Z,WAITING_ON_JMP,DATA_GAP / DATA_GAP,DATA_GAP,JMP,Dataverse:jm1pub_title:abe382d8-b389-f111-ab10-6045bdd69678,Historical/backlist/terminal-state conflict is not live production work. Preserve evidence and remove from current operator workload unless separate legal/legacy review is opened.,NO,NO,ARCHIVE / CLOSE_NO_MUTATION,ARCHIVE_OR_CLOSE_NO_MUTATION
d41186894d49dbae43d24de4,Alesia Corpening,"A Truebies Guide, Part 1",DATA_GAP,CREATE_OPERATOR_TASK_FOR_EXTERNAL_MANUAL_STEP,2026-08-26T20:58:10.888Z,WAITING_ON_JMP,DATA_GAP / DATA_GAP,DATA_GAP,JMP,Dataverse:jm1pub_title:aee382d8-b389-f111-ab10-6045bdd69678,Historical/backlist/terminal-state conflict is not live production work. Preserve evidence and remove from current operator workload unless separate legal/legacy review is opened.,NO,NO,ARCHIVE / CLOSE_NO_MUTATION,ARCHIVE_OR_CLOSE_NO_MUTATION
a4bc2b56705451e61c22c4db,Alesia Corpening,"A Truebies Guide, Part 2",DATA_GAP,CREATE_OPERATOR_TASK_FOR_EXTERNAL_MANUAL_STEP,2026-08-26T20:58:10.888Z,WAITING_ON_JMP,DATA_GAP / DATA_GAP,DATA_GAP,JMP,Dataverse:jm1pub_title:afe382d8-b389-f111-ab10-6045bdd69678,Historical/backlist/terminal-state conflict is not live production work. Preserve evidence and remove from current operator workload unless separate legal/legacy review is opened.,NO,NO,ARCHIVE / CLOSE_NO_MUTATION,ARCHIVE_OR_CLOSE_NO_MUTATION
bde53b6508e0bac315c985f7,Deborah Eiland,BEE Careful,DATA_GAP,CREATE_OPERATOR_TASK_FOR_EXTERNAL_MANUAL_STEP,2026-08-26T20:58:10.888Z,WAITING_ON_JMP,DATA_GAP / DATA_GAP,DATA_GAP,JMP,Dataverse:jm1pub_title:079c7bde-b389-f111-ab10-6045bdd69678,Historical/backlist/terminal-state conflict is not live production work. Preserve evidence and remove from current operator workload unless separate legal/legacy review is opened.,NO,NO,ARCHIVE / CLOSE_NO_MUTATION,ARCHIVE_OR_CLOSE_NO_MUTATION
95b3474dab43086ff5d69a0a,Gloria Patterson,Conquer Your Fears and Win,DATA_GAP,CREATE_OPERATOR_TASK_FOR_EXTERNAL_MANUAL_STEP,2026-08-26T20:58:10.888Z,WAITING_ON_JMP,DATA_GAP / DATA_GAP,DATA_GAP,JMP,Dataverse:jm1pub_title:139c7bde-b389-f111-ab10-6045bdd69678,Historical/backlist/terminal-state conflict is not live production work. Preserve evidence and remove from current operator workload unless separate legal/legacy review is opened.,NO,NO,ARCHIVE / CLOSE_NO_MUTATION,ARCHIVE_OR_CLOSE_NO_MUTATION
2878f34733c6a434c20df1f4,"Jackie Smith, Jr.",Establishing Glory,DATA_GAP,CREATE_OPERATOR_TASK_FOR_EXTERNAL_MANUAL_STEP,2026-08-26T20:58:10.888Z,WAITING_ON_JMP,DATA_GAP / DATA_GAP,DATA_GAP,JMP,Dataverse:jm1pub_title:249c7bde-b389-f111-ab10-6045bdd69678,Current editorial artifact binding remains required. Do not move stage until exact current artifact/checksum is recovered.,NO,YES_AFTER_EVIDENCE_RECOVERY,MISSING_EVIDENCE_RECOVERABLE,KEEP_SINGLE_EVIDENCE_RECOVERY_TASK
d152712a2dcb2fbf94b4ffe9,"Jackie Smith, Jr.",Establishing Glory 2,DATA_GAP,CREATE_OPERATOR_TASK_FOR_EXTERNAL_MANUAL_STEP,2026-08-26T20:58:10.888Z,WAITING_ON_JMP,DATA_GAP / DATA_GAP,DATA_GAP,JMP,Dataverse:jm1pub_title:299c7bde-b389-f111-ab10-6045bdd69678,Current editorial artifact binding remains required. Do not move stage until exact current artifact/checksum is recovered.,NO,YES_AFTER_EVIDENCE_RECOVERY,MISSING_EVIDENCE_RECOVERABLE,KEEP_SINGLE_EVIDENCE_RECOVERY_TASK
869213e64f966930b83c853e,"Jackie Smith, Jr.",Establishing Glory 3,DATA_GAP,CREATE_OPERATOR_TASK_FOR_EXTERNAL_MANUAL_STEP,2026-08-26T20:58:10.888Z,WAITING_ON_JMP,DATA_GAP / DATA_GAP,DATA_GAP,JMP,Dataverse:jm1pub_title:2e9c7bde-b389-f111-ab10-6045bdd69678,Current editorial artifact binding remains required. Do not move stage until exact current artifact/checksum is recovered.,NO,YES_AFTER_EVIDENCE_RECOVERY,MISSING_EVIDENCE_RECOVERABLE,KEEP_SINGLE_EVIDENCE_RECOVERY_TASK
df00e069ec658dbdfae821ca,KD Heard,Inner Peace Through Life's Storms,DATA_GAP,CREATE_OPERATOR_TASK_FOR_EXTERNAL_MANUAL_STEP,2026-08-26T20:58:10.888Z,WAITING_ON_JMP,DATA_GAP / DATA_GAP,DATA_GAP,JMP,Dataverse:jm1pub_title:c0ee73e4-b389-f111-ab10-6045bdd69678,Historical/backlist/terminal-state conflict is not live production work. Preserve evidence and remove from current operator workload unless separate legal/legacy review is opened.,NO,NO,ARCHIVE / CLOSE_NO_MUTATION,ARCHIVE_OR_CLOSE_NO_MUTATION
e94f3ea09b973c6530b93cc6,Deborah Eiland,Jalen Becomes a Big Brother,DATA_GAP,CREATE_OPERATOR_TASK_FOR_EXTERNAL_MANUAL_STEP,2026-08-26T20:58:10.888Z,WAITING_ON_JMP,DATA_GAP / DATA_GAP,DATA_GAP,JMP,Dataverse:jm1pub_title:c4ee73e4-b389-f111-ab10-6045bdd69678,Historical/backlist/terminal-state conflict is not live production work. Preserve evidence and remove from current operator workload unless separate legal/legacy review is opened.,NO,NO,ARCHIVE / CLOSE_NO_MUTATION,ARCHIVE_OR_CLOSE_NO_MUTATION
ecfd7fc2815933b9e3e5ecec,Daphanny Baker,Lady Daphanny's Altar,DATA_GAP,CREATE_OPERATOR_TASK_FOR_EXTERNAL_MANUAL_STEP,2026-08-26T20:58:10.888Z,WAITING_ON_JMP,DATA_GAP / DATA_GAP,DATA_GAP,JMP,Dataverse:jm1pub_title:ecee73e4-b389-f111-ab10-6045bdd69678,Historical/backlist/terminal-state conflict is not live production work. Preserve evidence and remove from current operator workload unless separate legal/legacy review is opened.,NO,NO,ARCHIVE / CLOSE_NO_MUTATION,ARCHIVE_OR_CLOSE_NO_MUTATION
6ab1455e7f01f84fac1e8d1a,Bailery Cunningham,Melodies from Heaven,DATA_GAP,CREATE_OPERATOR_TASK_FOR_EXTERNAL_MANUAL_STEP,2026-08-26T20:58:10.888Z,WAITING_ON_JMP,DATA_GAP / DATA_GAP,DATA_GAP,JMP,Dataverse:jm1pub_title:f9ee73e4-b389-f111-ab10-6045bdd69678,Historical/backlist/terminal-state conflict is not live production work. Preserve evidence and remove from current operator workload unless separate legal/legacy review is opened.,NO,NO,ARCHIVE / CLOSE_NO_MUTATION,ARCHIVE_OR_CLOSE_NO_MUTATION
8766747acaa98388af8a9c4d,Carolyn Booker-Pierce,More Than A Village,DATA_GAP,CREATE_OPERATOR_TASK_FOR_EXTERNAL_MANUAL_STEP,2026-08-26T20:58:10.888Z,WAITING_ON_JMP,DATA_GAP / DATA_GAP,DATA_GAP,JMP,Dataverse:jm1pub_title:fdee73e4-b389-f111-ab10-6045bdd69678,Historical/backlist/terminal-state conflict is not live production work. Preserve evidence and remove from current operator workload unless separate legal/legacy review is opened.,NO,NO,ARCHIVE / CLOSE_NO_MUTATION,ARCHIVE_OR_CLOSE_NO_MUTATION
2729a59b91f6a73521a9785b,Veronica Brown,One Soul,DATA_GAP,CREATE_OPERATOR_TASK_FOR_EXTERNAL_MANUAL_STEP,2026-08-26T20:58:10.888Z,WAITING_ON_JMP,DATA_GAP / DATA_GAP,DATA_GAP,JMP,Dataverse:jm1pub_title:0cef73e4-b389-f111-ab10-6045bdd69678,Historical/backlist/terminal-state conflict is not live production work. Preserve evidence and remove from current operator workload unless separate legal/legacy review is opened.,NO,NO,ARCHIVE / CLOSE_NO_MUTATION,ARCHIVE_OR_CLOSE_NO_MUTATION
29dc0cde1e5d3a81273bdcd5,Daphanny Baker,Peaches Can Do It!,DATA_GAP,CREATE_OPERATOR_TASK_FOR_EXTERNAL_MANUAL_STEP,2026-08-26T20:58:10.888Z,WAITING_ON_JMP,DATA_GAP / DATA_GAP,DATA_GAP,JMP,Dataverse:jm1pub_title:10ef73e4-b389-f111-ab10-6045bdd69678,Historical/backlist/terminal-state conflict is not live production work. Preserve evidence and remove from current operator workload unless separate legal/legacy review is opened.,NO,NO,ARCHIVE / CLOSE_NO_MUTATION,ARCHIVE_OR_CLOSE_NO_MUTATION
413a380526f21da906efb34b,Obadiah Harris,The Doctrine of Last Things,DATA_GAP,CREATE_OPERATOR_TASK_FOR_EXTERNAL_MANUAL_STEP,2026-08-26T20:58:10.888Z,WAITING_ON_JMP,DATA_GAP / DATA_GAP,DATA_GAP,JMP,Dataverse:jm1pub_title:1fef73e4-b389-f111-ab10-6045bdd69678,Historical/backlist/terminal-state conflict is not live production work. Preserve evidence and remove from current operator workload unless separate legal/legacy review is opened.,NO,NO,ARCHIVE / CLOSE_NO_MUTATION,ARCHIVE_OR_CLOSE_NO_MUTATION
7d38e7727eacc374df15bdbc,Tracy Norris,"The Essence of Life, Love Letters to Christ",DATA_GAP,CREATE_OPERATOR_TASK_FOR_EXTERNAL_MANUAL_STEP,2026-08-26T20:58:10.888Z,WAITING_ON_JMP,DATA_GAP / DATA_GAP,DATA_GAP,JMP,Dataverse:jm1pub_title:23ef73e4-b389-f111-ab10-6045bdd69678,Historical/backlist/terminal-state conflict is not live production work. Preserve evidence and remove from current operator workload unless separate legal/legacy review is opened.,NO,NO,ARCHIVE / CLOSE_NO_MUTATION,ARCHIVE_OR_CLOSE_NO_MUTATION
2c6e90bf644e1799061398f8,Randall Beverly,The Hood,DATA_GAP,CREATE_OPERATOR_TASK_FOR_EXTERNAL_MANUAL_STEP,2026-08-26T20:58:10.888Z,WAITING_ON_JMP,DATA_GAP / DATA_GAP,DATA_GAP,JMP,Dataverse:jm1pub_title:176290ea-b389-f111-ab10-6045bdd69678,Historical/backlist/terminal-state conflict is not live production work. Preserve evidence and remove from current operator workload unless separate legal/legacy review is opened.,NO,NO,ARCHIVE / CLOSE_NO_MUTATION,ARCHIVE_OR_CLOSE_NO_MUTATION
2d081bc936fac0e029b06845,Shaniqua Williams,The Never Before Told Story of the Gelatin Monster,DATA_GAP,CREATE_OPERATOR_TASK_FOR_EXTERNAL_MANUAL_STEP,2026-08-26T20:58:10.888Z,WAITING_ON_JMP,DATA_GAP / DATA_GAP,DATA_GAP,JMP,Dataverse:jm1pub_title:276290ea-b389-f111-ab10-6045bdd69678,Historical/backlist/terminal-state conflict is not live production work. Preserve evidence and remove from current operator workload unless separate legal/legacy review is opened.,NO,NO,ARCHIVE / CLOSE_NO_MUTATION,ARCHIVE_OR_CLOSE_NO_MUTATION
aec8a23d1482e1eefa6e89e8,Devin Gilchrest,"The Sun, the Shadow, and the Silence",DATA_GAP,CREATE_OPERATOR_TASK_FOR_EXTERNAL_MANUAL_STEP,2026-08-26T20:58:10.888Z,WAITING_ON_JMP,DATA_GAP / DATA_GAP,DATA_GAP,JMP,Dataverse:jm1pub_title:426290ea-b389-f111-ab10-6045bdd69678,Historical/backlist/terminal-state conflict is not live production work. Preserve evidence and remove from current operator workload unless separate legal/legacy review is opened.,NO,NO,ARCHIVE / CLOSE_NO_MUTATION,ARCHIVE_OR_CLOSE_NO_MUTATION
c049df728c8a2fe198e97d9c,Shelley McIntosh,Warriors and Angels,DATA_GAP,CREATE_OPERATOR_TASK_FOR_EXTERNAL_MANUAL_STEP,2026-08-26T20:58:10.888Z,WAITING_ON_JMP,DATA_GAP / DATA_GAP,DATA_GAP,JMP,Dataverse:jm1pub_title:676290ea-b389-f111-ab10-6045bdd69678,Historical/backlist/terminal-state conflict is not live production work. Preserve evidence and remove from current operator workload unless separate legal/legacy review is opened.,NO,NO,ARCHIVE / CLOSE_NO_MUTATION,ARCHIVE_OR_CLOSE_NO_MUTATION
981b4dcc03acacbcf188af8f,Mack Hughley,When a Thug Meets Jesus,DATA_GAP,CREATE_OPERATOR_TASK_FOR_EXTERNAL_MANUAL_STEP,2026-08-26T20:58:10.888Z,WAITING_ON_JMP,DATA_GAP / DATA_GAP,DATA_GAP,JMP,Dataverse:jm1pub_title:6c6290ea-b389-f111-ab10-6045bdd69678,Historical/backlist/terminal-state conflict is not live production work. Preserve evidence and remove from current operator workload unless separate legal/legacy review is opened.,NO,NO,ARCHIVE / CLOSE_NO_MUTATION,ARCHIVE_OR_CLOSE_NO_MUTATION
db353615a96406a67b381d7d,JM1 SyntheticRestored20260727173332,JM1 Synthetic Intake Restored Proof 20260727173332,INQUIRY_INTAKE,CREATE_OPERATOR_TASK_FOR_EXTERNAL_MANUAL_STEP,2026-08-26T20:58:10.888Z,WAITING_ON_JMP,INQUIRY_INTAKE / DATA_GAP,DATA_GAP,JMP,Dataverse:jm1pub_title:f2af2bdb-7a8a-f111-ab10-6045bdd69678; Dataverse:jm1pub_editorialstage:0fb02bdb-7a8a-f111-ab10-6045bdd69678,"Synthetic/certification proof rows are evidence, not live publishing work.",NO,NO,NO_LONGER_APPLICABLE,ARCHIVE_WITH_HISTORY
c6aab3da41e09918ccfbc16a,JM1 SyntheticFinal20260727172010,JM1 Synthetic Intake Final Proof 20260727172010,INQUIRY_INTAKE,CREATE_OPERATOR_TASK_FOR_EXTERNAL_MANUAL_STEP,2026-08-26T20:58:10.888Z,WAITING_ON_JMP,INQUIRY_INTAKE / DATA_GAP,DATA_GAP,JMP,Dataverse:jm1pub_title:14b02bdb-7a8a-f111-ab10-6045bdd69678; Dataverse:jm1pub_editorialstage:07e8ffda-7a8a-f111-ab10-6045bdd69738,"Synthetic/certification proof rows are evidence, not live publishing work.",NO,NO,NO_LONGER_APPLICABLE,ARCHIVE_WITH_HISTORY
cace135dc967cfd193fc9ccb,JM1 SyntheticFinal20260727170349,JM1 Synthetic Intake Final Proof 20260727170349,INQUIRY_INTAKE,CREATE_OPERATOR_TASK_FOR_EXTERNAL_MANUAL_STEP,2026-08-26T20:58:10.888Z,WAITING_ON_JMP,INQUIRY_INTAKE / DATA_GAP,DATA_GAP,JMP,Dataverse:jm1pub_title:17b02bdb-7a8a-f111-ab10-6045bdd69678; Dataverse:jm1pub_editorialstage:5a12b9e0-7a8a-f111-ab10-000d3a9eacee,"Synthetic/certification proof rows are evidence, not live publishing work.",NO,NO,NO_LONGER_APPLICABLE,ARCHIVE_WITH_HISTORY
53572b0c96363c3acb6b6e15,DATA_GAP,Untitled,DATA_GAP,CREATE_OPERATOR_TASK_FOR_EXTERNAL_MANUAL_STEP,2026-08-26T20:58:10.888Z,WAITING_ON_JMP,DATA_GAP / DATA_GAP,DATA_GAP,JMP,Dataverse:jm1pub_title:5aee90b0-9730-f111-88b4-6045bdd69738,Historical/backlist/terminal-state conflict is not live production work. Preserve evidence and remove from current operator workload unless separate legal/legacy review is opened.,NO,NO,ARCHIVE / CLOSE_NO_MUTATION,ARCHIVE_OR_CLOSE_NO_MUTATION
11377134de6d3db6245b5a57,Ericka Johnson Settles,7 Step Jumpstart to Becoming Your Best Self,DATA_GAP,CREATE_OPERATOR_TASK_FOR_EXTERNAL_MANUAL_STEP,2026-08-26T20:58:10.888Z,WAITING_ON_JMP,DATA_GAP / DATA_GAP,DATA_GAP,JMP,Dataverse:jm1pub_title:4a9a11da-b389-f111-ab10-6045bdd69738,Historical/backlist/terminal-state conflict is not live production work. Preserve evidence and remove from current operator workload unless separate legal/legacy review is opened.,NO,NO,ARCHIVE / CLOSE_NO_MUTATION,ARCHIVE_OR_CLOSE_NO_MUTATION
fef74cce1b899989a4b5864a,Shecara Norris,A Blended Family,DATA_GAP,CREATE_OPERATOR_TASK_FOR_EXTERNAL_MANUAL_STEP,2026-08-26T20:58:10.888Z,WAITING_ON_JMP,DATA_GAP / DATA_GAP,DATA_GAP,JMP,Dataverse:jm1pub_title:4b9a11da-b389-f111-ab10-6045bdd69738,Historical/backlist/terminal-state conflict is not live production work. Preserve evidence and remove from current operator workload unless separate legal/legacy review is opened.,NO,NO,ARCHIVE / CLOSE_NO_MUTATION,ARCHIVE_OR_CLOSE_NO_MUTATION
db5f9bb4b7d506a52a65afbe,Alice Pryor,According to Mark,DATA_GAP,CREATE_OPERATOR_TASK_FOR_EXTERNAL_MANUAL_STEP,2026-08-26T20:58:10.888Z,WAITING_ON_JMP,DATA_GAP / DATA_GAP,DATA_GAP,JMP,Dataverse:jm1pub_title:509a11da-b389-f111-ab10-6045bdd69738,Historical/backlist/terminal-state conflict is not live production work. Preserve evidence and remove from current operator workload unless separate legal/legacy review is opened.,NO,NO,ARCHIVE / CLOSE_NO_MUTATION,ARCHIVE_OR_CLOSE_NO_MUTATION
0699ec963b14200edb279af0,Jaylonna Stevette,Almost Happy,DATA_GAP,CREATE_OPERATOR_TASK_FOR_EXTERNAL_MANUAL_STEP,2026-08-26T20:58:10.888Z,WAITING_ON_JMP,DATA_GAP / DATA_GAP,DATA_GAP,JMP,Dataverse:jm1pub_title:539a11da-b389-f111-ab10-6045bdd69738,Historical/backlist/terminal-state conflict is not live production work. Preserve evidence and remove from current operator workload unless separate legal/legacy review is opened.,NO,NO,ARCHIVE / CLOSE_NO_MUTATION,ARCHIVE_OR_CLOSE_NO_MUTATION
1a964a7ce30fd0aa07bdf9db,Ericka Thornton,Are You Sure That You Are Ready?,DATA_GAP,CREATE_OPERATOR_TASK_FOR_EXTERNAL_MANUAL_STEP,2026-08-26T20:58:10.888Z,WAITING_ON_JMP,DATA_GAP / DATA_GAP,DATA_GAP,JMP,Dataverse:jm1pub_title:549a11da-b389-f111-ab10-6045bdd69738,Historical/backlist/terminal-state conflict is not live production work. Preserve evidence and remove from current operator workload unless separate legal/legacy review is opened.,NO,NO,ARCHIVE / CLOSE_NO_MUTATION,ARCHIVE_OR_CLOSE_NO_MUTATION
c8ac1133ca391b49b0f50c35,Deborah Eiland,BEE Careful,DATA_GAP,CREATE_OPERATOR_TASK_FOR_EXTERNAL_MANUAL_STEP,2026-08-26T20:58:10.888Z,WAITING_ON_JMP,DATA_GAP / DATA_GAP,DATA_GAP,JMP,Dataverse:jm1pub_title:559a11da-b389-f111-ab10-6045bdd69738,Historical/backlist/terminal-state conflict is not live production work. Preserve evidence and remove from current operator workload unless separate legal/legacy review is opened.,NO,NO,ARCHIVE / CLOSE_NO_MUTATION,ARCHIVE_OR_CLOSE_NO_MUTATION
3adb383c56fecf44eaa5ac23,Terry Stephens,Biblical Prescriptions For Life's Troubles,DATA_GAP,CREATE_OPERATOR_TASK_FOR_EXTERNAL_MANUAL_STEP,2026-08-26T20:58:10.888Z,WAITING_ON_JMP,DATA_GAP / DATA_GAP,DATA_GAP,JMP,Dataverse:jm1pub_title:569a11da-b389-f111-ab10-6045bdd69738,Historical/backlist/terminal-state conflict is not live production work. Preserve evidence and remove from current operator workload unless separate legal/legacy review is opened.,NO,NO,ARCHIVE / CLOSE_NO_MUTATION,ARCHIVE_OR_CLOSE_NO_MUTATION
db7601c566c748021e3bc39e,"Jackie Smith, Jr.",Establishing Glory,DATA_GAP,CREATE_OPERATOR_TASK_FOR_EXTERNAL_MANUAL_STEP,2026-08-26T20:58:10.888Z,WAITING_ON_JMP,DATA_GAP / DATA_GAP,DATA_GAP,JMP,Dataverse:jm1pub_title:54a0a0e0-b389-f111-ab10-6045bdd69738,Current editorial artifact binding remains required. Do not move stage until exact current artifact/checksum is recovered.,NO,YES_AFTER_EVIDENCE_RECOVERY,MISSING_EVIDENCE_RECOVERABLE,KEEP_SINGLE_EVIDENCE_RECOVERY_TASK
2af1711e728f85fc12359f03,"Jackie Smith, Jr.",Establishing Glory,DATA_GAP,CREATE_OPERATOR_TASK_FOR_EXTERNAL_MANUAL_STEP,2026-08-26T20:58:10.888Z,WAITING_ON_JMP,DATA_GAP / DATA_GAP,DATA_GAP,JMP,Dataverse:jm1pub_title:55a0a0e0-b389-f111-ab10-6045bdd69738,Current editorial artifact binding remains required. Do not move stage until exact current artifact/checksum is recovered.,NO,YES_AFTER_EVIDENCE_RECOVERY,MISSING_EVIDENCE_RECOVERABLE,KEEP_SINGLE_EVIDENCE_RECOVERY_TASK
87486074602d321f577538cb,"Jackie Smith, Jr.",Establishing Glory: The Praise and Worship Handbook,DATA_GAP,CREATE_OPERATOR_TASK_FOR_EXTERNAL_MANUAL_STEP,2026-08-26T20:58:10.888Z,WAITING_ON_JMP,DATA_GAP / DATA_GAP,DATA_GAP,JMP,Dataverse:jm1pub_title:56a0a0e0-b389-f111-ab10-6045bdd69738,Current editorial artifact binding remains required. Do not move stage until exact current artifact/checksum is recovered.,NO,YES_AFTER_EVIDENCE_RECOVERY,MISSING_EVIDENCE_RECOVERABLE,KEEP_SINGLE_EVIDENCE_RECOVERY_TASK
f6b631aea3daefec6ececa39,Terry Stephens,God’s Business Plan,DATA_GAP,CREATE_OPERATOR_TASK_FOR_EXTERNAL_MANUAL_STEP,2026-08-26T20:58:10.888Z,WAITING_ON_JMP,DATA_GAP / DATA_GAP,DATA_GAP,JMP,Dataverse:jm1pub_title:57a0a0e0-b389-f111-ab10-6045bdd69738,Historical/backlist/terminal-state conflict is not live production work. Preserve evidence and remove from current operator workload unless separate legal/legacy review is opened.,NO,NO,ARCHIVE / CLOSE_NO_MUTATION,ARCHIVE_OR_CLOSE_NO_MUTATION
790ef7aff69456e1113dc1c9,Terry Stephens,God’s Business Plan,DATA_GAP,CREATE_OPERATOR_TASK_FOR_EXTERNAL_MANUAL_STEP,2026-08-26T20:58:10.888Z,WAITING_ON_JMP,DATA_GAP / DATA_GAP,DATA_GAP,JMP,Dataverse:jm1pub_title:58a0a0e0-b389-f111-ab10-6045bdd69738,Historical/backlist/terminal-state conflict is not live production work. Preserve evidence and remove from current operator workload unless separate legal/legacy review is opened.,NO,NO,ARCHIVE / CLOSE_NO_MUTATION,ARCHIVE_OR_CLOSE_NO_MUTATION
2f1f22a22a840d5c5b231f63,Toni Kleckley,Grandmothers Educating Minds,DATA_GAP,CREATE_OPERATOR_TASK_FOR_EXTERNAL_MANUAL_STEP,2026-08-26T20:58:10.888Z,WAITING_ON_JMP,DATA_GAP / DATA_GAP,DATA_GAP,JMP,Dataverse:jm1pub_title:59a0a0e0-b389-f111-ab10-6045bdd69738,Historical/backlist/terminal-state conflict is not live production work. Preserve evidence and remove from current operator workload unless separate legal/legacy review is opened.,NO,NO,ARCHIVE / CLOSE_NO_MUTATION,ARCHIVE_OR_CLOSE_NO_MUTATION
6a22262ff4023e803cd92318,Cheryl Travis,"Help God, I Am Confused",DATA_GAP,CREATE_OPERATOR_TASK_FOR_EXTERNAL_MANUAL_STEP,2026-08-26T20:58:10.888Z,WAITING_ON_JMP,DATA_GAP / DATA_GAP,DATA_GAP,JMP,Dataverse:jm1pub_title:5ca0a0e0-b389-f111-ab10-6045bdd69738,Historical/backlist/terminal-state conflict is not live production work. Preserve evidence and remove from current operator workload unless separate legal/legacy review is opened.,NO,NO,ARCHIVE / CLOSE_NO_MUTATION,ARCHIVE_OR_CLOSE_NO_MUTATION
e8e27f8598e3b54e687203eb,Edith Clay,Inspirations from God,DATA_GAP,CREATE_OPERATOR_TASK_FOR_EXTERNAL_MANUAL_STEP,2026-08-26T20:58:10.888Z,WAITING_ON_JMP,DATA_GAP / DATA_GAP,DATA_GAP,JMP,Dataverse:jm1pub_title:61a0a0e0-b389-f111-ab10-6045bdd69738,Historical/backlist/terminal-state conflict is not live production work. Preserve evidence and remove from current operator workload unless separate legal/legacy review is opened.,NO,NO,ARCHIVE / CLOSE_NO_MUTATION,ARCHIVE_OR_CLOSE_NO_MUTATION
560bdc6db218446b47389746,Kurt Broadnax,Love Is An Action Word,DATA_GAP,CREATE_OPERATOR_TASK_FOR_EXTERNAL_MANUAL_STEP,2026-08-26T20:58:10.888Z,WAITING_ON_JMP,DATA_GAP / DATA_GAP,DATA_GAP,JMP,Dataverse:jm1pub_title:62a0a0e0-b389-f111-ab10-6045bdd69738,Historical/backlist/terminal-state conflict is not live production work. Preserve evidence and remove from current operator workload unless separate legal/legacy review is opened.,NO,NO,ARCHIVE / CLOSE_NO_MUTATION,ARCHIVE_OR_CLOSE_NO_MUTATION
8508f9642f569ceb74a13e2a,Shelley McIntosh,Memoir of a Black Christian Nationalist,DATA_GAP,CREATE_OPERATOR_TASK_FOR_EXTERNAL_MANUAL_STEP,2026-08-26T20:58:10.888Z,WAITING_ON_JMP,DATA_GAP / DATA_GAP,DATA_GAP,JMP,Dataverse:jm1pub_title:63a0a0e0-b389-f111-ab10-6045bdd69738,Historical/backlist/terminal-state conflict is not live production work. Preserve evidence and remove from current operator workload unless separate legal/legacy review is opened.,NO,NO,ARCHIVE / CLOSE_NO_MUTATION,ARCHIVE_OR_CLOSE_NO_MUTATION
38faaf79404fd258c989e900,Shelley McIntosh,Memoir of a Black Christian Nationalist,DATA_GAP,CREATE_OPERATOR_TASK_FOR_EXTERNAL_MANUAL_STEP,2026-08-26T20:58:10.888Z,WAITING_ON_JMP,DATA_GAP / DATA_GAP,DATA_GAP,JMP,Dataverse:jm1pub_title:7fc2a2e6-b389-f111-ab10-6045bdd69738,Historical/backlist/terminal-state conflict is not live production work. Preserve evidence and remove from current operator workload unless separate legal/legacy review is opened.,NO,NO,ARCHIVE / CLOSE_NO_MUTATION,ARCHIVE_OR_CLOSE_NO_MUTATION
c19f5b837eaee677aed1fcaa,Will Harris,Music Ministry Unplugged,DATA_GAP,CREATE_OPERATOR_TASK_FOR_EXTERNAL_MANUAL_STEP,2026-08-26T20:58:10.888Z,WAITING_ON_JMP,DATA_GAP / DATA_GAP,DATA_GAP,JMP,Dataverse:jm1pub_title:82c2a2e6-b389-f111-ab10-6045bdd69738,Historical/backlist/terminal-state conflict is not live production work. Preserve evidence and remove from current operator workload unless separate legal/legacy review is opened.,NO,NO,ARCHIVE / CLOSE_NO_MUTATION,ARCHIVE_OR_CLOSE_NO_MUTATION
897c70e6c6b8e7bcb31f6640,Jaylonna Stevette,Naughty Tales,DATA_GAP,CREATE_OPERATOR_TASK_FOR_EXTERNAL_MANUAL_STEP,2026-08-26T20:58:10.888Z,WAITING_ON_JMP,DATA_GAP / DATA_GAP,DATA_GAP,JMP,Dataverse:jm1pub_title:83c2a2e6-b389-f111-ab10-6045bdd69738,Historical/backlist/terminal-state conflict is not live production work. Preserve evidence and remove from current operator workload unless separate legal/legacy review is opened.,NO,NO,ARCHIVE / CLOSE_NO_MUTATION,ARCHIVE_OR_CLOSE_NO_MUTATION
f0ed7188da33fa5574a6f408,Juanita Travis,Rhyming It up with Church Stuff,DATA_GAP,CREATE_OPERATOR_TASK_FOR_EXTERNAL_MANUAL_STEP,2026-08-26T20:58:10.888Z,WAITING_ON_JMP,DATA_GAP / DATA_GAP,DATA_GAP,JMP,Dataverse:jm1pub_title:87c2a2e6-b389-f111-ab10-6045bdd69738,Historical/backlist/terminal-state conflict is not live production work. Preserve evidence and remove from current operator workload unless separate legal/legacy review is opened.,NO,NO,ARCHIVE / CLOSE_NO_MUTATION,ARCHIVE_OR_CLOSE_NO_MUTATION
bbd923144a7c47e61943a9ab,Kurt Broadnax,Seasons of Life,DATA_GAP,CREATE_OPERATOR_TASK_FOR_EXTERNAL_MANUAL_STEP,2026-08-26T20:58:10.888Z,WAITING_ON_JMP,DATA_GAP / DATA_GAP,DATA_GAP,JMP,Dataverse:jm1pub_title:88c2a2e6-b389-f111-ab10-6045bdd69738,Historical/backlist/terminal-state conflict is not live production work. Preserve evidence and remove from current operator workload unless separate legal/legacy review is opened.,NO,NO,ARCHIVE / CLOSE_NO_MUTATION,ARCHIVE_OR_CLOSE_NO_MUTATION
c62a6b30addc0b271fae9c7f,Will Harris,Taylor Made,DATA_GAP,CREATE_OPERATOR_TASK_FOR_EXTERNAL_MANUAL_STEP,2026-08-26T20:58:10.888Z,WAITING_ON_JMP,DATA_GAP / DATA_GAP,DATA_GAP,JMP,Dataverse:jm1pub_title:89c2a2e6-b389-f111-ab10-6045bdd69738,Historical/backlist/terminal-state conflict is not live production work. Preserve evidence and remove from current operator workload unless separate legal/legacy review is opened.,NO,NO,ARCHIVE / CLOSE_NO_MUTATION,ARCHIVE_OR_CLOSE_NO_MUTATION
153808ad3df6693a4e509df9,Dennis Brown,The Flame,DATA_GAP,CREATE_OPERATOR_TASK_FOR_EXTERNAL_MANUAL_STEP,2026-08-26T20:58:10.888Z,WAITING_ON_JMP,DATA_GAP / DATA_GAP,DATA_GAP,JMP,Dataverse:jm1pub_title:8cc2a2e6-b389-f111-ab10-6045bdd69738,Historical/backlist/terminal-state conflict is not live production work. Preserve evidence and remove from current operator workload unless separate legal/legacy review is opened.,NO,NO,ARCHIVE / CLOSE_NO_MUTATION,ARCHIVE_OR_CLOSE_NO_MUTATION
ded8df721740a2e7db7c8fa1,Karen Hill,The Great Hair Restart,DATA_GAP,CREATE_OPERATOR_TASK_FOR_EXTERNAL_MANUAL_STEP,2026-08-26T20:58:10.888Z,WAITING_ON_JMP,DATA_GAP / DATA_GAP,DATA_GAP,JMP,Dataverse:jm1pub_title:8dc2a2e6-b389-f111-ab10-6045bdd69738,Historical/backlist/terminal-state conflict is not live production work. Preserve evidence and remove from current operator workload unless separate legal/legacy review is opened.,NO,NO,ARCHIVE / CLOSE_NO_MUTATION,ARCHIVE_OR_CLOSE_NO_MUTATION
6a1c61d7a6d35f27edd77722,Tekisha Wimbush,The I Am in Me Part 2,DATA_GAP,CREATE_OPERATOR_TASK_FOR_EXTERNAL_MANUAL_STEP,2026-08-26T20:58:10.888Z,WAITING_ON_JMP,DATA_GAP / DATA_GAP,DATA_GAP,JMP,Dataverse:jm1pub_title:8fc2a2e6-b389-f111-ab10-6045bdd69738,Historical/backlist/terminal-state conflict is not live production work. Preserve evidence and remove from current operator workload unless separate legal/legacy review is opened.,NO,NO,ARCHIVE / CLOSE_NO_MUTATION,ARCHIVE_OR_CLOSE_NO_MUTATION
71b94371112837f66a09b2f3,Sylvia Benson,The Master's Piece,DATA_GAP,CREATE_OPERATOR_TASK_FOR_EXTERNAL_MANUAL_STEP,2026-08-26T20:58:10.888Z,WAITING_ON_JMP,DATA_GAP / DATA_GAP,DATA_GAP,JMP,Dataverse:jm1pub_title:92c2a2e6-b389-f111-ab10-6045bdd69738,Historical/backlist/terminal-state conflict is not live production work. Preserve evidence and remove from current operator workload unless separate legal/legacy review is opened.,NO,NO,ARCHIVE / CLOSE_NO_MUTATION,ARCHIVE_OR_CLOSE_NO_MUTATION
4d96a5f380f38c7f74eab6df,Sean Crowley,The Shift,DATA_GAP,CREATE_OPERATOR_TASK_FOR_EXTERNAL_MANUAL_STEP,2026-08-26T20:58:10.888Z,WAITING_ON_JMP,DATA_GAP / DATA_GAP,DATA_GAP,JMP,Dataverse:jm1pub_title:94c2a2e6-b389-f111-ab10-6045bdd69738,Historical/backlist/terminal-state conflict is not live production work. Preserve evidence and remove from current operator workload unless separate legal/legacy review is opened.,NO,NO,ARCHIVE / CLOSE_NO_MUTATION,ARCHIVE_OR_CLOSE_NO_MUTATION
9d8b3395230a240cfcefecf8,Rodney Waller,Why Faith Works For Some And Not For Others,DATA_GAP,CREATE_OPERATOR_TASK_FOR_EXTERNAL_MANUAL_STEP,2026-08-26T20:58:10.888Z,WAITING_ON_JMP,DATA_GAP / DATA_GAP,DATA_GAP,JMP,Dataverse:jm1pub_title:e1b26aed-b389-f111-ab10-6045bdd69738,Historical/backlist/terminal-state conflict is not live production work. Preserve evidence and remove from current operator workload unless separate legal/legacy review is opened.,NO,NO,ARCHIVE / CLOSE_NO_MUTATION,ARCHIVE_OR_CLOSE_NO_MUTATION
b93b476a89216c977b40a3c8,DATA_GAP,Untitled,DATA_GAP,CREATE_OPERATOR_TASK_FOR_EXTERNAL_MANUAL_STEP,2026-08-26T20:58:10.888Z,WAITING_ON_JMP,DATA_GAP / DATA_GAP,DATA_GAP,JMP,Dataverse:jm1pub_title:9eb5559c-9630-f111-88b4-7c1e525b15c2,Historical/backlist/terminal-state conflict is not live production work. Preserve evidence and remove from current operator workload unless separate legal/legacy review is opened.,NO,NO,ARCHIVE / CLOSE_NO_MUTATION,ARCHIVE_OR_CLOSE_NO_MUTATION
cb582aadec9a3048ea182e40,DATA_GAP,todays's new title,DATA_GAP,CREATE_OPERATOR_TASK_FOR_EXTERNAL_MANUAL_STEP,2026-08-26T20:58:10.888Z,WAITING_ON_JMP,DATA_GAP / DATA_GAP,DATA_GAP,JMP,Dataverse:jm1pub_title:b2838072-e23d-f111-88b5-7c1e525b15c2,"Active title row lacks deterministic author relationship in controller readback; likely legacy/import reconciliation, not immediate production work.",NO,YES_IF_DETERMINISTIC_AUTHOR_LINK_PROVEN,LEGACY_RECONCILIATION_REQUIRED,CONSOLIDATE_TO_LEGACY_RECONCILIATION
6fdff0fc2f456456299d5e13,"Jackie Smith, Jr.",Establishing Glory 3: The Marriage Handbook,POST_PUBLICATION,CREATE_OPERATOR_TASK_FOR_EXTERNAL_MANUAL_STEP,2026-08-26T20:58:10.888Z,WAITING_ON_JMP,POST_PUBLICATION / TERMINAL,DATA_GAP,JMP,Dataverse:jm1pub_title:9c8797ca-c27a-f111-ab0f-7c1e525b15c2,Current editorial artifact binding remains required. Do not move stage until exact current artifact/checksum is recovered.,NO,YES_AFTER_EVIDENCE_RECOVERY,MISSING_EVIDENCE_RECOVERABLE,KEEP_SINGLE_EVIDENCE_RECOVERY_TASK
24f0b83bc7b96a438105b6f9,"Jackie Smith, Jr.",Establishing Glory: The Praise and Worship Handbook (2nd Edition),POST_PUBLICATION,CREATE_OPERATOR_TASK_FOR_EXTERNAL_MANUAL_STEP,2026-08-26T20:58:10.888Z,WAITING_ON_JMP,POST_PUBLICATION / TERMINAL,DATA_GAP,JMP,Dataverse:jm1pub_title:9d8797ca-c27a-f111-ab0f-7c1e525b15c2,Current editorial artifact binding remains required. Do not move stage until exact current artifact/checksum is recovered.,NO,YES_AFTER_EVIDENCE_RECOVERY,MISSING_EVIDENCE_RECOVERABLE,KEEP_SINGLE_EVIDENCE_RECOVERY_TASK
50cddbaee5b587c6234906f3,DATA_GAP,Jewels by Lady J: A Book of Daily Devotion and Reflection One Day at a Time,DATA_GAP,CREATE_OPERATOR_TASK_FOR_EXTERNAL_MANUAL_STEP,2026-08-26T20:58:10.888Z,WAITING_ON_JMP,DATA_GAP / DATA_GAP,DATA_GAP,JMP,Dataverse:jm1pub_title:311405c7-c37a-f111-ab0f-7c1e525b15c2,"Active title row lacks deterministic author relationship in controller readback; likely legacy/import reconciliation, not immediate production work.",NO,YES_IF_DETERMINISTIC_AUTHOR_LINK_PROVEN,LEGACY_RECONCILIATION_REQUIRED,CONSOLIDATE_TO_LEGACY_RECONCILIATION
c3e6e3e40660ffedca3b21c0,DATA_GAP,Mirror of Refining Insight: An Introspective Look At Pursuing Your Purpose,DATA_GAP,CREATE_OPERATOR_TASK_FOR_EXTERNAL_MANUAL_STEP,2026-08-26T20:58:10.888Z,WAITING_ON_JMP,DATA_GAP / DATA_GAP,DATA_GAP,JMP,Dataverse:jm1pub_title:3b1405c7-c37a-f111-ab0f-7c1e525b15c2,"Active title row lacks deterministic author relationship in controller readback; likely legacy/import reconciliation, not immediate production work.",NO,YES_IF_DETERMINISTIC_AUTHOR_LINK_PROVEN,LEGACY_RECONCILIATION_REQUIRED,CONSOLIDATE_TO_LEGACY_RECONCILIATION
c7d0f2ae039242e1f67ea47c,Shecara Norris,A Blended Family,DATA_GAP,CREATE_OPERATOR_TASK_FOR_EXTERNAL_MANUAL_STEP,2026-08-26T20:58:10.888Z,WAITING_ON_JMP,DATA_GAP / DATA_GAP,DATA_GAP,JMP,Dataverse:jm1pub_title:f47d1ada-b389-f111-ab10-7c1e525b15c2,Historical/backlist/terminal-state conflict is not live production work. Preserve evidence and remove from current operator workload unless separate legal/legacy review is opened.,NO,NO,ARCHIVE / CLOSE_NO_MUTATION,ARCHIVE_OR_CLOSE_NO_MUTATION
d313fa8b011da13669cc1153,Iyorwuese Hagher,A Portrait of Paradise,DATA_GAP,CREATE_OPERATOR_TASK_FOR_EXTERNAL_MANUAL_STEP,2026-08-26T20:58:10.888Z,WAITING_ON_JMP,DATA_GAP / DATA_GAP,DATA_GAP,JMP,Dataverse:jm1pub_title:f57d1ada-b389-f111-ab10-7c1e525b15c2,Historical/backlist/terminal-state conflict is not live production work. Preserve evidence and remove from current operator workload unless separate legal/legacy review is opened.,NO,NO,ARCHIVE / CLOSE_NO_MUTATION,ARCHIVE_OR_CLOSE_NO_MUTATION
6a48a8663efde76c9a1ab820,Carolyn Booker-Pierce,Abortion!,DATA_GAP,CREATE_OPERATOR_TASK_FOR_EXTERNAL_MANUAL_STEP,2026-08-26T20:58:10.888Z,WAITING_ON_JMP,DATA_GAP / DATA_GAP,DATA_GAP,JMP,Dataverse:jm1pub_title:f67d1ada-b389-f111-ab10-7c1e525b15c2,Historical/backlist/terminal-state conflict is not live production work. Preserve evidence and remove from current operator workload unless separate legal/legacy review is opened.,NO,NO,ARCHIVE / CLOSE_NO_MUTATION,ARCHIVE_OR_CLOSE_NO_MUTATION
24418d6554134f12082fb7af,Alice Pryor,According to Mark,DATA_GAP,CREATE_OPERATOR_TASK_FOR_EXTERNAL_MANUAL_STEP,2026-08-26T20:58:10.888Z,WAITING_ON_JMP,DATA_GAP / DATA_GAP,DATA_GAP,JMP,Dataverse:jm1pub_title:f87d1ada-b389-f111-ab10-7c1e525b15c2,Historical/backlist/terminal-state conflict is not live production work. Preserve evidence and remove from current operator workload unless separate legal/legacy review is opened.,NO,NO,ARCHIVE / CLOSE_NO_MUTATION,ARCHIVE_OR_CLOSE_NO_MUTATION
c4e7ed05fa1b10cbdb465cc0,Carolyn Booker-Pierce,Because the Lord is My Shepherd,DATA_GAP,CREATE_OPERATOR_TASK_FOR_EXTERNAL_MANUAL_STEP,2026-08-26T20:58:10.888Z,WAITING_ON_JMP,DATA_GAP / DATA_GAP,DATA_GAP,JMP,Dataverse:jm1pub_title:017e1ada-b389-f111-ab10-7c1e525b15c2,Historical/backlist/terminal-state conflict is not live production work. Preserve evidence and remove from current operator workload unless separate legal/legacy review is opened.,NO,NO,ARCHIVE / CLOSE_NO_MUTATION,ARCHIVE_OR_CLOSE_NO_MUTATION
1049c5d044c01a2fb422a6e7,Christina Chislom,Come Out of Hiding,DATA_GAP,CREATE_OPERATOR_TASK_FOR_EXTERNAL_MANUAL_STEP,2026-08-26T20:58:10.888Z,WAITING_ON_JMP,DATA_GAP / DATA_GAP,DATA_GAP,JMP,Dataverse:jm1pub_title:057e1ada-b389-f111-ab10-7c1e525b15c2,Historical/backlist/terminal-state conflict is not live production work. Preserve evidence and remove from current operator workload unless separate legal/legacy review is opened.,NO,NO,ARCHIVE / CLOSE_NO_MUTATION,ARCHIVE_OR_CLOSE_NO_MUTATION
4a6f60cb1e00cf1b7c764aa9,Agape International Cathedral,Delicious Ideas!,DATA_GAP,CREATE_OPERATOR_TASK_FOR_EXTERNAL_MANUAL_STEP,2026-08-26T20:58:10.888Z,WAITING_ON_JMP,DATA_GAP / DATA_GAP,DATA_GAP,JMP,Dataverse:jm1pub_title:0a7e1ada-b389-f111-ab10-7c1e525b15c2,Historical/backlist/terminal-state conflict is not live production work. Preserve evidence and remove from current operator workload unless separate legal/legacy review is opened.,NO,NO,ARCHIVE / CLOSE_NO_MUTATION,ARCHIVE_OR_CLOSE_NO_MUTATION
1e024d2f8305170922cfa503,"Jackie Smith, Jr.",Establishing Glory,DATA_GAP,CREATE_OPERATOR_TASK_FOR_EXTERNAL_MANUAL_STEP,2026-08-26T20:58:10.888Z,WAITING_ON_JMP,DATA_GAP / DATA_GAP,DATA_GAP,JMP,Dataverse:jm1pub_title:9d5b72e0-b389-f111-ab10-7c1e525b15c2,Current editorial artifact binding remains required. Do not move stage until exact current artifact/checksum is recovered.,NO,YES_AFTER_EVIDENCE_RECOVERY,MISSING_EVIDENCE_RECOVERABLE,KEEP_SINGLE_EVIDENCE_RECOVERY_TASK
6ba0370d7514e35d064535f4,"Jackie Smith, Jr.",Establishing Glory 3,DATA_GAP,CREATE_OPERATOR_TASK_FOR_EXTERNAL_MANUAL_STEP,2026-08-26T20:58:10.888Z,WAITING_ON_JMP,DATA_GAP / DATA_GAP,DATA_GAP,JMP,Dataverse:jm1pub_title:a35b72e0-b389-f111-ab10-7c1e525b15c2,Current editorial artifact binding remains required. Do not move stage until exact current artifact/checksum is recovered.,NO,YES_AFTER_EVIDENCE_RECOVERY,MISSING_EVIDENCE_RECOVERABLE,KEEP_SINGLE_EVIDENCE_RECOVERY_TASK
0d6a71947f23e8b87c409da7,"Jackie Smith, Jr.",Establishing Glory 3,DATA_GAP,CREATE_OPERATOR_TASK_FOR_EXTERNAL_MANUAL_STEP,2026-08-26T20:58:10.888Z,WAITING_ON_JMP,DATA_GAP / DATA_GAP,DATA_GAP,JMP,Dataverse:jm1pub_title:a45b72e0-b389-f111-ab10-7c1e525b15c2,Current editorial artifact binding remains required. Do not move stage until exact current artifact/checksum is recovered.,NO,YES_AFTER_EVIDENCE_RECOVERY,MISSING_EVIDENCE_RECOVERABLE,KEEP_SINGLE_EVIDENCE_RECOVERY_TASK
49fd20e11011cfa2cb414371,Jaylonna Stevette,Getting Back 2 Happy,DATA_GAP,CREATE_OPERATOR_TASK_FOR_EXTERNAL_MANUAL_STEP,2026-08-26T20:58:10.888Z,WAITING_ON_JMP,DATA_GAP / DATA_GAP,DATA_GAP,JMP,Dataverse:jm1pub_title:a65b72e0-b389-f111-ab10-7c1e525b15c2,Historical/backlist/terminal-state conflict is not live production work. Preserve evidence and remove from current operator workload unless separate legal/legacy review is opened.,NO,NO,ARCHIVE / CLOSE_NO_MUTATION,ARCHIVE_OR_CLOSE_NO_MUTATION
fd32fef1272b1910732d95ba,Thomas Johnson,God's Word For This World,DATA_GAP,CREATE_OPERATOR_TASK_FOR_EXTERNAL_MANUAL_STEP,2026-08-26T20:58:10.888Z,WAITING_ON_JMP,DATA_GAP / DATA_GAP,DATA_GAP,JMP,Dataverse:jm1pub_title:cd5b72e0-b389-f111-ab10-7c1e525b15c2,Historical/backlist/terminal-state conflict is not live production work. Preserve evidence and remove from current operator workload unless separate legal/legacy review is opened.,NO,NO,ARCHIVE / CLOSE_NO_MUTATION,ARCHIVE_OR_CLOSE_NO_MUTATION
26f8b0d10c4af9114e9ec281,Jaylonna Stevette,Have You Considered My Servant?,DATA_GAP,CREATE_OPERATOR_TASK_FOR_EXTERNAL_MANUAL_STEP,2026-08-26T20:58:10.888Z,WAITING_ON_JMP,DATA_GAP / DATA_GAP,DATA_GAP,JMP,Dataverse:jm1pub_title:db5b72e0-b389-f111-ab10-7c1e525b15c2,Historical/backlist/terminal-state conflict is not live production work. Preserve evidence and remove from current operator workload unless separate legal/legacy review is opened.,NO,NO,ARCHIVE / CLOSE_NO_MUTATION,ARCHIVE_OR_CLOSE_NO_MUTATION
6291c8748c1613603be8a06f,Cheryl Travis,"Help God, I Am - The Collection",DATA_GAP,CREATE_OPERATOR_TASK_FOR_EXTERNAL_MANUAL_STEP,2026-08-26T20:58:10.888Z,WAITING_ON_JMP,DATA_GAP / DATA_GAP,DATA_GAP,JMP,Dataverse:jm1pub_title:e55b72e0-b389-f111-ab10-7c1e525b15c2,Historical/backlist/terminal-state conflict is not live production work. Preserve evidence and remove from current operator workload unless separate legal/legacy review is opened.,NO,NO,ARCHIVE / CLOSE_NO_MUTATION,ARCHIVE_OR_CLOSE_NO_MUTATION
9a18445e9afcf09ca8ceff04,Cheryl Travis,"Help God, I Am Angry",DATA_GAP,CREATE_OPERATOR_TASK_FOR_EXTERNAL_MANUAL_STEP,2026-08-26T20:58:10.888Z,WAITING_ON_JMP,DATA_GAP / DATA_GAP,DATA_GAP,JMP,Dataverse:jm1pub_title:f05b72e0-b389-f111-ab10-7c1e525b15c2,Historical/backlist/terminal-state conflict is not live production work. Preserve evidence and remove from current operator workload unless separate legal/legacy review is opened.,NO,NO,ARCHIVE / CLOSE_NO_MUTATION,ARCHIVE_OR_CLOSE_NO_MUTATION
fae3bc80d97abd4149ef1e7d,Tawana Mars,"Hop, Hop, Hop",DATA_GAP,CREATE_OPERATOR_TASK_FOR_EXTERNAL_MANUAL_STEP,2026-08-26T20:58:10.888Z,WAITING_ON_JMP,DATA_GAP / DATA_GAP,DATA_GAP,JMP,Dataverse:jm1pub_title:1c5c72e0-b389-f111-ab10-7c1e525b15c2,Historical/backlist/terminal-state conflict is not live production work. Preserve evidence and remove from current operator workload unless separate legal/legacy review is opened.,NO,NO,ARCHIVE / CLOSE_NO_MUTATION,ARCHIVE_OR_CLOSE_NO_MUTATION
2553cee200d214cf1042f1fb,Lisa Clark,Let Me Tell You about It,DATA_GAP,CREATE_OPERATOR_TASK_FOR_EXTERNAL_MANUAL_STEP,2026-08-26T20:58:10.888Z,WAITING_ON_JMP,DATA_GAP / DATA_GAP,DATA_GAP,JMP,Dataverse:jm1pub_title:665c72e0-b389-f111-ab10-7c1e525b15c2,Historical/backlist/terminal-state conflict is not live production work. Preserve evidence and remove from current operator workload unless separate legal/legacy review is opened.,NO,NO,ARCHIVE / CLOSE_NO_MUTATION,ARCHIVE_OR_CLOSE_NO_MUTATION
edd237e254cc66095fe40b9b,Diane Johnson,Love Lucy,DATA_GAP,CREATE_OPERATOR_TASK_FOR_EXTERNAL_MANUAL_STEP,2026-08-26T20:58:10.888Z,WAITING_ON_JMP,DATA_GAP / DATA_GAP,DATA_GAP,JMP,Dataverse:jm1pub_title:845c72e0-b389-f111-ab10-7c1e525b15c2,Historical/backlist/terminal-state conflict is not live production work. Preserve evidence and remove from current operator workload unless separate legal/legacy review is opened.,NO,NO,ARCHIVE / CLOSE_NO_MUTATION,ARCHIVE_OR_CLOSE_NO_MUTATION
f415267cf6178b34595721ec,Carolyn Booker-Pierce,Loving the Addict,DATA_GAP,CREATE_OPERATOR_TASK_FOR_EXTERNAL_MANUAL_STEP,2026-08-26T20:58:10.888Z,WAITING_ON_JMP,DATA_GAP / DATA_GAP,DATA_GAP,JMP,Dataverse:jm1pub_title:955c72e0-b389-f111-ab10-7c1e525b15c2,Historical/backlist/terminal-state conflict is not live production work. Preserve evidence and remove from current operator workload unless separate legal/legacy review is opened.,NO,NO,ARCHIVE / CLOSE_NO_MUTATION,ARCHIVE_OR_CLOSE_NO_MUTATION
df2806ecf3656f634cdf3d97,Marvin Grayson,Mirror of Refining Insight,DATA_GAP,CREATE_OPERATOR_TASK_FOR_EXTERNAL_MANUAL_STEP,2026-08-26T20:58:10.888Z,WAITING_ON_JMP,DATA_GAP / DATA_GAP,DATA_GAP,JMP,Dataverse:jm1pub_title:a9df6ae6-b389-f111-ab10-7c1e525b15c2,Historical/backlist/terminal-state conflict is not live production work. Preserve evidence and remove from current operator workload unless separate legal/legacy review is opened.,NO,NO,ARCHIVE / CLOSE_NO_MUTATION,ARCHIVE_OR_CLOSE_NO_MUTATION
7ee102ad02b423922612a040,Christy Grogg,My ABC's,DATA_GAP,CREATE_OPERATOR_TASK_FOR_EXTERNAL_MANUAL_STEP,2026-08-26T20:58:10.888Z,WAITING_ON_JMP,DATA_GAP / DATA_GAP,DATA_GAP,JMP,Dataverse:jm1pub_title:d6df6ae6-b389-f111-ab10-7c1e525b15c2,Historical/backlist/terminal-state conflict is not live production work. Preserve evidence and remove from current operator workload unless separate legal/legacy review is opened.,NO,NO,ARCHIVE / CLOSE_NO_MUTATION,ARCHIVE_OR_CLOSE_NO_MUTATION
ed9d108818c46f26b170b863,Natasha Gilchrest,Pretty Wings,DATA_GAP,CREATE_OPERATOR_TASK_FOR_EXTERNAL_MANUAL_STEP,2026-08-26T20:58:10.888Z,WAITING_ON_JMP,DATA_GAP / DATA_GAP,DATA_GAP,JMP,Dataverse:jm1pub_title:52e06ae6-b389-f111-ab10-7c1e525b15c2,Historical/backlist/terminal-state conflict is not live production work. Preserve evidence and remove from current operator workload unless separate legal/legacy review is opened.,NO,NO,ARCHIVE / CLOSE_NO_MUTATION,ARCHIVE_OR_CLOSE_NO_MUTATION
c78d1f5a8376ed3c18b3a35b,Karen Hill,The Great Hair Restart,DATA_GAP,CREATE_OPERATOR_TASK_FOR_EXTERNAL_MANUAL_STEP,2026-08-26T20:58:10.888Z,WAITING_ON_JMP,DATA_GAP / DATA_GAP,DATA_GAP,JMP,Dataverse:jm1pub_title:28e16ae6-b389-f111-ab10-7c1e525b15c2,Historical/backlist/terminal-state conflict is not live production work. Preserve evidence and remove from current operator workload unless separate legal/legacy review is opened.,NO,NO,ARCHIVE / CLOSE_NO_MUTATION,ARCHIVE_OR_CLOSE_NO_MUTATION
81235c25e6887a838dcc8649,Christina Chislom,The Little Girl with the Plow!,DATA_GAP,CREATE_OPERATOR_TASK_FOR_EXTERNAL_MANUAL_STEP,2026-08-26T20:58:10.888Z,WAITING_ON_JMP,DATA_GAP / DATA_GAP,DATA_GAP,JMP,Dataverse:jm1pub_title:95e16ae6-b389-f111-ab10-7c1e525b15c2,Historical/backlist/terminal-state conflict is not live production work. Preserve evidence and remove from current operator workload unless separate legal/legacy review is opened.,NO,NO,ARCHIVE / CLOSE_NO_MUTATION,ARCHIVE_OR_CLOSE_NO_MUTATION
2667cdf6107af9127960e92c,Daphanny Baker,The Messenger,DATA_GAP,CREATE_OPERATOR_TASK_FOR_EXTERNAL_MANUAL_STEP,2026-08-26T20:58:10.888Z,WAITING_ON_JMP,DATA_GAP / DATA_GAP,DATA_GAP,JMP,Dataverse:jm1pub_title:bfe16ae6-b389-f111-ab10-7c1e525b15c2,Historical/backlist/terminal-state conflict is not live production work. Preserve evidence and remove from current operator workload unless separate legal/legacy review is opened.,NO,NO,ARCHIVE / CLOSE_NO_MUTATION,ARCHIVE_OR_CLOSE_NO_MUTATION
67ddf5c6b7f9228978736a75,Carol Roye,What Goes Up Must Come Down Let's Face It,DATA_GAP,CREATE_OPERATOR_TASK_FOR_EXTERNAL_MANUAL_STEP,2026-08-26T20:58:10.888Z,WAITING_ON_JMP,DATA_GAP / DATA_GAP,DATA_GAP,JMP,Dataverse:jm1pub_title:810464ec-b389-f111-ab10-7c1e525b15c2,Historical/backlist/terminal-state conflict is not live production work. Preserve evidence and remove from current operator workload unless separate legal/legacy review is opened.,NO,NO,ARCHIVE / CLOSE_NO_MUTATION,ARCHIVE_OR_CLOSE_NO_MUTATION
063b476f15b3a6f1b17f2f13,Gwendolyn Rucker-Carr,When Zuri Came to Earth,DATA_GAP,CREATE_OPERATOR_TASK_FOR_EXTERNAL_MANUAL_STEP,2026-08-26T20:58:10.888Z,WAITING_ON_JMP,DATA_GAP / DATA_GAP,DATA_GAP,JMP,Dataverse:jm1pub_title:900464ec-b389-f111-ab10-7c1e525b15c2,Historical/backlist/terminal-state conflict is not live production work. Preserve evidence and remove from current operator workload unless separate legal/legacy review is opened.,NO,NO,ARCHIVE / CLOSE_NO_MUTATION,ARCHIVE_OR_CLOSE_NO_MUTATION
7f0950c8e01172e6da5e7929,Gate W1 Synthetic,GATE-W1 Synthetic Certification Manuscript 20260729,EDITORIAL_REVIEW_RECOMMENDATION,CREATE_OPERATOR_TASK_FOR_EXTERNAL_MANUAL_STEP,2026-08-26T20:58:10.888Z,WAITING_ON_JMP,EDITORIAL_REVIEW_RECOMMENDATION / DATA_GAP,DATA_GAP,JMP,Dataverse:jm1pub_title:7f9b991c-418b-f111-ab10-7c1e525b15c2; Dataverse:jm1pub_editorialstage:0b2f281c-418b-f111-ab10-000d3a1a9efa,"Synthetic/certification proof rows are evidence, not live publishing work.",NO,NO,NO_LONGER_APPLICABLE,ARCHIVE_WITH_HISTORY
b74893f5f313053cecaea2e2,Gate W1 Join Synthetic,GATE-W1 App Service Staging Positive Join 1785341427544,EDITORIAL_REVIEW_RECOMMENDATION,CREATE_OPERATOR_TASK_FOR_EXTERNAL_MANUAL_STEP,2026-08-26T20:58:10.888Z,WAITING_ON_JMP,EDITORIAL_REVIEW_RECOMMENDATION / DATA_GAP,DATA_GAP,JMP,Dataverse:jm1pub_title:8bcc42c8-688b-f111-ab10-7c1e525b15c2; Dataverse:jm1pub_editorialstage:1fbba2c8-688b-f111-ab10-000d3a14673b,"Synthetic/certification proof rows are evidence, not live publishing work.",NO,NO,NO_LONGER_APPLICABLE,ARCHIVE_WITH_HISTORY
0a7680059c23df67f11fdfc8,Gate W1 Docx Synthetic,GATE-W1 App Service Staging DOCX Join 1785342161378,EDITORIAL_REVIEW_RECOMMENDATION,CREATE_OPERATOR_TASK_FOR_EXTERNAL_MANUAL_STEP,2026-08-26T20:58:10.888Z,WAITING_ON_JMP,EDITORIAL_REVIEW_RECOMMENDATION / DATA_GAP,DATA_GAP,JMP,Dataverse:jm1pub_title:7a8102e6-698b-f111-ab10-7c1e525b15c2; Dataverse:jm1pub_editorialstage:ca94b1e7-698b-f111-ab10-00224820105b,"Synthetic/certification proof rows are evidence, not live publishing work.",NO,NO,NO_LONGER_APPLICABLE,ARCHIVE_WITH_HISTORY
b2413fd8c1b9afb51d42bd47,Gate W1 Long Docx Synthetic,GATE-W1 App Service Staging Long DOCX Join 1785342346355,EDITORIAL_REVIEW_RECOMMENDATION,CREATE_OPERATOR_TASK_FOR_EXTERNAL_MANUAL_STEP,2026-08-26T20:58:10.888Z,WAITING_ON_JMP,EDITORIAL_REVIEW_RECOMMENDATION / DATA_GAP,DATA_GAP,JMP,Dataverse:jm1pub_title:11590673-6a8b-f111-ab10-7c1e525b15c2; Dataverse:jm1pub_editorialstage:0f461175-6a8b-f111-ab0f-7ced8dce6fda,"Synthetic/certification proof rows are evidence, not live publishing work.",NO,NO,NO_LONGER_APPLICABLE,ARCHIVE_WITH_HISTORY
2b8e86f8853c097e647d7d34,Gate W1 Multipart Synthetic,GATE-W1 App Service Staging Multipart Join 1785341972350,EDITORIAL_REVIEW_RECOMMENDATION,CREATE_OPERATOR_TASK_FOR_EXTERNAL_MANUAL_STEP,2026-08-26T20:58:10.888Z,WAITING_ON_JMP,EDITORIAL_REVIEW_RECOMMENDATION / DATA_GAP,DATA_GAP,JMP,Dataverse:jm1pub_title:a31f2e58-698b-f111-ab0f-7ced8dce6fda; Dataverse:jm1pub_editorialstage:8a5f8856-698b-f111-ab10-00224820105b,"Synthetic/certification proof rows are evidence, not live publishing work.",NO,NO,NO_LONGER_APPLICABLE,ARCHIVE_WITH_HISTORY
916c56276465afd56db4ac3a,JM1 SyntheticIntake20260727164554,JM1 Synthetic Intake SEV1 Proof 20260727164554,INQUIRY_INTAKE,CREATE_OPERATOR_TASK_FOR_EXTERNAL_MANUAL_STEP,2026-08-26T20:58:10.888Z,WAITING_ON_JMP,INQUIRY_INTAKE / DATA_GAP,DATA_GAP,JMP,Dataverse:jm1_publishingintake:577858c2-da89-f111-ab10-000d3a14673b,"Synthetic/certification proof rows are evidence, not live publishing work.",NO,NO,NO_LONGER_APPLICABLE,ARCHIVE_WITH_HISTORY
976ba4c87391a856632e7634,JM1 SyntheticIntake20260727163730,JM1 Synthetic Intake SEV1 Proof 20260727163730,INQUIRY_INTAKE,CREATE_OPERATOR_TASK_FOR_EXTERNAL_MANUAL_STEP,2026-08-26T20:58:10.888Z,WAITING_ON_JMP,INQUIRY_INTAKE / DATA_GAP,DATA_GAP,JMP,Dataverse:jm1_publishingintake:71f19874-d989-f111-ab10-00224820105b,"Synthetic/certification proof rows are evidence, not live publishing work.",NO,NO,NO_LONGER_APPLICABLE,ARCHIVE_WITH_HISTORY
75f5def48c6b9cbfe3ca2948,Jackie Test,New Book Test,INQUIRY_INTAKE,CREATE_OPERATOR_TASK_FOR_EXTERNAL_MANUAL_STEP,2026-08-26T20:58:10.888Z,WAITING_ON_JMP,INQUIRY_INTAKE / PROSPECT_RESPONSE,DATA_GAP,JMP,Dataverse:jm1_publishingintake:02923fbd-019d-f111-b8dc-6045bdd69435,"Synthetic/certification proof rows are evidence, not live publishing work.",NO,NO,NO_LONGER_APPLICABLE,ARCHIVE_WITH_HISTORY
79249812b13a5fe7b4b7b3d9,Quanisha Dockery,Indomitable Indomitable Escaping Witchcraft and Finding My Identity in Christ,INQUIRY_INTAKE,CREATE_OPERATOR_TASK_FOR_EXTERNAL_MANUAL_STEP,2026-08-26T20:58:10.888Z,WAITING_ON_JMP,INQUIRY_INTAKE / DATA_GAP,DATA_GAP,JMP,Dataverse:jm1_publishingintake:74719cd6-cd95-f111-8076-6045bdd69678,Indomitable has current title/commercial/production state and a valid Developmental author-review delivery; bounded mailbox read found no new Quanisha response.,NO,NO,ALREADY_SATISFIED / STALE_TASK,CLOSE_STALE_TASK_NO_MUTATION
7e0e342e3818eaeaa78e6d9a,Jackie Smith Jr,The Long Watch - Intake Success Validation,INQUIRY_INTAKE,CREATE_OPERATOR_TASK_FOR_EXTERNAL_MANUAL_STEP,2026-08-26T20:58:10.888Z,WAITING_ON_JMP,INQUIRY_INTAKE / PROSPECT_RESPONSE,DATA_GAP,JMP,Dataverse:jm1_publishingintake:f42a9474-1f76-f111-ab0f-6045bdd69738,"Line runtime is governed, but current evidence keeps this title behind provider/runtime capacity and queue policy. Do not duplicate queued machine work.",NO,NO,EXTERNAL_DEPENDENCY,KEEP_SINGLE_RUNTIME_DEPENDENCY_TASK
968fac2041c4be4455a12ee8,JM1 SyntheticFetch20260727165010,JM1 Synthetic Intake Fetch Proof 20260727165010,INQUIRY_INTAKE,CREATE_OPERATOR_TASK_FOR_EXTERNAL_MANUAL_STEP,2026-08-26T20:58:10.888Z,WAITING_ON_JMP,INQUIRY_INTAKE / DATA_GAP,DATA_GAP,JMP,Dataverse:jm1_publishingintake:cb7e283c-db89-f111-ab10-6045bdd69738,"Synthetic/certification proof rows are evidence, not live publishing work.",NO,NO,NO_LONGER_APPLICABLE,ARCHIVE_WITH_HISTORY
d2ee872bc66649de859cd81c,DATA_GAP,JMP-INT-202607-YEUSKK — GATE-W1 Synthetic Recommendation Manuscript 20260729,DATA_GAP,CREATE_OPERATOR_TASK_FOR_EXTERNAL_MANUAL_STEP,2026-08-26T20:58:10.888Z,WAITING_ON_JMP,DATA_GAP / DATA_GAP,DATA_GAP,JMP,Dataverse:opportunity:d7c63ea5-678b-f111-ab10-7c1e525b15c2,"Synthetic/certification proof rows are evidence, not live publishing work.",NO,NO,NO_LONGER_APPLICABLE,ARCHIVE_WITH_HISTORY
