source,entity_type,record_id,record_name,title,author,intake_reference,title_id,stage_type,stage_status,modified_on,classification_hint,source_path
Dataverse,title,f79006b7-f595-f111-8076-00224820105b,'TIL DEATH DO US PART,'TIL DEATH DO US PART,"Jackie Smith, Jr.",,f79006b7-f595-f111-8076-00224820105b,,,2026-08-12T02:30:01Z,REAL_ACTIVE,
Dataverse,title,11590673-6a8b-f111-ab10-7c1e525b15c2,GATE-W1 App Service Staging Long DOCX Join 1785342346355,GATE-W1 App Service Staging Long DOCX Join 1785342346355,Gate W1 Long Docx Synthetic,,11590673-6a8b-f111-ab10-7c1e525b15c2,,,2026-07-29T16:28:00Z,SYNTHETIC,
Dataverse,title,7a8102e6-698b-f111-ab10-7c1e525b15c2,GATE-W1 App Service Staging DOCX Join 1785342161378,GATE-W1 App Service Staging DOCX Join 1785342161378,Gate W1 Docx Synthetic,,7a8102e6-698b-f111-ab10-7c1e525b15c2,,,2026-07-29T16:24:00Z,SYNTHETIC,
Dataverse,title,a31f2e58-698b-f111-ab0f-7ced8dce6fda,GATE-W1 App Service Staging Multipart Join 1785341972350,GATE-W1 App Service Staging Multipart Join 1785341972350,Gate W1 Multipart Synthetic,,a31f2e58-698b-f111-ab0f-7ced8dce6fda,,,2026-07-29T16:20:03Z,SYNTHETIC,
Dataverse,title,8bcc42c8-688b-f111-ab10-7c1e525b15c2,GATE-W1 App Service Staging Positive Join 1785341427544,GATE-W1 App Service Staging Positive Join 1785341427544,Gate W1 Join Synthetic,,8bcc42c8-688b-f111-ab10-7c1e525b15c2,,,2026-07-29T16:16:01Z,SYNTHETIC,
Dataverse,title,48e831f0-418b-f111-ab10-000d3a1a9efa,GATE-W1 Synthetic Recommendation Manuscript 20260729,GATE-W1 Synthetic Recommendation Manuscript 20260729,Gate W1 Synthetic,,48e831f0-418b-f111-ab10-000d3a1a9efa,,,2026-07-29T11:38:01Z,SYNTHETIC,
Dataverse,title,7f9b991c-418b-f111-ab10-7c1e525b15c2,GATE-W1 Synthetic Certification Manuscript 20260729,GATE-W1 Synthetic Certification Manuscript 20260729,Gate W1 Synthetic,,7f9b991c-418b-f111-ab10-7c1e525b15c2,,,2026-07-29T11:32:01Z,CERTIFICATION,
Dataverse,title,17b02bdb-7a8a-f111-ab10-6045bdd69678,JM1 Synthetic Intake Final Proof 20260727170349,JM1 Synthetic Intake Final Proof 20260727170349,JM1 SyntheticFinal20260727170349,,17b02bdb-7a8a-f111-ab10-6045bdd69678,,,2026-07-28T11:52:59Z,SYNTHETIC,
Dataverse,title,14b02bdb-7a8a-f111-ab10-6045bdd69678,JM1 Synthetic Intake Final Proof 20260727172010,JM1 Synthetic Intake Final Proof 20260727172010,JM1 SyntheticFinal20260727172010,,14b02bdb-7a8a-f111-ab10-6045bdd69678,,,2026-07-28T11:52:57Z,SYNTHETIC,
Dataverse,title,f2af2bdb-7a8a-f111-ab10-6045bdd69678,JM1 Synthetic Intake Restored Proof 20260727173332,JM1 Synthetic Intake Restored Proof 20260727173332,JM1 SyntheticRestored20260727173332,,f2af2bdb-7a8a-f111-ab10-6045bdd69678,,,2026-07-28T11:52:55Z,SYNTHETIC,
Dataverse,title,39515cd9-7a8a-f111-ab10-000d3a1a9efa,JM1 Duplicate Proof 20260727173641,JM1 Duplicate Proof 20260727173641,JM1 Duplicate20260727173641,,39515cd9-7a8a-f111-ab10-000d3a1a9efa,,,2026-07-28T11:52:52Z,DUPLICATE,
Dataverse,title,ca68c994-fd89-f111-ab10-00224820105b,Untitled,Untitled,Atta Boateng,,ca68c994-fd89-f111-ab10-00224820105b,,,2026-07-27T20:56:13Z,RECONCILIATION_REQUIRED,
Dataverse,title,1b2ac7e9-b389-f111-ab10-000d3a9eacee,You're Still Not Crazy,You're Still Not Crazy,Carolyn Booker-Pierce,,1b2ac7e9-b389-f111-ab10-000d3a9eacee,,,2026-07-27T13:12:01Z,RECONCILIATION_REQUIRED,
Dataverse,title,1c2ac7e9-b389-f111-ab10-000d3a9eacee,"Your brain has too much what, mommy??","Your brain has too much what, mommy??",Essence Easley,,1c2ac7e9-b389-f111-ab10-000d3a9eacee,,,2026-07-27T13:12:01Z,RECONCILIATION_REQUIRED,
Dataverse,title,cdd3f1ec-b389-f111-ab10-00224820105b,"Your Brain Has Too Much What, Mommy??","Your Brain Has Too Much What, Mommy??",Essence Easley,,cdd3f1ec-b389-f111-ab10-00224820105b,,,2026-07-27T13:12:01Z,RECONCILIATION_REQUIRED,
Dataverse,title,2bc2cae9-b389-f111-ab10-6045bdd69435,Your Peace Is a Priority,Your Peace Is a Priority,Kiena Hughley,,2bc2cae9-b389-f111-ab10-6045bdd69435,,,2026-07-27T13:12:01Z,RECONCILIATION_REQUIRED,
Dataverse,title,66137ed6-c27a-f111-ab0f-6045bdd69738,Your Peace Is a Priority,Your Peace Is a Priority,Kiena Hughley,,66137ed6-c27a-f111-ab0f-6045bdd69738,,,2026-07-27T13:12:01Z,RECONCILIATION_REQUIRED,
Dataverse,title,bc4188ed-b389-f111-ab10-000d3a14673b,Words of A Troubled Soul,Words of A Troubled Soul,David Williams,,bc4188ed-b389-f111-ab10-000d3a14673b,,,2026-07-27T13:12:00Z,RECONCILIATION_REQUIRED,
Dataverse,title,a74b00d4-c27a-f111-ab0f-00224820105b,You're Still Not Crazy,You're Still Not Crazy,Carolyn Booker-Pierce,,a74b00d4-c27a-f111-ab0f-00224820105b,,,2026-07-27T13:12:00Z,RECONCILIATION_REQUIRED,
Dataverse,title,c8d3f1ec-b389-f111-ab10-00224820105b,Words of a Troubled Soul,Words of a Troubled Soul,David Williams,,c8d3f1ec-b389-f111-ab10-00224820105b,,,2026-07-27T13:12:00Z,RECONCILIATION_REQUIRED,
Dataverse,title,e1b26aed-b389-f111-ab10-6045bdd69738,Why Faith Works For Some And Not For Others,Why Faith Works For Some And Not For Others,Rodney Waller,,e1b26aed-b389-f111-ab10-6045bdd69738,,,2026-07-27T13:12:00Z,RECONCILIATION_REQUIRED,
Dataverse,title,604797d0-c27a-f111-ab0f-7c1e525b15c2,Words of a Troubled Soul,Words of a Troubled Soul,David Williams,,604797d0-c27a-f111-ab0f-7c1e525b15c2,,,2026-07-27T13:12:00Z,RECONCILIATION_REQUIRED,
Dataverse,title,9e8ffdd6-c27a-f111-ab0f-7c1e525b15c2,Why Faith Works for Some and Not for Others,Why Faith Works for Some and Not for Others,Rodney Waller,,9e8ffdd6-c27a-f111-ab0f-7c1e525b15c2,,,2026-07-27T13:12:00Z,RECONCILIATION_REQUIRED,
Dataverse,title,900464ec-b389-f111-ab10-7c1e525b15c2,When Zuri Came to Earth,When Zuri Came to Earth,Gwendolyn Rucker-Carr,,900464ec-b389-f111-ab10-7c1e525b15c2,,,2026-07-27T13:12:00Z,RECONCILIATION_REQUIRED,
Dataverse,title,d9f603d3-c27a-f111-ab0f-000d3a14673b,Warriors and Angels,Warriors and Angels,Shelley McIntosh,,d9f603d3-c27a-f111-ab0f-000d3a14673b,,,2026-07-27T13:11:59Z,RECONCILIATION_REQUIRED,
Dataverse,title,192ac7e9-b389-f111-ab10-000d3a9eacee,What Goes up Must Come down Let's Face It,What Goes up Must Come down Let's Face It,Carol Roye,,192ac7e9-b389-f111-ab10-000d3a9eacee,,,2026-07-27T13:11:59Z,RECONCILIATION_REQUIRED,
Dataverse,title,9a4b00d4-c27a-f111-ab0f-00224820105b,When a Thug Meets Jesus,When a Thug Meets Jesus,Mack Hughley,,9a4b00d4-c27a-f111-ab0f-00224820105b,,,2026-07-27T13:11:59Z,RECONCILIATION_REQUIRED,
Dataverse,title,676290ea-b389-f111-ab10-6045bdd69678,Warriors and Angels,Warriors and Angels,Shelley McIntosh,,676290ea-b389-f111-ab10-6045bdd69678,,,2026-07-27T13:11:59Z,RECONCILIATION_REQUIRED,
Dataverse,title,6c6290ea-b389-f111-ab10-6045bdd69678,When a Thug Meets Jesus,When a Thug Meets Jesus,Mack Hughley,,6c6290ea-b389-f111-ab10-6045bdd69678,,,2026-07-27T13:11:59Z,RECONCILIATION_REQUIRED,
Dataverse,title,935f72d0-c27a-f111-ab0f-6045bdd69738,Warrior's Breed,Warrior's Breed,Dean Wilson,,935f72d0-c27a-f111-ab0f-6045bdd69738,,,2026-07-27T13:11:59Z,RECONCILIATION_REQUIRED,
Dataverse,title,65137ed6-c27a-f111-ab0f-6045bdd69738,When Zuri Came to Earth,When Zuri Came to Earth,Gwendolyn Rucker-Carr,,65137ed6-c27a-f111-ab0f-6045bdd69738,,,2026-07-27T13:11:59Z,RECONCILIATION_REQUIRED,
Dataverse,title,810464ec-b389-f111-ab10-7c1e525b15c2,What Goes Up Must Come Down Let's Face It,What Goes Up Must Come Down Let's Face It,Carol Roye,,810464ec-b389-f111-ab10-7c1e525b15c2,,,2026-07-27T13:11:59Z,RECONCILIATION_REQUIRED,
Dataverse,title,c9f603d3-c27a-f111-ab0f-000d3a14673b,Uncomfortable Conversations with God,Uncomfortable Conversations with God,Leslie Banks,,c9f603d3-c27a-f111-ab0f-000d3a14673b,,,2026-07-27T13:11:58Z,RECONCILIATION_REQUIRED,
Dataverse,title,128ce1e6-b389-f111-ab10-000d3a14673b,War Mother,War Mother,Winter Dockery,,128ce1e6-b389-f111-ab10-000d3a14673b,,,2026-07-27T13:11:58Z,RECONCILIATION_REQUIRED,
Dataverse,title,172ac7e9-b389-f111-ab10-000d3a9eacee,Understanding the Misunderstood,Understanding the Misunderstood,Tia Benincase,,172ac7e9-b389-f111-ab10-000d3a9eacee,,,2026-07-27T13:11:58Z,RECONCILIATION_REQUIRED,
Dataverse,title,994b00d4-c27a-f111-ab0f-00224820105b,Understanding the Misunderstood,Understanding the Misunderstood,Tia Benincase,,994b00d4-c27a-f111-ab0f-00224820105b,,,2026-07-27T13:11:58Z,RECONCILIATION_REQUIRED,
Dataverse,title,fec27b7a-cc7a-f111-ab0f-6045bdd69435,Warrior's Breed,Warrior's Breed,Dean Wilson,,fec27b7a-cc7a-f111-ab0f-6045bdd69435,,,2026-07-27T13:11:58Z,RECONCILIATION_REQUIRED,
Dataverse,title,22c2cae9-b389-f111-ab10-6045bdd69435,Uncomfortable Conversations with God,Uncomfortable Conversations with God,Leslie Banks,,22c2cae9-b389-f111-ab10-6045bdd69435,,,2026-07-27T13:11:58Z,RECONCILIATION_REQUIRED,
Dataverse,title,426290ea-b389-f111-ab10-6045bdd69678,"The Sun, the Shadow, and the Silence","The Sun, the Shadow, and the Silence",Devin Gilchrest,,426290ea-b389-f111-ab10-6045bdd69678,,,2026-07-27T13:11:58Z,RECONCILIATION_REQUIRED,
Dataverse,title,9d8ffdd6-c27a-f111-ab0f-7c1e525b15c2,War Mother,War Mother,Winter Dockery,,9d8ffdd6-c27a-f111-ab0f-7c1e525b15c2,,,2026-07-27T13:11:58Z,RECONCILIATION_REQUIRED,
Dataverse,title,d7f603d3-c27a-f111-ab0f-000d3a14673b,The Release of the Spirit,The Release of the Spirit,Lyle Goddard,,d7f603d3-c27a-f111-ab0f-000d3a14673b,,,2026-07-27T13:11:57Z,RECONCILIATION_REQUIRED,
Dataverse,title,118ce1e6-b389-f111-ab10-000d3a14673b,The Release of the Spirit,The Release of the Spirit,Lyle Goddard,,118ce1e6-b389-f111-ab10-000d3a14673b,,,2026-07-27T13:11:57Z,RECONCILIATION_REQUIRED,
Dataverse,title,112ac7e9-b389-f111-ab10-000d3a9eacee,The Shift,The Shift,Sean Crowley,,112ac7e9-b389-f111-ab10-000d3a9eacee,,,2026-07-27T13:11:57Z,RECONCILIATION_REQUIRED,
Dataverse,title,9f8fefe6-b389-f111-ab10-00224820105b,The Princess and the Black-eyed Pea,The Princess and the Black-eyed Pea,Deborah Eiland,,9f8fefe6-b389-f111-ab10-00224820105b,,,2026-07-27T13:11:57Z,RECONCILIATION_REQUIRED,
Dataverse,title,16c2cae9-b389-f111-ab10-6045bdd69435,The Princess and the Black-eyed Pea,The Princess and the Black-eyed Pea,Deborah Eiland,,16c2cae9-b389-f111-ab10-6045bdd69435,,,2026-07-27T13:11:57Z,RECONCILIATION_REQUIRED,
Dataverse,title,62137ed6-c27a-f111-ab0f-6045bdd69738,"The Sun, the Shadow, and the Silence","The Sun, the Shadow, and the Silence",Devin Gilchrest,,62137ed6-c27a-f111-ab0f-6045bdd69738,,,2026-07-27T13:11:57Z,RECONCILIATION_REQUIRED,
Dataverse,title,94c2a2e6-b389-f111-ab10-6045bdd69738,The Shift,The Shift,Sean Crowley,,94c2a2e6-b389-f111-ab10-6045bdd69738,,,2026-07-27T13:11:57Z,RECONCILIATION_REQUIRED,
Dataverse,title,0e8ce1e6-b389-f111-ab10-000d3a14673b,The Messenger 2,The Messenger 2,Daphanny Baker,,0e8ce1e6-b389-f111-ab10-000d3a14673b,,,2026-07-27T13:11:56Z,RECONCILIATION_REQUIRED,
Dataverse,title,0f8ce1e6-b389-f111-ab10-000d3a14673b,The Never Before Told Story of the Gelatin Monster,The Never Before Told Story of the Gelatin Monster,Shaniqua Williams,,0f8ce1e6-b389-f111-ab10-000d3a14673b,,,2026-07-27T13:11:56Z,RECONCILIATION_REQUIRED,
Dataverse,title,07106fd3-c27a-f111-ab0f-6045bdd69435,The Paper Champ,The Paper Champ,Felix Catheline,,07106fd3-c27a-f111-ab0f-6045bdd69435,,,2026-07-27T13:11:56Z,RECONCILIATION_REQUIRED,
Dataverse,title,06c2cae9-b389-f111-ab10-6045bdd69435,The Paper Champ,The Paper Champ,Felix Catheline,,06c2cae9-b389-f111-ab10-6045bdd69435,,,2026-07-27T13:11:56Z,RECONCILIATION_REQUIRED,
Dataverse,title,19e01ad3-c27a-f111-ab0f-6045bdd69678,The Princess and the Black-Eyed Pea,The Princess and the Black-Eyed Pea,Deborah Eiland,,19e01ad3-c27a-f111-ab0f-6045bdd69678,,,2026-07-27T13:11:56Z,RECONCILIATION_REQUIRED,
Dataverse,title,276290ea-b389-f111-ab10-6045bdd69678,The Never Before Told Story of the Gelatin Monster,The Never Before Told Story of the Gelatin Monster,Shaniqua Williams,,276290ea-b389-f111-ab10-6045bdd69678,,,2026-07-27T13:11:56Z,RECONCILIATION_REQUIRED,
Dataverse,title,69137ed6-c27a-f111-ab0f-6045bdd69738,The Messenger 2,The Messenger 2,Daphanny Baker,,69137ed6-c27a-f111-ab0f-6045bdd69738,,,2026-07-27T13:11:56Z,RECONCILIATION_REQUIRED,
Dataverse,title,bfe16ae6-b389-f111-ab10-7c1e525b15c2,The Messenger,The Messenger,Daphanny Baker,,bfe16ae6-b389-f111-ab10-7c1e525b15c2,,,2026-07-27T13:11:56Z,RECONCILIATION_REQUIRED,
Dataverse,title,c3f603d3-c27a-f111-ab0f-000d3a14673b,The Master's Piece,The Master's Piece,Sylvia Benson,,c3f603d3-c27a-f111-ab0f-000d3a14673b,,,2026-07-27T13:11:55Z,RECONCILIATION_REQUIRED,
Dataverse,title,0b2ac7e9-b389-f111-ab10-000d3a9eacee,The Journey,The Journey,Rosetta Perry,,0b2ac7e9-b389-f111-ab10-000d3a9eacee,,,2026-07-27T13:11:55Z,RECONCILIATION_REQUIRED,
Dataverse,title,944b00d4-c27a-f111-ab0f-00224820105b,The Journey,The Journey,Rosetta Perry,,944b00d4-c27a-f111-ab0f-00224820105b,,,2026-07-27T13:11:55Z,RECONCILIATION_REQUIRED,
Dataverse,title,978fefe6-b389-f111-ab10-00224820105b,The Little Girl with the Plow!,The Little Girl with the Plow!,Christina Chislom,,978fefe6-b389-f111-ab10-00224820105b,,,2026-07-27T13:11:55Z,RECONCILIATION_REQUIRED,
Dataverse,title,930f6fd3-c27a-f111-ab0f-6045bdd69435,The Messenger,The Messenger,Daphanny Baker,,930f6fd3-c27a-f111-ab0f-6045bdd69435,,,2026-07-27T13:11:55Z,RECONCILIATION_REQUIRED,
Dataverse,title,e9c1cae9-b389-f111-ab10-6045bdd69435,The I Am in Me Part 2,The I Am in Me Part 2,Tekisha Wimbush,,e9c1cae9-b389-f111-ab10-6045bdd69435,,,2026-07-27T13:11:55Z,RECONCILIATION_REQUIRED,
Dataverse,title,733cd77a-cc7a-f111-ab0f-6045bdd69678,The Master's Piece,The Master's Piece,Sylvia Benson,,733cd77a-cc7a-f111-ab0f-6045bdd69678,,,2026-07-27T13:11:55Z,RECONCILIATION_REQUIRED,
Dataverse,title,92c2a2e6-b389-f111-ab10-6045bdd69738,The Master's Piece,The Master's Piece,Sylvia Benson,,92c2a2e6-b389-f111-ab10-6045bdd69738,,,2026-07-27T13:11:55Z,RECONCILIATION_REQUIRED,
Dataverse,title,95e16ae6-b389-f111-ab10-7c1e525b15c2,The Little Girl with the Plow!,The Little Girl with the Plow!,Christina Chislom,,95e16ae6-b389-f111-ab10-7c1e525b15c2,,,2026-07-27T13:11:55Z,RECONCILIATION_REQUIRED,
Dataverse,title,c2f603d3-c27a-f111-ab0f-000d3a14673b,The Hood,The Hood,Randall Beverly,,c2f603d3-c27a-f111-ab0f-000d3a14673b,,,2026-07-27T13:11:54Z,RECONCILIATION_REQUIRED,
Dataverse,title,098ce1e6-b389-f111-ab10-000d3a14673b,The Healed Me,The Healed Me,Maurche Reed,,098ce1e6-b389-f111-ab10-000d3a14673b,,,2026-07-27T13:11:54Z,RECONCILIATION_REQUIRED,
Dataverse,title,072ac7e9-b389-f111-ab10-000d3a9eacee,The Healed Me,The Healed Me,Maurche Reed,,072ac7e9-b389-f111-ab10-000d3a9eacee,,,2026-07-27T13:11:54Z,RECONCILIATION_REQUIRED,
Dataverse,title,968fefe6-b389-f111-ab10-00224820105b,The I Am in Me,The I Am in Me,Tekisha Wimbush,,968fefe6-b389-f111-ab10-00224820105b,,,2026-07-27T13:11:54Z,RECONCILIATION_REQUIRED,
Dataverse,title,e8c1cae9-b389-f111-ab10-6045bdd69435,The I Am in Me,The I Am in Me,Tekisha Wimbush,,e8c1cae9-b389-f111-ab10-6045bdd69435,,,2026-07-27T13:11:54Z,RECONCILIATION_REQUIRED,
Dataverse,title,176290ea-b389-f111-ab10-6045bdd69678,The Hood,The Hood,Randall Beverly,,176290ea-b389-f111-ab10-6045bdd69678,,,2026-07-27T13:11:54Z,RECONCILIATION_REQUIRED,
Dataverse,title,885f72d0-c27a-f111-ab0f-6045bdd69738,The Healed Me,The Healed Me,Maurche Reed,,885f72d0-c27a-f111-ab0f-6045bdd69738,,,2026-07-27T13:11:54Z,RECONCILIATION_REQUIRED,
Dataverse,title,8fc2a2e6-b389-f111-ab10-6045bdd69738,The I Am in Me Part 2,The I Am in Me Part 2,Tekisha Wimbush,,8fc2a2e6-b389-f111-ab10-6045bdd69738,,,2026-07-27T13:11:54Z,RECONCILIATION_REQUIRED,
Dataverse,title,fe8be1e6-b389-f111-ab10-000d3a14673b,The Girl with the Ebony Locs and the Three Bears,The Girl with the Ebony Locs and the Three Bears,Deborah Eiland,,fe8be1e6-b389-f111-ab10-000d3a14673b,,,2026-07-27T13:11:53Z,RECONCILIATION_REQUIRED,
Dataverse,title,038ce1e6-b389-f111-ab10-000d3a14673b,The Great Hair Restart,The Great Hair Restart,Karen Hill,,038ce1e6-b389-f111-ab10-000d3a14673b,,,2026-07-27T13:11:53Z,RECONCILIATION_REQUIRED,
Dataverse,title,dfc1cae9-b389-f111-ab10-6045bdd69435,The Great Hair Restart,The Great Hair Restart,Karen Hill,,dfc1cae9-b389-f111-ab10-6045bdd69435,,,2026-07-27T13:11:53Z,RECONCILIATION_REQUIRED,
Dataverse,title,e0c1cae9-b389-f111-ab10-6045bdd69435,The Great Hair Restart,The Great Hair Restart,Karen Hill,,e0c1cae9-b389-f111-ab10-6045bdd69435,,,2026-07-27T13:11:53Z,RECONCILIATION_REQUIRED,
Dataverse,title,17e01ad3-c27a-f111-ab0f-6045bdd69678,The Girl with the Ebony Locs and the Three Bears,The Girl with the Ebony Locs and the Three Bears,Deborah Eiland,,17e01ad3-c27a-f111-ab0f-6045bdd69678,,,2026-07-27T13:11:53Z,RECONCILIATION_REQUIRED,
Dataverse,title,8dc2a2e6-b389-f111-ab10-6045bdd69738,The Great Hair Restart,The Great Hair Restart,Karen Hill,,8dc2a2e6-b389-f111-ab10-6045bdd69738,,,2026-07-27T13:11:53Z,RECONCILIATION_REQUIRED,
Dataverse,title,5d4797d0-c27a-f111-ab0f-7c1e525b15c2,The Great Hair Restart,The Great Hair Restart,Karen Hill,,5d4797d0-c27a-f111-ab0f-7c1e525b15c2,,,2026-07-27T13:11:53Z,RECONCILIATION_REQUIRED,
Dataverse,title,28e16ae6-b389-f111-ab10-7c1e525b15c2,The Great Hair Restart,The Great Hair Restart,Karen Hill,,28e16ae6-b389-f111-ab10-7c1e525b15c2,,,2026-07-27T13:11:53Z,RECONCILIATION_REQUIRED,
Dataverse,title,d6f603d3-c27a-f111-ab0f-000d3a14673b,The Flame,The Flame,Dennis Brown,,d6f603d3-c27a-f111-ab0f-000d3a14673b,,,2026-07-27T13:11:52Z,RECONCILIATION_REQUIRED,
Dataverse,title,fd8be1e6-b389-f111-ab10-000d3a14673b,The Fight for the Promiseland,The Fight for the Promiseland,Cheryl Cook,,fd8be1e6-b389-f111-ab10-000d3a14673b,,,2026-07-27T13:11:52Z,RECONCILIATION_REQUIRED,
Dataverse,title,c84b00d4-c27a-f111-ab0f-00224820105b,The Fight for the Promiseland,The Fight for the Promiseland,Cheryl Cook,,c84b00d4-c27a-f111-ab0f-00224820105b,,,2026-07-27T13:11:52Z,RECONCILIATION_REQUIRED,
Dataverse,title,8d8fefe6-b389-f111-ab10-00224820105b,The Doctrine of Last Things,The Doctrine of Last Things,Obadiah Harris,,8d8fefe6-b389-f111-ab10-00224820105b,,,2026-07-27T13:11:52Z,RECONCILIATION_REQUIRED,
Dataverse,title,8edea4e3-b389-f111-ab10-6045bdd69435,"The Essence of Life, Love Letters to Christ","The Essence of Life, Love Letters to Christ",Tracy Norris,,8edea4e3-b389-f111-ab10-6045bdd69435,,,2026-07-27T13:11:52Z,RECONCILIATION_REQUIRED,
Dataverse,title,1fef73e4-b389-f111-ab10-6045bdd69678,The Doctrine of Last Things,The Doctrine of Last Things,Obadiah Harris,,1fef73e4-b389-f111-ab10-6045bdd69678,,,2026-07-27T13:11:52Z,RECONCILIATION_REQUIRED,
Dataverse,title,23ef73e4-b389-f111-ab10-6045bdd69678,"The Essence of Life, Love Letters to Christ","The Essence of Life, Love Letters to Christ",Tracy Norris,,23ef73e4-b389-f111-ab10-6045bdd69678,,,2026-07-27T13:11:52Z,RECONCILIATION_REQUIRED,
Dataverse,title,8cc2a2e6-b389-f111-ab10-6045bdd69738,The Flame,The Flame,Dennis Brown,,8cc2a2e6-b389-f111-ab10-6045bdd69738,,,2026-07-27T13:11:52Z,RECONCILIATION_REQUIRED,
Dataverse,title,fc8be1e6-b389-f111-ab10-000d3a14673b,The Conquest of Azenga,The Conquest of Azenga,Iyorwuese Hagher,,fc8be1e6-b389-f111-ab10-000d3a14673b,,,2026-07-27T13:11:51Z,RECONCILIATION_REQUIRED,
Dataverse,title,cda6c7e3-b389-f111-ab10-000d3a9eacee,The Celestial Advantage,The Celestial Advantage,Obadiah Harris,,cda6c7e3-b389-f111-ab10-000d3a9eacee,,,2026-07-27T13:11:51Z,RECONCILIATION_REQUIRED,
Dataverse,title,cea6c7e3-b389-f111-ab10-000d3a9eacee,The Celestial Advantage,The Celestial Advantage,Obadiah Harris,,cea6c7e3-b389-f111-ab10-000d3a9eacee,,,2026-07-27T13:11:51Z,RECONCILIATION_REQUIRED,
Dataverse,title,c44b00d4-c27a-f111-ab0f-00224820105b,The Conquest of Azenga,The Conquest of Azenga,Iyorwuese Hagher,,c44b00d4-c27a-f111-ab0f-00224820105b,,,2026-07-27T13:11:51Z,RECONCILIATION_REQUIRED,
Dataverse,title,8bdea4e3-b389-f111-ab10-6045bdd69435,The Conquest of Azenga,The Conquest of Azenga,Iyorwuese Hagher,,8bdea4e3-b389-f111-ab10-6045bdd69435,,,2026-07-27T13:11:51Z,RECONCILIATION_REQUIRED,
Dataverse,title,16e01ad3-c27a-f111-ab0f-6045bdd69678,The Celestial Advantage,The Celestial Advantage,Obadiah Harris,,16e01ad3-c27a-f111-ab0f-6045bdd69678,,,2026-07-27T13:11:51Z,RECONCILIATION_REQUIRED,
Dataverse,title,89c2a2e6-b389-f111-ab10-6045bdd69738,Taylor Made,Taylor Made,Will Harris,,89c2a2e6-b389-f111-ab10-6045bdd69738,,,2026-07-27T13:11:51Z,RECONCILIATION_REQUIRED,
Dataverse,title,8b8fefe6-b389-f111-ab10-00224820105b,Taylor Made,Taylor Made,Will Harris,,8b8fefe6-b389-f111-ab10-00224820105b,,,2026-07-27T13:11:50Z,RECONCILIATION_REQUIRED,
Dataverse,title,8c8fefe6-b389-f111-ab10-00224820105b,Taylor Made,Taylor Made,Will Harris,,8c8fefe6-b389-f111-ab10-00224820105b,,,2026-07-27T13:11:50Z,RECONCILIATION_REQUIRED,
Dataverse,title,60137ed6-c27a-f111-ab0f-6045bdd69738,Taylor Made,Taylor Made,Will Harris,,60137ed6-c27a-f111-ab0f-6045bdd69738,,,2026-07-27T13:11:50Z,RECONCILIATION_REQUIRED,
Dataverse,title,bff603d3-c27a-f111-ab0f-000d3a14673b,Speech Therapy Works!,Speech Therapy Works!,Cynthia Sloan,,bff603d3-c27a-f111-ab0f-000d3a14673b,,,2026-07-27T13:11:49Z,RECONCILIATION_REQUIRED,
Dataverse,title,caa6c7e3-b389-f111-ab10-000d3a9eacee,SHE,SHE,M Darlene Carson,,caa6c7e3-b389-f111-ab10-000d3a9eacee,,,2026-07-27T13:11:49Z,RECONCILIATION_REQUIRED,
Dataverse,title,8a8fefe6-b389-f111-ab10-00224820105b,Speech Therapy Works!,Speech Therapy Works!,Cynthia Sloan,,8a8fefe6-b389-f111-ab10-00224820105b,,,2026-07-27T13:11:49Z,RECONCILIATION_REQUIRED,
Dataverse,title,89dea4e3-b389-f111-ab10-6045bdd69435,Support Beyond the Cycle,Support Beyond the Cycle,Brandyn McElroy,,89dea4e3-b389-f111-ab10-6045bdd69435,,,2026-07-27T13:11:49Z,RECONCILIATION_REQUIRED,
Dataverse,title,15e01ad3-c27a-f111-ab0f-6045bdd69678,Support Beyond the Cycle,Support Beyond the Cycle,Brandyn McElroy,,15e01ad3-c27a-f111-ab0f-6045bdd69678,,,2026-07-27T13:11:49Z,RECONCILIATION_REQUIRED,
Dataverse,title,f68be1e6-b389-f111-ab10-000d3a14673b,Pieces of Me All Over the Place,Pieces of Me All Over the Place,Ashanti Flemister,,f68be1e6-b389-f111-ab10-000d3a14673b,,,2026-07-27T13:11:48Z,RECONCILIATION_REQUIRED,
Dataverse,title,f78be1e6-b389-f111-ab10-000d3a14673b,Pretty Wings,Pretty Wings,Natasha Gilchrest,,f78be1e6-b389-f111-ab10-000d3a14673b,,,2026-07-27T13:11:48Z,RECONCILIATION_REQUIRED,
Dataverse,title,f88be1e6-b389-f111-ab10-000d3a14673b,She,She,M Darlene Carson,,f88be1e6-b389-f111-ab10-000d3a14673b,,,2026-07-27T13:11:48Z,RECONCILIATION_REQUIRED,
Dataverse,title,c7a6c7e3-b389-f111-ab10-000d3a9eacee,Rhyming It up with Church Stuff,Rhyming It up with Church Stuff,Juanita Travis,,c7a6c7e3-b389-f111-ab10-000d3a9eacee,,,2026-07-27T13:11:48Z,RECONCILIATION_REQUIRED,
Dataverse,title,f0084bcd-c27a-f111-ab0f-00224820105b,Pieces of Me All over the Place,Pieces of Me All over the Place,Ashanti Flemister,,f0084bcd-c27a-f111-ab0f-00224820105b,,,2026-07-27T13:11:48Z,RECONCILIATION_REQUIRED,
Dataverse,title,b73274cd-c27a-f111-ab0f-6045bdd69435,Seasons of Life,Seasons of Life,Kurt Broadnax,,b73274cd-c27a-f111-ab0f-6045bdd69435,,,2026-07-27T13:11:48Z,RECONCILIATION_REQUIRED,
Dataverse,title,87c2a2e6-b389-f111-ab10-6045bdd69738,Rhyming It up with Church Stuff,Rhyming It up with Church Stuff,Juanita Travis,,87c2a2e6-b389-f111-ab10-6045bdd69738,,,2026-07-27T13:11:48Z,RECONCILIATION_REQUIRED,
Dataverse,title,88c2a2e6-b389-f111-ab10-6045bdd69738,Seasons of Life,Seasons of Life,Kurt Broadnax,,88c2a2e6-b389-f111-ab10-6045bdd69738,,,2026-07-27T13:11:48Z,RECONCILIATION_REQUIRED,
Dataverse,title,52e06ae6-b389-f111-ab10-7c1e525b15c2,Pretty Wings,Pretty Wings,Natasha Gilchrest,,52e06ae6-b389-f111-ab10-7c1e525b15c2,,,2026-07-27T13:11:48Z,RECONCILIATION_REQUIRED,
Dataverse,title,878fefe6-b389-f111-ab10-00224820105b,Ordinary People Searching for Greatness,Ordinary People Searching for Greatness,Earline Neal,,878fefe6-b389-f111-ab10-00224820105b,,,2026-07-27T13:11:47Z,RECONCILIATION_REQUIRED,
Dataverse,title,83dea4e3-b389-f111-ab10-6045bdd69435,Ordinary People Searching for Greatness,Ordinary People Searching for Greatness,Earline Neal,,83dea4e3-b389-f111-ab10-6045bdd69435,,,2026-07-27T13:11:47Z,RECONCILIATION_REQUIRED,
Dataverse,title,4be01ad3-c27a-f111-ab0f-6045bdd69678,Peaches Can Do It!,Peaches Can Do It!,Daphanny Baker,,4be01ad3-c27a-f111-ab0f-6045bdd69678,,,2026-07-27T13:11:47Z,RECONCILIATION_REQUIRED,
Dataverse,title,0cef73e4-b389-f111-ab10-6045bdd69678,One Soul,One Soul,Veronica Brown,,0cef73e4-b389-f111-ab10-6045bdd69678,,,2026-07-27T13:11:47Z,RECONCILIATION_REQUIRED,
Dataverse,title,10ef73e4-b389-f111-ab10-6045bdd69678,Peaches Can Do It!,Peaches Can Do It!,Daphanny Baker,,10ef73e4-b389-f111-ab10-6045bdd69678,,,2026-07-27T13:11:47Z,RECONCILIATION_REQUIRED,
Dataverse,title,5c4797d0-c27a-f111-ab0f-7c1e525b15c2,Ordinary People Searching for Greatness,Ordinary People Searching for Greatness,Earline Neal,,5c4797d0-c27a-f111-ab0f-7c1e525b15c2,,,2026-07-27T13:11:47Z,RECONCILIATION_REQUIRED,
Dataverse,title,f58be1e6-b389-f111-ab10-000d3a14673b,Number 23 and Me,Number 23 and Me,Wayne Pounds,,f58be1e6-b389-f111-ab10-000d3a14673b,,,2026-07-27T13:11:46Z,RECONCILIATION_REQUIRED,
Dataverse,title,bfa6c7e3-b389-f111-ab10-000d3a9eacee,Never Give Up On Love,Never Give Up On Love,Pamela Smith,,bfa6c7e3-b389-f111-ab10-000d3a9eacee,,,2026-07-27T13:11:46Z,RECONCILIATION_REQUIRED,
Dataverse,title,9e3274cd-c27a-f111-ab0f-6045bdd69435,Never Give up on Love,Never Give up on Love,Pamela Smith,,9e3274cd-c27a-f111-ab0f-6045bdd69435,,,2026-07-27T13:11:46Z,RECONCILIATION_REQUIRED,
Dataverse,title,865f72d0-c27a-f111-ab0f-6045bdd69738,Number 23 and Me,Number 23 and Me,Wayne Pounds,,865f72d0-c27a-f111-ab0f-6045bdd69738,,,2026-07-27T13:11:46Z,RECONCILIATION_REQUIRED,
Dataverse,title,5b4797d0-c27a-f111-ab0f-7c1e525b15c2,One Soul,One Soul,Veronica Brown,,5b4797d0-c27a-f111-ab0f-7c1e525b15c2,,,2026-07-27T13:11:46Z,RECONCILIATION_REQUIRED,
Dataverse,title,d5084bcd-c27a-f111-ab0f-00224820105b,My ABC's,My ABC's,Christy Grogg,,d5084bcd-c27a-f111-ab0f-00224820105b,,,2026-07-27T13:11:45Z,RECONCILIATION_REQUIRED,
Dataverse,title,a05f72d0-c27a-f111-ab0f-6045bdd69738,Naughty Tales,Naughty Tales,Jaylonna Stevette,,a05f72d0-c27a-f111-ab0f-6045bdd69738,,,2026-07-27T13:11:45Z,RECONCILIATION_REQUIRED,
Dataverse,title,67137ed6-c27a-f111-ab0f-6045bdd69738,Music Ministry Unplugged,Music Ministry Unplugged,Will Harris,,67137ed6-c27a-f111-ab0f-6045bdd69738,,,2026-07-27T13:11:45Z,RECONCILIATION_REQUIRED,
Dataverse,title,82c2a2e6-b389-f111-ab10-6045bdd69738,Music Ministry Unplugged,Music Ministry Unplugged,Will Harris,,82c2a2e6-b389-f111-ab10-6045bdd69738,,,2026-07-27T13:11:45Z,RECONCILIATION_REQUIRED,
Dataverse,title,83c2a2e6-b389-f111-ab10-6045bdd69738,Naughty Tales,Naughty Tales,Jaylonna Stevette,,83c2a2e6-b389-f111-ab10-6045bdd69738,,,2026-07-27T13:11:45Z,RECONCILIATION_REQUIRED,
Dataverse,title,d6df6ae6-b389-f111-ab10-7c1e525b15c2,My ABC's,My ABC's,Christy Grogg,,d6df6ae6-b389-f111-ab10-7c1e525b15c2,,,2026-07-27T13:11:45Z,RECONCILIATION_REQUIRED,
Dataverse,title,d4f603d3-c27a-f111-ab0f-000d3a14673b,More Than a Village,More Than a Village,Carolyn Booker-Pierce,,d4f603d3-c27a-f111-ab0f-000d3a14673b,,,2026-07-27T13:11:44Z,RECONCILIATION_REQUIRED,
Dataverse,title,f48be1e6-b389-f111-ab10-000d3a14673b,Mirror of Refining Insight,Mirror of Refining Insight,Marvin Grayson,,f48be1e6-b389-f111-ab10-000d3a14673b,,,2026-07-27T13:11:44Z,RECONCILIATION_REQUIRED,
Dataverse,title,bca6c7e3-b389-f111-ab10-000d3a9eacee,Memoir of a Black Christian Nationalist,Memoir of a Black Christian Nationalist,Shelley McIntosh,,bca6c7e3-b389-f111-ab10-000d3a9eacee,,,2026-07-27T13:11:44Z,RECONCILIATION_REQUIRED,
Dataverse,title,fdee73e4-b389-f111-ab10-6045bdd69678,More Than A Village,More Than A Village,Carolyn Booker-Pierce,,fdee73e4-b389-f111-ab10-6045bdd69678,,,2026-07-27T13:11:44Z,RECONCILIATION_REQUIRED,
Dataverse,title,63a0a0e0-b389-f111-ab10-6045bdd69738,Memoir of a Black Christian Nationalist,Memoir of a Black Christian Nationalist,Shelley McIntosh,,63a0a0e0-b389-f111-ab10-6045bdd69738,,,2026-07-27T13:11:44Z,RECONCILIATION_REQUIRED,
Dataverse,title,7fc2a2e6-b389-f111-ab10-6045bdd69738,Memoir of a Black Christian Nationalist,Memoir of a Black Christian Nationalist,Shelley McIntosh,,7fc2a2e6-b389-f111-ab10-6045bdd69738,,,2026-07-27T13:11:44Z,RECONCILIATION_REQUIRED,
Dataverse,title,594797d0-c27a-f111-ab0f-7c1e525b15c2,Mirror of Refining Insight,Mirror of Refining Insight,Marvin Grayson,,594797d0-c27a-f111-ab0f-7c1e525b15c2,,,2026-07-27T13:11:44Z,RECONCILIATION_REQUIRED,
Dataverse,title,a9df6ae6-b389-f111-ab10-7c1e525b15c2,Mirror of Refining Insight,Mirror of Refining Insight,Marvin Grayson,,a9df6ae6-b389-f111-ab10-7c1e525b15c2,,,2026-07-27T13:11:44Z,RECONCILIATION_REQUIRED,
Dataverse,title,9a1a04cd-c27a-f111-ab0f-000d3a14673b,Love of My Life,Love of My Life,Thaddues Smith,,9a1a04cd-c27a-f111-ab0f-000d3a14673b,,,2026-07-27T13:11:43Z,RECONCILIATION_REQUIRED,
Dataverse,title,474097e0-b389-f111-ab10-00224820105b,Love of My Life,Love of My Life,Thaddues Smith,,474097e0-b389-f111-ab10-00224820105b,,,2026-07-27T13:11:43Z,RECONCILIATION_REQUIRED,
Dataverse,title,484097e0-b389-f111-ab10-00224820105b,Love of My Life,Love of My Life,Thaddues Smith,,484097e0-b389-f111-ab10-00224820105b,,,2026-07-27T13:11:43Z,RECONCILIATION_REQUIRED,
Dataverse,title,903274cd-c27a-f111-ab0f-6045bdd69435,Memoir of a Black Christian Nationalist,Memoir of a Black Christian Nationalist,Shelley McIntosh,,903274cd-c27a-f111-ab0f-6045bdd69435,,,2026-07-27T13:11:43Z,RECONCILIATION_REQUIRED,
Dataverse,title,ec0f6fd3-c27a-f111-ab0f-6045bdd69435,Loving the Addict,Loving the Addict,Carolyn Booker-Pierce,,ec0f6fd3-c27a-f111-ab0f-6045bdd69435,,,2026-07-27T13:11:43Z,RECONCILIATION_REQUIRED,
Dataverse,title,7edea4e3-b389-f111-ab10-6045bdd69435,Melodies From Heaven,Melodies From Heaven,Bailery Cunningham,,7edea4e3-b389-f111-ab10-6045bdd69435,,,2026-07-27T13:11:43Z,RECONCILIATION_REQUIRED,
Dataverse,title,f9ee73e4-b389-f111-ab10-6045bdd69678,Melodies from Heaven,Melodies from Heaven,Bailery Cunningham,,f9ee73e4-b389-f111-ab10-6045bdd69678,,,2026-07-27T13:11:43Z,RECONCILIATION_REQUIRED,
Dataverse,title,955c72e0-b389-f111-ab10-7c1e525b15c2,Loving the Addict,Loving the Addict,Carolyn Booker-Pierce,,955c72e0-b389-f111-ab10-7c1e525b15c2,,,2026-07-27T13:11:43Z,RECONCILIATION_REQUIRED,
Dataverse,title,991a04cd-c27a-f111-ab0f-000d3a14673b,Love Lucy,Love Lucy,Diane Johnson,,991a04cd-c27a-f111-ab0f-000d3a14673b,,,2026-07-27T13:11:42Z,RECONCILIATION_REQUIRED,
Dataverse,title,b3084bcd-c27a-f111-ab0f-00224820105b,Life after Detour,Life after Detour,Deanna Jones,,b3084bcd-c27a-f111-ab0f-00224820105b,,,2026-07-27T13:11:42Z,RECONCILIATION_REQUIRED,
Dataverse,title,464097e0-b389-f111-ab10-00224820105b,Life After Detour,Life After Detour,Deanna Jones,,464097e0-b389-f111-ab10-00224820105b,,,2026-07-27T13:11:42Z,RECONCILIATION_REQUIRED,
Dataverse,title,6909d7cb-c27a-f111-ab0f-6045bdd69678,Let Me Tell You About It,Let Me Tell You About It,Lisa Clark,,6909d7cb-c27a-f111-ab0f-6045bdd69678,,,2026-07-27T13:11:42Z,RECONCILIATION_REQUIRED,
Dataverse,title,835f72d0-c27a-f111-ab0f-6045bdd69738,Love Is an Action Word,Love Is an Action Word,Kurt Broadnax,,835f72d0-c27a-f111-ab0f-6045bdd69738,,,2026-07-27T13:11:42Z,RECONCILIATION_REQUIRED,
Dataverse,title,62a0a0e0-b389-f111-ab10-6045bdd69738,Love Is An Action Word,Love Is An Action Word,Kurt Broadnax,,62a0a0e0-b389-f111-ab10-6045bdd69738,,,2026-07-27T13:11:42Z,RECONCILIATION_REQUIRED,
Dataverse,title,665c72e0-b389-f111-ab10-7c1e525b15c2,Let Me Tell You about It,Let Me Tell You about It,Lisa Clark,,665c72e0-b389-f111-ab10-7c1e525b15c2,,,2026-07-27T13:11:42Z,RECONCILIATION_REQUIRED,
Dataverse,title,845c72e0-b389-f111-ab10-7c1e525b15c2,Love Lucy,Love Lucy,Diane Johnson,,845c72e0-b389-f111-ab10-7c1e525b15c2,,,2026-07-27T13:11:42Z,RECONCILIATION_REQUIRED,
Dataverse,title,c27e1ee0-b389-f111-ab10-000d3a14673b,Just What I Needed,Just What I Needed,Adrean Young,,c27e1ee0-b389-f111-ab10-000d3a14673b,,,2026-07-27T13:11:41Z,RECONCILIATION_REQUIRED,
Dataverse,title,b6a6c7e3-b389-f111-ab10-000d3a9eacee,Jewels by Lady J,Jewels by Lady J,Janet Stephens,,b6a6c7e3-b389-f111-ab10-000d3a9eacee,,,2026-07-27T13:11:41Z,RECONCILIATION_REQUIRED,
Dataverse,title,aa084bcd-c27a-f111-ab0f-00224820105b,Kingdom Equipment 101,Kingdom Equipment 101,Terry Stephens,,aa084bcd-c27a-f111-ab0f-00224820105b,,,2026-07-27T13:11:41Z,RECONCILIATION_REQUIRED,
Dataverse,title,ab084bcd-c27a-f111-ab0f-00224820105b,Lady Daphanny's Altar,Lady Daphanny's Altar,Daphanny Baker,,ab084bcd-c27a-f111-ab0f-00224820105b,,,2026-07-27T13:11:41Z,RECONCILIATION_REQUIRED,
Dataverse,title,454097e0-b389-f111-ab10-00224820105b,Just What I Needed,Just What I Needed,Adrean Young,,454097e0-b389-f111-ab10-00224820105b,,,2026-07-27T13:11:41Z,RECONCILIATION_REQUIRED,
Dataverse,title,79dea4e3-b389-f111-ab10-6045bdd69435,Jewels by Lady J,Jewels by Lady J,Janet Stephens,,79dea4e3-b389-f111-ab10-6045bdd69435,,,2026-07-27T13:11:41Z,RECONCILIATION_REQUIRED,
Dataverse,title,7ddea4e3-b389-f111-ab10-6045bdd69435,Kingdom Equipment 101,Kingdom Equipment 101,Terry Stephens,,7ddea4e3-b389-f111-ab10-6045bdd69435,,,2026-07-27T13:11:41Z,RECONCILIATION_REQUIRED,
Dataverse,title,ecee73e4-b389-f111-ab10-6045bdd69678,Lady Daphanny's Altar,Lady Daphanny's Altar,Daphanny Baker,,ecee73e4-b389-f111-ab10-6045bdd69678,,,2026-07-27T13:11:41Z,RECONCILIATION_REQUIRED,
Dataverse,title,971a04cd-c27a-f111-ab0f-000d3a14673b,Inspirations from God,Inspirations from God,Edith Clay,,971a04cd-c27a-f111-ab0f-000d3a14673b,,,2026-07-27T13:11:40Z,RECONCILIATION_REQUIRED,
Dataverse,title,c17e1ee0-b389-f111-ab10-000d3a14673b,Jalen Becomes a Big Brother,Jalen Becomes a Big Brother,Deborah Eiland,,c17e1ee0-b389-f111-ab10-000d3a14673b,,,2026-07-27T13:11:40Z,RECONCILIATION_REQUIRED,
Dataverse,title,a5084bcd-c27a-f111-ab0f-00224820105b,Jewels by Lady J,Jewels by Lady J,Janet Stephens,,a5084bcd-c27a-f111-ab0f-00224820105b,,,2026-07-27T13:11:40Z,RECONCILIATION_REQUIRED,
Dataverse,title,df0f6fd3-c27a-f111-ab0f-6045bdd69435,Inner Peace Through Life's Storms,Inner Peace Through Life's Storms,KD Heard,,df0f6fd3-c27a-f111-ab0f-6045bdd69435,,,2026-07-27T13:11:40Z,RECONCILIATION_REQUIRED,
Dataverse,title,26e01ad3-c27a-f111-ab0f-6045bdd69678,Jalen Becomes a Big Brother,Jalen Becomes a Big Brother,Deborah Eiland,,26e01ad3-c27a-f111-ab0f-6045bdd69678,,,2026-07-27T13:11:40Z,RECONCILIATION_REQUIRED,
Dataverse,title,c0ee73e4-b389-f111-ab10-6045bdd69678,Inner Peace Through Life's Storms,Inner Peace Through Life's Storms,KD Heard,,c0ee73e4-b389-f111-ab10-6045bdd69678,,,2026-07-27T13:11:40Z,RECONCILIATION_REQUIRED,
Dataverse,title,c4ee73e4-b389-f111-ab10-6045bdd69678,Jalen Becomes a Big Brother,Jalen Becomes a Big Brother,Deborah Eiland,,c4ee73e4-b389-f111-ab10-6045bdd69678,,,2026-07-27T13:11:40Z,RECONCILIATION_REQUIRED,
Dataverse,title,61a0a0e0-b389-f111-ab10-6045bdd69738,Inspirations from God,Inspirations from God,Edith Clay,,61a0a0e0-b389-f111-ab10-6045bdd69738,,,2026-07-27T13:11:40Z,RECONCILIATION_REQUIRED,
Dataverse,title,bc7e1ee0-b389-f111-ab10-000d3a14673b,"Help God, I Am Sad","Help God, I Am Sad",Cheryl Travis,,bc7e1ee0-b389-f111-ab10-000d3a14673b,,,2026-07-27T13:11:39Z,RECONCILIATION_REQUIRED,
Dataverse,title,bd7e1ee0-b389-f111-ab10-000d3a14673b,Hodge Podge of Life,Hodge Podge of Life,Mildred Beard,,bd7e1ee0-b389-f111-ab10-000d3a14673b,,,2026-07-27T13:11:39Z,RECONCILIATION_REQUIRED,
Dataverse,title,bf7e1ee0-b389-f111-ab10-000d3a14673b,I Am My Worst Enemy!,I Am My Worst Enemy!,Maurche Reed,,bf7e1ee0-b389-f111-ab10-000d3a14673b,,,2026-07-27T13:11:39Z,RECONCILIATION_REQUIRED,
Dataverse,title,b5a6c7e3-b389-f111-ab10-000d3a9eacee,"Help God, I Am Lost","Help God, I Am Lost",Cheryl Travis,,b5a6c7e3-b389-f111-ab10-000d3a9eacee,,,2026-07-27T13:11:39Z,RECONCILIATION_REQUIRED,
Dataverse,title,563274cd-c27a-f111-ab0f-6045bdd69435,I Am My Worst Enemy!,I Am My Worst Enemy!,Maurche Reed,,563274cd-c27a-f111-ab0f-6045bdd69435,,,2026-07-27T13:11:39Z,RECONCILIATION_REQUIRED,
Dataverse,title,73dea4e3-b389-f111-ab10-6045bdd69435,"Hop, Hop, Hop","Hop, Hop, Hop",Tawana Mars,,73dea4e3-b389-f111-ab10-6045bdd69435,,,2026-07-27T13:11:39Z,RECONCILIATION_REQUIRED,
Dataverse,title,6509d7cb-c27a-f111-ab0f-6045bdd69678,"Help God, I Am Sad","Help God, I Am Sad",Cheryl Travis,,6509d7cb-c27a-f111-ab0f-6045bdd69678,,,2026-07-27T13:11:39Z,RECONCILIATION_REQUIRED,
Dataverse,title,554797d0-c27a-f111-ab0f-7c1e525b15c2,Hodge Podge of Life,Hodge Podge of Life,Mildred Beard,,554797d0-c27a-f111-ab0f-7c1e525b15c2,,,2026-07-27T13:11:39Z,RECONCILIATION_REQUIRED,
Dataverse,title,1c5c72e0-b389-f111-ab10-7c1e525b15c2,"Hop, Hop, Hop","Hop, Hop, Hop",Tawana Mars,,1c5c72e0-b389-f111-ab10-7c1e525b15c2,,,2026-07-27T13:11:39Z,RECONCILIATION_REQUIRED,
Dataverse,title,b97e1ee0-b389-f111-ab10-000d3a14673b,"Help God, I Am Hurt","Help God, I Am Hurt",Cheryl Travis,,b97e1ee0-b389-f111-ab10-000d3a14673b,,,2026-07-27T13:11:38Z,RECONCILIATION_REQUIRED,
Dataverse,title,b3a6c7e3-b389-f111-ab10-000d3a9eacee,"Help God, I Am Lonely","Help God, I Am Lonely",Cheryl Travis,,b3a6c7e3-b389-f111-ab10-000d3a9eacee,,,2026-07-27T13:11:38Z,RECONCILIATION_REQUIRED,
Dataverse,title,99064bcd-c27a-f111-ab0f-00224820105b,"Help God, I Am Confused","Help God, I Am Confused",Cheryl Travis,,99064bcd-c27a-f111-ab0f-00224820105b,,,2026-07-27T13:11:38Z,RECONCILIATION_REQUIRED,
Dataverse,title,343274cd-c27a-f111-ab0f-6045bdd69435,"Help God, I Am Hurt","Help God, I Am Hurt",Cheryl Travis,,343274cd-c27a-f111-ab0f-6045bdd69435,,,2026-07-27T13:11:38Z,RECONCILIATION_REQUIRED,
Dataverse,title,6409d7cb-c27a-f111-ab0f-6045bdd69678,"Help God, I Am Lonely","Help God, I Am Lonely",Cheryl Travis,,6409d7cb-c27a-f111-ab0f-6045bdd69678,,,2026-07-27T13:11:38Z,RECONCILIATION_REQUIRED,
Dataverse,title,5ca0a0e0-b389-f111-ab10-6045bdd69738,"Help God, I Am Confused","Help God, I Am Confused",Cheryl Travis,,5ca0a0e0-b389-f111-ab10-6045bdd69738,,,2026-07-27T13:11:38Z,RECONCILIATION_REQUIRED,
Dataverse,title,9e8797ca-c27a-f111-ab0f-7c1e525b15c2,"Help God, I Am Lost","Help God, I Am Lost",Cheryl Travis,,9e8797ca-c27a-f111-ab0f-7c1e525b15c2,,,2026-07-27T13:11:38Z,RECONCILIATION_REQUIRED,
Dataverse,title,f05b72e0-b389-f111-ab10-7c1e525b15c2,"Help God, I Am Angry","Help God, I Am Angry",Cheryl Travis,,f05b72e0-b389-f111-ab10-7c1e525b15c2,,,2026-07-27T13:11:38Z,RECONCILIATION_REQUIRED,
Dataverse,title,2a4097e0-b389-f111-ab10-00224820105b,"Help God, I Am Afraid","Help God, I Am Afraid",Cheryl Travis,,2a4097e0-b389-f111-ab10-00224820105b,,,2026-07-27T13:11:37Z,RECONCILIATION_REQUIRED,
Dataverse,title,293274cd-c27a-f111-ab0f-6045bdd69435,"Help God, I Am Afraid","Help God, I Am Afraid",Cheryl Travis,,293274cd-c27a-f111-ab0f-6045bdd69435,,,2026-07-27T13:11:37Z,RECONCILIATION_REQUIRED,
Dataverse,title,6309d7cb-c27a-f111-ab0f-6045bdd69678,"Help God, I Am Angry","Help God, I Am Angry",Cheryl Travis,,6309d7cb-c27a-f111-ab0f-6045bdd69678,,,2026-07-27T13:11:37Z,RECONCILIATION_REQUIRED,
Dataverse,title,7b5f72d0-c27a-f111-ab0f-6045bdd69738,"Help God, I Am - the Collection","Help God, I Am - the Collection",Cheryl Travis,,7b5f72d0-c27a-f111-ab0f-6045bdd69738,,,2026-07-27T13:11:37Z,RECONCILIATION_REQUIRED,
Dataverse,title,624797d0-c27a-f111-ab0f-7c1e525b15c2,Have You Considered My Servant?,Have You Considered My Servant?,Jaylonna Stevette,,624797d0-c27a-f111-ab0f-7c1e525b15c2,,,2026-07-27T13:11:37Z,RECONCILIATION_REQUIRED,
Dataverse,title,db5b72e0-b389-f111-ab10-7c1e525b15c2,Have You Considered My Servant?,Have You Considered My Servant?,Jaylonna Stevette,,db5b72e0-b389-f111-ab10-7c1e525b15c2,,,2026-07-27T13:11:37Z,RECONCILIATION_REQUIRED,
Dataverse,title,e55b72e0-b389-f111-ab10-7c1e525b15c2,"Help God, I Am - The Collection","Help God, I Am - The Collection",Cheryl Travis,,e55b72e0-b389-f111-ab10-7c1e525b15c2,,,2026-07-27T13:11:37Z,RECONCILIATION_REQUIRED,
Dataverse,title,82064bcd-c27a-f111-ab0f-00224820105b,God's Business Plan,God's Business Plan,Terry Stephens,,82064bcd-c27a-f111-ab0f-00224820105b,,,2026-07-27T13:11:36Z,RECONCILIATION_REQUIRED,
Dataverse,title,294097e0-b389-f111-ab10-00224820105b,Grandmothers Educating Minds,Grandmothers Educating Minds,Toni Kleckley,,294097e0-b389-f111-ab10-00224820105b,,,2026-07-27T13:11:36Z,RECONCILIATION_REQUIRED,
Dataverse,title,1c3274cd-c27a-f111-ab0f-6045bdd69435,God's Nudge,God's Nudge,Tekisha Wimbush,,1c3274cd-c27a-f111-ab0f-6045bdd69435,,,2026-07-27T13:11:36Z,RECONCILIATION_REQUIRED,
Dataverse,title,6b54a0dd-b389-f111-ab10-6045bdd69435,God's Word for This World,God's Word for This World,Thomas Johnson,,6b54a0dd-b389-f111-ab10-6045bdd69435,,,2026-07-27T13:11:36Z,RECONCILIATION_REQUIRED,
Dataverse,title,57a0a0e0-b389-f111-ab10-6045bdd69738,God’s Business Plan,God’s Business Plan,Terry Stephens,,57a0a0e0-b389-f111-ab10-6045bdd69738,,,2026-07-27T13:11:36Z,RECONCILIATION_REQUIRED,
Dataverse,title,58a0a0e0-b389-f111-ab10-6045bdd69738,God’s Business Plan,God’s Business Plan,Terry Stephens,,58a0a0e0-b389-f111-ab10-6045bdd69738,,,2026-07-27T13:11:36Z,RECONCILIATION_REQUIRED,
Dataverse,title,59a0a0e0-b389-f111-ab10-6045bdd69738,Grandmothers Educating Minds,Grandmothers Educating Minds,Toni Kleckley,,59a0a0e0-b389-f111-ab10-6045bdd69738,,,2026-07-27T13:11:36Z,RECONCILIATION_REQUIRED,
Dataverse,title,7e000573-cc7a-f111-ab0f-7c1e525b15c2,God's Nudge,God's Nudge,Tekisha Wimbush,,7e000573-cc7a-f111-ab0f-7c1e525b15c2,,,2026-07-27T13:11:36Z,RECONCILIATION_REQUIRED,
Dataverse,title,cd5b72e0-b389-f111-ab10-7c1e525b15c2,God's Word For This World,God's Word For This World,Thomas Johnson,,cd5b72e0-b389-f111-ab10-7c1e525b15c2,,,2026-07-27T13:11:36Z,RECONCILIATION_REQUIRED,
Dataverse,title,b34b00d4-c27a-f111-ab0f-00224820105b,"Girl, Did You Know... ?","Girl, Did You Know... ?",Kimberly Reeder,,b34b00d4-c27a-f111-ab0f-00224820105b,,,2026-07-27T13:11:35Z,RECONCILIATION_REQUIRED,
Dataverse,title,1d4097e0-b389-f111-ab10-00224820105b,From Stylist to CEO,From Stylist to CEO,Karen Hill,,1d4097e0-b389-f111-ab10-00224820105b,,,2026-07-27T13:11:35Z,RECONCILIATION_REQUIRED,
Dataverse,title,1e4097e0-b389-f111-ab10-00224820105b,"Girl, Did You Know...?","Girl, Did You Know...?",Kimberly Reeder,,1e4097e0-b389-f111-ab10-00224820105b,,,2026-07-27T13:11:35Z,RECONCILIATION_REQUIRED,
Dataverse,title,5a54a0dd-b389-f111-ab10-6045bdd69435,Getting Back 2 Happy: The Chronicles of Tabby (Unabridged),Getting Back 2 Happy: The Chronicles of Tabby (Unabridged),Jaylonna Stevette,,5a54a0dd-b389-f111-ab10-6045bdd69435,,,2026-07-27T13:11:35Z,RECONCILIATION_REQUIRED,
Dataverse,title,6454a0dd-b389-f111-ab10-6045bdd69435,"Girl, You're Not Crazy. You're Dealing With a Narcissist","Girl, You're Not Crazy. You're Dealing With a Narcissist",Carolyn Booker-Pierce,,6454a0dd-b389-f111-ab10-6045bdd69435,,,2026-07-27T13:11:35Z,RECONCILIATION_REQUIRED,
Dataverse,title,6109d7cb-c27a-f111-ab0f-6045bdd69678,Getting Back 2 Happy,Getting Back 2 Happy,Jaylonna Stevette,,6109d7cb-c27a-f111-ab0f-6045bdd69678,,,2026-07-27T13:11:35Z,RECONCILIATION_REQUIRED,
Dataverse,title,25e01ad3-c27a-f111-ab0f-6045bdd69678,"Girl, You're Not Crazy. You're Dealing with a Narcissist","Girl, You're Not Crazy. You're Dealing with a Narcissist",Carolyn Booker-Pierce,,25e01ad3-c27a-f111-ab0f-6045bdd69678,,,2026-07-27T13:11:35Z,RECONCILIATION_REQUIRED,
Dataverse,title,a65b72e0-b389-f111-ab10-7c1e525b15c2,Getting Back 2 Happy,Getting Back 2 Happy,Jaylonna Stevette,,a65b72e0-b389-f111-ab10-7c1e525b15c2,,,2026-07-27T13:11:35Z,RECONCILIATION_REQUIRED,
Dataverse,title,921a04cd-c27a-f111-ab0f-000d3a14673b,"Focus, Trust, & Follow","Focus, Trust, & Follow",Shana Byrd,,921a04cd-c27a-f111-ab0f-000d3a14673b,,,2026-07-27T13:11:34Z,RECONCILIATION_REQUIRED,
Dataverse,title,b57e1ee0-b389-f111-ab10-000d3a14673b,For What It's Worth,For What It's Worth,Kelli Milligan Stammen,,b57e1ee0-b389-f111-ab10-000d3a14673b,,,2026-07-27T13:11:34Z,RECONCILIATION_REQUIRED,
Dataverse,title,b67e1ee0-b389-f111-ab10-000d3a14673b,From Stylist to CEO,From Stylist to CEO,Karen Hill,,b67e1ee0-b389-f111-ab10-000d3a14673b,,,2026-07-27T13:11:34Z,RECONCILIATION_REQUIRED,
Dataverse,title,194097e0-b389-f111-ab10-00224820105b,Establishing Glory: The Relationship Handbook,Establishing Glory: The Relationship Handbook,"Jackie Smith, Jr.",,194097e0-b389-f111-ab10-00224820105b,,,2026-07-27T13:11:34Z,REAL_ACTIVE,
Dataverse,title,5154a0dd-b389-f111-ab10-6045bdd69435,"Focus, Trust, & Follow","Focus, Trust, & Follow",Shana Byrd,,5154a0dd-b389-f111-ab10-6045bdd69435,,,2026-07-27T13:11:34Z,RECONCILIATION_REQUIRED,
Dataverse,title,24e01ad3-c27a-f111-ab0f-6045bdd69678,From Stylist to CEO,From Stylist to CEO,Karen Hill,,24e01ad3-c27a-f111-ab0f-6045bdd69678,,,2026-07-27T13:11:34Z,RECONCILIATION_REQUIRED,
Dataverse,title,958904ca-c27a-f111-ab0f-6045bdd69738,For What It's Worth,For What It's Worth,Kelli Milligan Stammen,,958904ca-c27a-f111-ab0f-6045bdd69738,,,2026-07-27T13:11:34Z,RECONCILIATION_REQUIRED,
Dataverse,title,56a0a0e0-b389-f111-ab10-6045bdd69738,Establishing Glory: The Praise and Worship Handbook,Establishing Glory: The Praise and Worship Handbook,"Jackie Smith, Jr.",,56a0a0e0-b389-f111-ab10-6045bdd69738,,,2026-07-27T13:11:34Z,REAL_ACTIVE,
Dataverse,title,9d8797ca-c27a-f111-ab0f-7c1e525b15c2,Establishing Glory: The Praise and Worship Handbook (2nd Edition),Establishing Glory: The Praise and Worship Handbook (2nd Edition),"Jackie Smith, Jr.",,9d8797ca-c27a-f111-ab0f-7c1e525b15c2,,,2026-07-27T13:11:34Z,REAL_ACTIVE,
Dataverse,title,b47e1ee0-b389-f111-ab10-000d3a14673b,Establishing Glory: The Praise and Worship Handbook,Establishing Glory: The Praise and Worship Handbook,"Jackie Smith, Jr.",,b47e1ee0-b389-f111-ab10-000d3a14673b,,,2026-07-27T13:11:33Z,REAL_ACTIVE,
Dataverse,title,16dac7dd-b389-f111-ab10-000d3a9eacee,Establishing Glory,Establishing Glory,"Jackie Smith, Jr.",,16dac7dd-b389-f111-ab10-000d3a9eacee,,,2026-07-27T13:11:33Z,REAL_ACTIVE,
Dataverse,title,174097e0-b389-f111-ab10-00224820105b,Establishing Glory 2,Establishing Glory 2,"Jackie Smith, Jr.",,174097e0-b389-f111-ab10-00224820105b,,,2026-07-27T13:11:33Z,REAL_ACTIVE,
Dataverse,title,4554a0dd-b389-f111-ab10-6045bdd69435,Establishing Glory,Establishing Glory,"Jackie Smith, Jr.",,4554a0dd-b389-f111-ab10-6045bdd69435,,,2026-07-27T13:11:33Z,REAL_ACTIVE,
Dataverse,title,4654a0dd-b389-f111-ab10-6045bdd69435,Establishing Glory 2,Establishing Glory 2,"Jackie Smith, Jr.",,4654a0dd-b389-f111-ab10-6045bdd69435,,,2026-07-27T13:11:33Z,REAL_ACTIVE,
Dataverse,title,299c7bde-b389-f111-ab10-6045bdd69678,Establishing Glory 2,Establishing Glory 2,"Jackie Smith, Jr.",,299c7bde-b389-f111-ab10-6045bdd69678,,,2026-07-27T13:11:33Z,REAL_ACTIVE,
Dataverse,title,2e9c7bde-b389-f111-ab10-6045bdd69678,Establishing Glory 3,Establishing Glory 3,"Jackie Smith, Jr.",,2e9c7bde-b389-f111-ab10-6045bdd69678,,,2026-07-27T13:11:33Z,REAL_ACTIVE,
Dataverse,title,a35b72e0-b389-f111-ab10-7c1e525b15c2,Establishing Glory 3,Establishing Glory 3,"Jackie Smith, Jr.",,a35b72e0-b389-f111-ab10-7c1e525b15c2,,,2026-07-27T13:11:33Z,REAL_ACTIVE,
Dataverse,title,a45b72e0-b389-f111-ab10-7c1e525b15c2,Establishing Glory 3,Establishing Glory 3,"Jackie Smith, Jr.",,a45b72e0-b389-f111-ab10-7c1e525b15c2,,,2026-07-27T13:11:33Z,REAL_ACTIVE,
Dataverse,title,b27e1ee0-b389-f111-ab10-000d3a14673b,Divinely Inspired,Divinely Inspired,Regina Scales,,b27e1ee0-b389-f111-ab10-000d3a14673b,,,2026-07-27T13:11:32Z,RECONCILIATION_REQUIRED,
Dataverse,title,b37e1ee0-b389-f111-ab10-000d3a14673b,Establishing Glory,Establishing Glory,"Jackie Smith, Jr.",,b37e1ee0-b389-f111-ab10-000d3a14673b,,,2026-07-27T13:11:32Z,REAL_ACTIVE,
Dataverse,title,15dac7dd-b389-f111-ab10-000d3a9eacee,Divinely Inspired,Divinely Inspired,Regina Scales,,15dac7dd-b389-f111-ab10-000d3a9eacee,,,2026-07-27T13:11:32Z,RECONCILIATION_REQUIRED,
Dataverse,title,154097e0-b389-f111-ab10-00224820105b,Establishing Glory,Establishing Glory,"Jackie Smith, Jr.",,154097e0-b389-f111-ab10-00224820105b,,,2026-07-27T13:11:32Z,REAL_ACTIVE,
Dataverse,title,4454a0dd-b389-f111-ab10-6045bdd69435,Establishing Glory,Establishing Glory,"Jackie Smith, Jr.",,4454a0dd-b389-f111-ab10-6045bdd69435,,,2026-07-27T13:11:32Z,REAL_ACTIVE,
Dataverse,title,249c7bde-b389-f111-ab10-6045bdd69678,Establishing Glory,Establishing Glory,"Jackie Smith, Jr.",,249c7bde-b389-f111-ab10-6045bdd69678,,,2026-07-27T13:11:32Z,REAL_ACTIVE,
Dataverse,title,54a0a0e0-b389-f111-ab10-6045bdd69738,Establishing Glory,Establishing Glory,"Jackie Smith, Jr.",,54a0a0e0-b389-f111-ab10-6045bdd69738,,,2026-07-27T13:11:32Z,REAL_ACTIVE,
Dataverse,title,55a0a0e0-b389-f111-ab10-6045bdd69738,Establishing Glory,Establishing Glory,"Jackie Smith, Jr.",,55a0a0e0-b389-f111-ab10-6045bdd69738,,,2026-07-27T13:11:32Z,REAL_ACTIVE,
Dataverse,title,9d5b72e0-b389-f111-ab10-7c1e525b15c2,Establishing Glory,Establishing Glory,"Jackie Smith, Jr.",,9d5b72e0-b389-f111-ab10-7c1e525b15c2,,,2026-07-27T13:11:32Z,REAL_ACTIVE,
Dataverse,title,af7e1ee0-b389-f111-ab10-000d3a14673b,Destined to Break the Curse,Destined to Break the Curse,"Sean Smith, Sr.",,af7e1ee0-b389-f111-ab10-000d3a14673b,,,2026-07-27T13:11:31Z,RECONCILIATION_REQUIRED,
Dataverse,title,b17e1ee0-b389-f111-ab10-000d3a14673b,Discipline and Direction,Discipline and Direction,Terry Stephens,,b17e1ee0-b389-f111-ab10-000d3a14673b,,,2026-07-27T13:11:31Z,RECONCILIATION_REQUIRED,
Dataverse,title,80064bcd-c27a-f111-ab0f-00224820105b,Discipline and Direction,Discipline and Direction,Terry Stephens,,80064bcd-c27a-f111-ab0f-00224820105b,,,2026-07-27T13:11:31Z,RECONCILIATION_REQUIRED,
Dataverse,title,9c4b00d4-c27a-f111-ab0f-00224820105b,Destined to Break the Curse,Destined to Break the Curse,"Sean Smith, Sr.",,9c4b00d4-c27a-f111-ab0f-00224820105b,,,2026-07-27T13:11:31Z,RECONCILIATION_REQUIRED,
Dataverse,title,cc4b00d4-c27a-f111-ab0f-00224820105b,Divinely Inspired,Divinely Inspired,Regina Scales,,cc4b00d4-c27a-f111-ab0f-00224820105b,,,2026-07-27T13:11:31Z,RECONCILIATION_REQUIRED,
Dataverse,title,3354a0dd-b389-f111-ab10-6045bdd69435,Department of the Air Force: Mission Driven Leadership,Department of the Air Force: Mission Driven Leadership,USAF,,3354a0dd-b389-f111-ab10-6045bdd69435,,,2026-07-27T13:11:31Z,RECONCILIATION_REQUIRED,
Dataverse,title,3654a0dd-b389-f111-ab10-6045bdd69435,Destined To Break The Curse Devotional,Destined To Break The Curse Devotional,"Sean Smith, Sr.",,3654a0dd-b389-f111-ab10-6045bdd69435,,,2026-07-27T13:11:31Z,RECONCILIATION_REQUIRED,
Dataverse,title,9b8797ca-c27a-f111-ab0f-7c1e525b15c2,Destined to Break the Curse Devotional,Destined to Break the Curse Devotional,"Sean Smith, Sr.",,9b8797ca-c27a-f111-ab0f-7c1e525b15c2,,,2026-07-27T13:11:31Z,RECONCILIATION_REQUIRED,
Dataverse,title,ba0402da-b389-f111-ab10-000d3a14673b,Delicious Ideas!,Delicious Ideas!,Agape International Cathedral,,ba0402da-b389-f111-ab10-000d3a14673b,,,2026-07-27T13:11:30Z,RECONCILIATION_REQUIRED,
Dataverse,title,0cdac7dd-b389-f111-ab10-000d3a9eacee,Damaged,Damaged,Lisa Taylor,,0cdac7dd-b389-f111-ab10-000d3a9eacee,,,2026-07-27T13:11:30Z,RECONCILIATION_REQUIRED,
Dataverse,title,943582da-b389-f111-ab10-00224820105b,Conquer Your Fears and Win,Conquer Your Fears and Win,Gloria Patterson,,943582da-b389-f111-ab10-00224820105b,,,2026-07-27T13:11:30Z,RECONCILIATION_REQUIRED,
Dataverse,title,c70f6fd3-c27a-f111-ab0f-6045bdd69435,Delicious Ideas!,Delicious Ideas!,Agape International Cathedral,,c70f6fd3-c27a-f111-ab0f-6045bdd69435,,,2026-07-27T13:11:30Z,RECONCILIATION_REQUIRED,
Dataverse,title,33106fd3-c27a-f111-ab0f-6045bdd69435,Damaged,Damaged,Lisa Taylor,,33106fd3-c27a-f111-ab0f-6045bdd69435,,,2026-07-27T13:11:30Z,RECONCILIATION_REQUIRED,
Dataverse,title,3154a0dd-b389-f111-ab10-6045bdd69435,Department of the Air Force Mission Driven Leadership,Department of the Air Force Mission Driven Leadership,USAF,,3154a0dd-b389-f111-ab10-6045bdd69435,,,2026-07-27T13:11:30Z,RECONCILIATION_REQUIRED,
Dataverse,title,139c7bde-b389-f111-ab10-6045bdd69678,Conquer Your Fears and Win,Conquer Your Fears and Win,Gloria Patterson,,139c7bde-b389-f111-ab10-6045bdd69678,,,2026-07-27T13:11:30Z,RECONCILIATION_REQUIRED,
Dataverse,title,9a8797ca-c27a-f111-ab0f-7c1e525b15c2,Conquer Your Fears and Win,Conquer Your Fears and Win,Gloria Patterson,,9a8797ca-c27a-f111-ab0f-7c1e525b15c2,,,2026-07-27T13:11:30Z,RECONCILIATION_REQUIRED,
Dataverse,title,0a7e1ada-b389-f111-ab10-7c1e525b15c2,Delicious Ideas!,Delicious Ideas!,Agape International Cathedral,,0a7e1ada-b389-f111-ab10-7c1e525b15c2,,,2026-07-27T13:11:30Z,RECONCILIATION_REQUIRED,
Dataverse,title,901a04cd-c27a-f111-ab0f-000d3a14673b,Bodacious,Bodacious,Nathaniel Short,,901a04cd-c27a-f111-ab0f-000d3a14673b,,,2026-07-27T13:11:29Z,RECONCILIATION_REQUIRED,
Dataverse,title,911a04cd-c27a-f111-ab0f-000d3a14673b,Connected!,Connected!,Dennis Brown,,911a04cd-c27a-f111-ab0f-000d3a14673b,,,2026-07-27T13:11:29Z,RECONCILIATION_REQUIRED,
Dataverse,title,07dac7dd-b389-f111-ab10-000d3a9eacee,Bodacious,Bodacious,Nathaniel Short,,07dac7dd-b389-f111-ab10-000d3a9eacee,,,2026-07-27T13:11:29Z,RECONCILIATION_REQUIRED,
Dataverse,title,08dac7dd-b389-f111-ab10-000d3a9eacee,Connected!,Connected!,Dennis Brown,,08dac7dd-b389-f111-ab10-000d3a9eacee,,,2026-07-27T13:11:29Z,RECONCILIATION_REQUIRED,
Dataverse,title,933582da-b389-f111-ab10-00224820105b,Come Out of Hiding,Come Out of Hiding,Christina Chislom,,933582da-b389-f111-ab10-00224820105b,,,2026-07-27T13:11:29Z,RECONCILIATION_REQUIRED,
Dataverse,title,569a11da-b389-f111-ab10-6045bdd69738,Biblical Prescriptions For Life's Troubles,Biblical Prescriptions For Life's Troubles,Terry Stephens,,569a11da-b389-f111-ab10-6045bdd69738,,,2026-07-27T13:11:29Z,RECONCILIATION_REQUIRED,
Dataverse,title,057e1ada-b389-f111-ab10-7c1e525b15c2,Come Out of Hiding,Come Out of Hiding,Christina Chislom,,057e1ada-b389-f111-ab10-7c1e525b15c2,,,2026-07-27T13:11:29Z,RECONCILIATION_REQUIRED,
Dataverse,title,a60402da-b389-f111-ab10-000d3a14673b,BEE Careful,BEE Careful,Deborah Eiland,,a60402da-b389-f111-ab10-000d3a14673b,,,2026-07-27T13:11:28Z,RECONCILIATION_REQUIRED,
Dataverse,title,04dac7dd-b389-f111-ab10-000d3a9eacee,BEE Careful,BEE Careful,Deborah Eiland,,04dac7dd-b389-f111-ab10-000d3a9eacee,,,2026-07-27T13:11:28Z,RECONCILIATION_REQUIRED,
Dataverse,title,06dac7dd-b389-f111-ab10-000d3a9eacee,BEE Careful,BEE Careful,Deborah Eiland,,06dac7dd-b389-f111-ab10-000d3a9eacee,,,2026-07-27T13:11:28Z,RECONCILIATION_REQUIRED,
Dataverse,title,079c7bde-b389-f111-ab10-6045bdd69678,BEE Careful,BEE Careful,Deborah Eiland,,079c7bde-b389-f111-ab10-6045bdd69678,,,2026-07-27T13:11:28Z,RECONCILIATION_REQUIRED,
Dataverse,title,928904ca-c27a-f111-ab0f-6045bdd69738,Biblical Prescriptions for Life's Troubles,Biblical Prescriptions for Life's Troubles,Terry Stephens,,928904ca-c27a-f111-ab0f-6045bdd69738,,,2026-07-27T13:11:28Z,RECONCILIATION_REQUIRED,
Dataverse,title,559a11da-b389-f111-ab10-6045bdd69738,BEE Careful,BEE Careful,Deborah Eiland,,559a11da-b389-f111-ab10-6045bdd69738,,,2026-07-27T13:11:28Z,RECONCILIATION_REQUIRED,
Dataverse,title,998797ca-c27a-f111-ab0f-7c1e525b15c2,BEE Careful,BEE Careful,Deborah Eiland,,998797ca-c27a-f111-ab0f-7c1e525b15c2,,,2026-07-27T13:11:28Z,RECONCILIATION_REQUIRED,
Dataverse,title,017e1ada-b389-f111-ab10-7c1e525b15c2,Because the Lord is My Shepherd,Because the Lord is My Shepherd,Carolyn Booker-Pierce,,017e1ada-b389-f111-ab10-7c1e525b15c2,,,2026-07-27T13:11:28Z,RECONCILIATION_REQUIRED,
Dataverse,title,a00402da-b389-f111-ab10-000d3a14673b,Almost Happy,Almost Happy,Jaylonna Stevette,,a00402da-b389-f111-ab10-000d3a14673b,,,2026-07-27T13:11:27Z,RECONCILIATION_REQUIRED,
Dataverse,title,7a064bcd-c27a-f111-ab0f-00224820105b,Aligned!,Aligned!,Dennis Brown,,7a064bcd-c27a-f111-ab0f-00224820105b,,,2026-07-27T13:11:27Z,RECONCILIATION_REQUIRED,
Dataverse,title,7b064bcd-c27a-f111-ab0f-00224820105b,Almost Happy,Almost Happy,Jaylonna Stevette,,7b064bcd-c27a-f111-ab0f-00224820105b,,,2026-07-27T13:11:27Z,RECONCILIATION_REQUIRED,
Dataverse,title,9b4b00d4-c27a-f111-ab0f-00224820105b,Because the Lord Is My Shepherd,Because the Lord Is My Shepherd,Carolyn Booker-Pierce,,9b4b00d4-c27a-f111-ab0f-00224820105b,,,2026-07-27T13:11:27Z,RECONCILIATION_REQUIRED,
Dataverse,title,8c3582da-b389-f111-ab10-00224820105b,Aligned!,Aligned!,Dennis Brown,,8c3582da-b389-f111-ab10-00224820105b,,,2026-07-27T13:11:27Z,RECONCILIATION_REQUIRED,
Dataverse,title,4009d7cb-c27a-f111-ab0f-6045bdd69678,Are You Sure That You Are Ready?,Are You Sure That You Are Ready?,Ericka Thornton,,4009d7cb-c27a-f111-ab0f-6045bdd69678,,,2026-07-27T13:11:27Z,RECONCILIATION_REQUIRED,
Dataverse,title,509a11da-b389-f111-ab10-6045bdd69738,According to Mark,According to Mark,Alice Pryor,,509a11da-b389-f111-ab10-6045bdd69738,,,2026-07-27T13:11:27Z,RECONCILIATION_REQUIRED,
Dataverse,title,539a11da-b389-f111-ab10-6045bdd69738,Almost Happy,Almost Happy,Jaylonna Stevette,,539a11da-b389-f111-ab10-6045bdd69738,,,2026-07-27T13:11:27Z,RECONCILIATION_REQUIRED,
Dataverse,title,549a11da-b389-f111-ab10-6045bdd69738,Are You Sure That You Are Ready?,Are You Sure That You Are Ready?,Ericka Thornton,,549a11da-b389-f111-ab10-6045bdd69738,,,2026-07-27T13:11:27Z,RECONCILIATION_REQUIRED,
Dataverse,title,11d2c5d7-b389-f111-ab10-000d3a9eacee,"A Truebies Guide, Part 1","A Truebies Guide, Part 1",Alesia Corpening,,11d2c5d7-b389-f111-ab10-000d3a9eacee,,,2026-07-27T13:11:26Z,RECONCILIATION_REQUIRED,
Dataverse,title,2554a0dd-b389-f111-ab10-6045bdd69435,"A Truebies Guide, Part 2","A Truebies Guide, Part 2",Alesia Corpening,,2554a0dd-b389-f111-ab10-6045bdd69435,,,2026-07-27T13:11:26Z,RECONCILIATION_REQUIRED,
Dataverse,title,2754a0dd-b389-f111-ab10-6045bdd69435,According to Mark,According to Mark,Alice Pryor,,2754a0dd-b389-f111-ab10-6045bdd69435,,,2026-07-27T13:11:26Z,RECONCILIATION_REQUIRED,
Dataverse,title,aee382d8-b389-f111-ab10-6045bdd69678,"A Truebies Guide, Part 1","A Truebies Guide, Part 1",Alesia Corpening,,aee382d8-b389-f111-ab10-6045bdd69678,,,2026-07-27T13:11:26Z,RECONCILIATION_REQUIRED,
Dataverse,title,afe382d8-b389-f111-ab10-6045bdd69678,"A Truebies Guide, Part 2","A Truebies Guide, Part 2",Alesia Corpening,,afe382d8-b389-f111-ab10-6045bdd69678,,,2026-07-27T13:11:26Z,RECONCILIATION_REQUIRED,
Dataverse,title,614797d0-c27a-f111-ab0f-7c1e525b15c2,Abortion!,Abortion!,Carolyn Booker-Pierce,,614797d0-c27a-f111-ab0f-7c1e525b15c2,,,2026-07-27T13:11:26Z,RECONCILIATION_REQUIRED,
Dataverse,title,f67d1ada-b389-f111-ab10-7c1e525b15c2,Abortion!,Abortion!,Carolyn Booker-Pierce,,f67d1ada-b389-f111-ab10-7c1e525b15c2,,,2026-07-27T13:11:26Z,RECONCILIATION_REQUIRED,
Dataverse,title,f87d1ada-b389-f111-ab10-7c1e525b15c2,According to Mark,According to Mark,Alice Pryor,,f87d1ada-b389-f111-ab10-7c1e525b15c2,,,2026-07-27T13:11:26Z,RECONCILIATION_REQUIRED,
Dataverse,title,841a04cd-c27a-f111-ab0f-000d3a14673b,A Principal's Tale,A Principal's Tale,Shelley McIntosh,,841a04cd-c27a-f111-ab0f-000d3a14673b,,,2026-07-27T13:11:25Z,RECONCILIATION_REQUIRED,
Dataverse,title,c74b00d4-c27a-f111-ab0f-00224820105b,A Portrait of Paradise,A Portrait of Paradise,Iyorwuese Hagher,,c74b00d4-c27a-f111-ab0f-00224820105b,,,2026-07-27T13:11:25Z,RECONCILIATION_REQUIRED,
Dataverse,title,a3e382d8-b389-f111-ab10-6045bdd69678,A Little Bit of Everything,A Little Bit of Everything,Eryonna Barrino,,a3e382d8-b389-f111-ab10-6045bdd69678,,,2026-07-27T13:11:25Z,RECONCILIATION_REQUIRED,
Dataverse,title,a8e382d8-b389-f111-ab10-6045bdd69678,A Portrait of Paradise,A Portrait of Paradise,Iyorwuese Hagher,,a8e382d8-b389-f111-ab10-6045bdd69678,,,2026-07-27T13:11:25Z,RECONCILIATION_REQUIRED,
Dataverse,title,abe382d8-b389-f111-ab10-6045bdd69678,A Principal's Tale,A Principal's Tale,Shelley McIntosh,,abe382d8-b389-f111-ab10-6045bdd69678,,,2026-07-27T13:11:25Z,RECONCILIATION_REQUIRED,
Dataverse,title,f57d1ada-b389-f111-ab10-7c1e525b15c2,A Portrait of Paradise,A Portrait of Paradise,Iyorwuese Hagher,,f57d1ada-b389-f111-ab10-7c1e525b15c2,,,2026-07-27T13:11:25Z,RECONCILIATION_REQUIRED,
Dataverse,title,69b21fc6-c27a-f111-ab0f-000d3a14673b,365 Days of Transparency,365 Days of Transparency,Daphanny Baker,,69b21fc6-c27a-f111-ab0f-000d3a14673b,,,2026-07-27T13:11:24Z,RECONCILIATION_REQUIRED,
Dataverse,title,8e0402da-b389-f111-ab10-000d3a14673b,7 Step Jumpstart to Becoming Your Best Self,7 Step Jumpstart to Becoming Your Best Self,Ericka Johnson Settles,,8e0402da-b389-f111-ab10-000d3a14673b,,,2026-07-27T13:11:24Z,RECONCILIATION_REQUIRED,
Dataverse,title,dee69bd7-b389-f111-ab10-6045bdd69435,365 Days Of Transparency,365 Days Of Transparency,Daphanny Baker,,dee69bd7-b389-f111-ab10-6045bdd69435,,,2026-07-27T13:11:24Z,RECONCILIATION_REQUIRED,
Dataverse,title,3e09d7cb-c27a-f111-ab0f-6045bdd69678,7 Step Jumpstart to Becoming Your Best Self,7 Step Jumpstart to Becoming Your Best Self,Ericka Johnson Settles,,3e09d7cb-c27a-f111-ab0f-6045bdd69678,,,2026-07-27T13:11:24Z,RECONCILIATION_REQUIRED,
Dataverse,title,9fe382d8-b389-f111-ab10-6045bdd69678,A Little Bit of Everything,A Little Bit of Everything,Eryonna Barrino,,9fe382d8-b389-f111-ab10-6045bdd69678,,,2026-07-27T13:11:24Z,RECONCILIATION_REQUIRED,
Dataverse,title,6f8904ca-c27a-f111-ab0f-6045bdd69738,A Blended Family,A Blended Family,Shecara Norris,,6f8904ca-c27a-f111-ab0f-6045bdd69738,,,2026-07-27T13:11:24Z,RECONCILIATION_REQUIRED,
Dataverse,title,4a9a11da-b389-f111-ab10-6045bdd69738,7 Step Jumpstart to Becoming Your Best Self,7 Step Jumpstart to Becoming Your Best Self,Ericka Johnson Settles,,4a9a11da-b389-f111-ab10-6045bdd69738,,,2026-07-27T13:11:24Z,RECONCILIATION_REQUIRED,
Dataverse,title,4b9a11da-b389-f111-ab10-6045bdd69738,A Blended Family,A Blended Family,Shecara Norris,,4b9a11da-b389-f111-ab10-6045bdd69738,,,2026-07-27T13:11:24Z,RECONCILIATION_REQUIRED,
Dataverse,title,f47d1ada-b389-f111-ab10-7c1e525b15c2,A Blended Family,A Blended Family,Shecara Norris,,f47d1ada-b389-f111-ab10-7c1e525b15c2,,,2026-07-27T13:11:24Z,RECONCILIATION_REQUIRED,
Dataverse,title,d0f603d3-c27a-f111-ab0f-000d3a14673b,27 Days to Overcoming Depression,27 Days to Overcoming Depression,Donjia Walls,,d0f603d3-c27a-f111-ab0f-000d3a14673b,,,2026-07-27T13:11:23Z,RECONCILIATION_REQUIRED,
Dataverse,title,fad1c5d7-b389-f111-ab10-000d3a9eacee,100 Wisdom Lessons for Life and Living,100 Wisdom Lessons for Life and Living,J Derrick Johnson,,fad1c5d7-b389-f111-ab10-000d3a9eacee,,,2026-07-27T13:11:23Z,RECONCILIATION_REQUIRED,
Dataverse,title,863582da-b389-f111-ab10-00224820105b,100 Wisdom Lessons for Life and Living,100 Wisdom Lessons for Life and Living,J Derrick Johnson,,863582da-b389-f111-ab10-00224820105b,,,2026-07-27T13:11:23Z,RECONCILIATION_REQUIRED,
Dataverse,title,bfe69bd7-b389-f111-ab10-6045bdd69435,100 Wisdom Lessons for Life and Living,100 Wisdom Lessons for Life and Living,J Derrick Johnson,,bfe69bd7-b389-f111-ab10-6045bdd69435,,,2026-07-27T13:11:23Z,RECONCILIATION_REQUIRED,
Dataverse,title,d8e69bd7-b389-f111-ab10-6045bdd69435,27 Days to Overcoming Depression,27 Days to Overcoming Depression,Donjia Walls,,d8e69bd7-b389-f111-ab10-6045bdd69435,,,2026-07-27T13:11:23Z,RECONCILIATION_REQUIRED,
Dataverse,title,833582da-b389-f111-ab10-00224820105b,100 Wisdom Lessons for Life and Living,100 Wisdom Lessons for Life and Living,J Derrick Johnson,,833582da-b389-f111-ab10-00224820105b,,,2026-07-27T13:11:22Z,RECONCILIATION_REQUIRED,
Dataverse,title,584797d0-c27a-f111-ab0f-7c1e525b15c2,Melodies from Heaven,Melodies from Heaven,Bailey Cunningham,,584797d0-c27a-f111-ab0f-7c1e525b15c2,,,2026-07-27T12:11:08Z,RECONCILIATION_REQUIRED,
Dataverse,title,37ce3ac0-c37a-f111-ab0f-7c1e525b15c2,"A Truebies Guide, Part 1","A Truebies Guide, Part 1",,,37ce3ac0-c37a-f111-ab0f-7c1e525b15c2,,,2026-07-27T12:11:08Z,RECONCILIATION_REQUIRED,
Dataverse,title,161405c7-c37a-f111-ab0f-7c1e525b15c2,"Focus, Trust, & Follow","Focus, Trust, & Follow",,,161405c7-c37a-f111-ab0f-7c1e525b15c2,,,2026-07-27T12:11:08Z,RECONCILIATION_REQUIRED,
Dataverse,title,3ee961cd-c37a-f111-ab0f-7c1e525b15c2,What Goes up Must Come down Let's Face It,What Goes up Must Come down Let's Face It,,,3ee961cd-c37a-f111-ab0f-7c1e525b15c2,,,2026-07-27T12:11:08Z,RECONCILIATION_REQUIRED,
Dataverse,title,7f67a4c3-c37a-f111-ab0f-6045bdd69678,God’s Business Plan,God’s Business Plan,,,7f67a4c3-c37a-f111-ab0f-6045bdd69678,,,2026-07-27T12:11:07Z,RECONCILIATION_REQUIRED,
Dataverse,title,b67835ca-c37a-f111-ab0f-6045bdd69678,"The Essence of Life, Love Letters to Christ","The Essence of Life, Love Letters to Christ",,,b67835ca-c37a-f111-ab0f-6045bdd69678,,,2026-07-27T12:11:07Z,RECONCILIATION_REQUIRED,
Dataverse,title,3d37c9d0-c37a-f111-ab0f-6045bdd69678,The I Am in Me Part 2,The I Am in Me Part 2,,,3d37c9d0-c37a-f111-ab0f-6045bdd69678,,,2026-07-27T12:11:07Z,RECONCILIATION_REQUIRED,
Dataverse,title,778904ca-c27a-f111-ab0f-6045bdd69738,A Little Bit of Everything,A Little Bit of Everything,Eryonna Noelle,,778904ca-c27a-f111-ab0f-6045bdd69738,,,2026-07-27T12:11:07Z,RECONCILIATION_REQUIRED,
Dataverse,title,938904ca-c27a-f111-ab0f-6045bdd69738,Come Out of Hiding,Come Out of Hiding,Chistina Chislom,,938904ca-c27a-f111-ab0f-6045bdd69738,,,2026-07-27T12:11:07Z,RECONCILIATION_REQUIRED,
Dataverse,title,8f5f72d0-c27a-f111-ab0f-6045bdd69738,The Never Before Told Story of the Gelatin Monster,The Never Before Told Story of the Gelatin Monster,Nicky Williams,,8f5f72d0-c27a-f111-ab0f-6045bdd69738,,,2026-07-27T12:11:07Z,RECONCILIATION_REQUIRED,
Dataverse,title,564797d0-c27a-f111-ab0f-7c1e525b15c2,"Hop, Hop, Hop","Hop, Hop, Hop",Tawanna Mars,,564797d0-c27a-f111-ab0f-7c1e525b15c2,,,2026-07-27T12:11:07Z,RECONCILIATION_REQUIRED,
Dataverse,title,574797d0-c27a-f111-ab0f-7c1e525b15c2,Just What I Needed,Just What I Needed,Andrean Young,,574797d0-c27a-f111-ab0f-7c1e525b15c2,,,2026-07-27T12:11:07Z,RECONCILIATION_REQUIRED,
Dataverse,title,64106fd3-c27a-f111-ab0f-6045bdd69435,Department of the Air Force: Mission Driven Leadership,Department of the Air Force: Mission Driven Leadership,"Andrew Bowens, Lenetta Banks Williams, Jamichael Hill Beard, Anthony Cain",,64106fd3-c27a-f111-ab0f-6045bdd69435,,,2026-07-27T12:11:06Z,RECONCILIATION_REQUIRED,
Dataverse,title,c2ed8074-cc7a-f111-ab0f-6045bdd69435,God’s Word For This World,God’s Word For This World,"Thomas Johnson, Sr.",,c2ed8074-cc7a-f111-ab0f-6045bdd69435,,,2026-07-27T12:11:06Z,RECONCILIATION_REQUIRED,
Dataverse,title,6209d7cb-c27a-f111-ab0f-6045bdd69678,God's Word For This World,God's Word For This World,"Thomas Johnson, Sr.",,6209d7cb-c27a-f111-ab0f-6045bdd69678,,,2026-07-27T12:11:06Z,RECONCILIATION_REQUIRED,
Dataverse,title,18e01ad3-c27a-f111-ab0f-6045bdd69678,The Little Girl with the Plow,The Little Girl with the Plow,Chistina Chislom,,18e01ad3-c27a-f111-ab0f-6045bdd69678,,,2026-07-27T12:11:06Z,RECONCILIATION_REQUIRED,
Dataverse,title,7967a4c3-c37a-f111-ab0f-6045bdd69678,Connected!,Connected!,,,7967a4c3-c37a-f111-ab0f-6045bdd69678,,,2026-07-27T12:11:06Z,RECONCILIATION_REQUIRED,
Dataverse,title,7b67a4c3-c37a-f111-ab0f-6045bdd69678,Destined to Break the Curse Devotional,Destined to Break the Curse Devotional,,,7b67a4c3-c37a-f111-ab0f-6045bdd69678,,,2026-07-27T12:11:06Z,RECONCILIATION_REQUIRED,
Dataverse,title,7e67a4c3-c37a-f111-ab0f-6045bdd69678,Establishing Glory 3,Establishing Glory 3,,,7e67a4c3-c37a-f111-ab0f-6045bdd69678,,,2026-07-27T12:11:06Z,REAL_ACTIVE,
Dataverse,title,2c966ac0-c37a-f111-ab0f-00224820105b,Department of the Air Force Mission Driven Leadership,Department of the Air Force Mission Driven Leadership,,,2c966ac0-c37a-f111-ab0f-00224820105b,,,2026-07-27T12:11:05Z,RECONCILIATION_REQUIRED,
Dataverse,title,b1b61ac7-c37a-f111-ab0f-00224820105b,Establishing Glory: The Praise and Worship Handbook,Establishing Glory: The Praise and Worship Handbook,,,b1b61ac7-c37a-f111-ab0f-00224820105b,,,2026-07-27T12:11:05Z,REAL_ACTIVE,
Dataverse,title,dbb71ac7-c37a-f111-ab0f-00224820105b,Establishing Glory: The Relationship Handbook,Establishing Glory: The Relationship Handbook,,,dbb71ac7-c37a-f111-ab0f-00224820105b,,,2026-07-27T12:11:05Z,REAL_ACTIVE,
Dataverse,title,d0b91ac7-c37a-f111-ab0f-00224820105b,"Girl, Did You Know…?","Girl, Did You Know…?",,,d0b91ac7-c37a-f111-ab0f-00224820105b,,,2026-07-27T12:11:05Z,RECONCILIATION_REQUIRED,
Dataverse,title,d6b91ac7-c37a-f111-ab0f-00224820105b,"Help God, I Am - the Collection","Help God, I Am - the Collection",,,d6b91ac7-c37a-f111-ab0f-00224820105b,,,2026-07-27T12:11:05Z,RECONCILIATION_REQUIRED,
Dataverse,title,992156cd-c37a-f111-ab0f-00224820105b,Peaches Can Do It!,Peaches Can Do It!,,,992156cd-c37a-f111-ab0f-00224820105b,,,2026-07-27T12:11:05Z,RECONCILIATION_REQUIRED,
Dataverse,title,a12556cd-c37a-f111-ab0f-00224820105b,The Little Girl with the Plow!,The Little Girl with the Plow!,,,a12556cd-c37a-f111-ab0f-00224820105b,,,2026-07-27T12:11:05Z,RECONCILIATION_REQUIRED,
Dataverse,title,b50f6fd3-c27a-f111-ab0f-6045bdd69435,"Your brain has too much what, mommy","Your brain has too much what, mommy",Essence Unique,,b50f6fd3-c27a-f111-ab0f-6045bdd69435,,,2026-07-27T12:11:05Z,RECONCILIATION_REQUIRED,
Dataverse,title,9d42c1c2-c37a-f111-ab0f-000d3a14673b,Grandmothers Educating Minds,Grandmothers Educating Minds,,,9d42c1c2-c37a-f111-ab0f-000d3a14673b,,,2026-07-27T12:11:04Z,RECONCILIATION_REQUIRED,
Dataverse,title,f96286cf-c37a-f111-ab0f-000d3a14673b,The Doctrine of Last Things,The Doctrine of Last Things,,,f96286cf-c37a-f111-ab0f-000d3a14673b,,,2026-07-27T12:11:04Z,RECONCILIATION_REQUIRED,
Dataverse,title,0b6386cf-c37a-f111-ab0f-000d3a14673b,The I Am in Me,The I Am in Me,,,0b6386cf-c37a-f111-ab0f-000d3a14673b,,,2026-07-27T12:11:04Z,RECONCILIATION_REQUIRED,
Dataverse,title,236386cf-c37a-f111-ab0f-000d3a14673b,"Your Brain Has Too Much What, Mommy??","Your Brain Has Too Much What, Mommy??",,,236386cf-c37a-f111-ab0f-000d3a14673b,,,2026-07-27T12:11:04Z,RECONCILIATION_REQUIRED,
Dataverse,title,79064bcd-c27a-f111-ab0f-00224820105b,According to Mark,According to Mark,Alice V. Pryor,,79064bcd-c27a-f111-ab0f-00224820105b,,,2026-07-27T12:11:04Z,RECONCILIATION_REQUIRED,
Dataverse,title,f1084bcd-c27a-f111-ab0f-00224820105b,Pretty Wings,Pretty Wings,Natasha Gilchrist,,f1084bcd-c27a-f111-ab0f-00224820105b,,,2026-07-27T12:11:04Z,RECONCILIATION_REQUIRED,
Dataverse,title,34926ac0-c37a-f111-ab0f-00224820105b,100 Wisdom Lessons for Life and Living,100 Wisdom Lessons for Life and Living,,,34926ac0-c37a-f111-ab0f-00224820105b,,,2026-07-27T12:11:04Z,RECONCILIATION_REQUIRED,
Dataverse,title,2c946ac0-c37a-f111-ab0f-00224820105b,"A Truebies Guide, Part 2","A Truebies Guide, Part 2",,,2c946ac0-c37a-f111-ab0f-00224820105b,,,2026-07-27T12:11:04Z,RECONCILIATION_REQUIRED,
Dataverse,title,a01a04cd-c27a-f111-ab0f-000d3a14673b,She,She,Darlene Carson,,a01a04cd-c27a-f111-ab0f-000d3a14673b,,,2026-07-27T12:11:03Z,RECONCILIATION_REQUIRED,
Dataverse,title,d5f603d3-c27a-f111-ab0f-000d3a14673b,Rhyming It up with Church Stuff,Rhyming It up with Church Stuff,Junaita Travis,,d5f603d3-c27a-f111-ab0f-000d3a14673b,,,2026-07-27T12:11:03Z,RECONCILIATION_REQUIRED,
Dataverse,title,9242c1c2-c37a-f111-ab0f-000d3a14673b,Establishing Glory,Establishing Glory,,,9242c1c2-c37a-f111-ab0f-000d3a14673b,,,2026-07-27T12:11:03Z,REAL_ACTIVE,
Dataverse,title,9342c1c2-c37a-f111-ab0f-000d3a14673b,Establishing Glory 2,Establishing Glory 2,,,9342c1c2-c37a-f111-ab0f-000d3a14673b,,,2026-07-27T12:11:03Z,REAL_ACTIVE,
Dataverse,title,9542c1c2-c37a-f111-ab0f-000d3a14673b,Getting Back 2 Happy: The Chronicles of Tabby (Unabridged),Getting Back 2 Happy: The Chronicles of Tabby (Unabridged),,,9542c1c2-c37a-f111-ab0f-000d3a14673b,,,2026-07-27T12:11:03Z,RECONCILIATION_REQUIRED,
Dataverse,title,8de10c93-4a89-f111-ab10-7c1e525b15c2,JM1 Preview Synthetic Artifact B,JM1 Preview Synthetic Artifact B,JM1 Preview Author B,,8de10c93-4a89-f111-ab10-7c1e525b15c2,,,2026-07-27T04:10:55Z,SYNTHETIC,
Dataverse,title,81c81786-4889-f111-ab10-000d3a14673b,JM1 Preview Synthetic Artifact A,JM1 Preview Synthetic Artifact A,JM1 Preview Author A,,81c81786-4889-f111-ab10-000d3a14673b,,,2026-07-27T04:10:53Z,SYNTHETIC,
Dataverse,title,952556cd-c37a-f111-ab0f-00224820105b,The Fight for the Promiseland: Battle Strategies for Victorious People,The Fight for the Promiseland: Battle Strategies for Victorious People,,,952556cd-c37a-f111-ab0f-00224820105b,,,2026-07-17T13:12:46Z,RECONCILIATION_REQUIRED,
Dataverse,title,982156cd-c37a-f111-ab0f-00224820105b,Music Ministry Unplugged: Real Lessons for Those who Lead and Serve in Music Ministry,Music Ministry Unplugged: Real Lessons for Those who Lead and Serve in Music Ministry,,,982156cd-c37a-f111-ab0f-00224820105b,,,2026-07-17T13:12:45Z,RECONCILIATION_REQUIRED,
Dataverse,title,1159fcc8-c37a-f111-ab0f-000d3a14673b,Memoir of a Black Christian Nationalist: Seeds of Liberation (Unabridged),Memoir of a Black Christian Nationalist: Seeds of Liberation (Unabridged),,,1159fcc8-c37a-f111-ab0f-000d3a14673b,,,2026-07-17T13:12:40Z,RECONCILIATION_REQUIRED,
Dataverse,title,a69b9dfa-bb7b-f111-ab0f-7c1e525b15c2,The Long Watch,The Long Watch,Jackie Smith Jr,,a69b9dfa-bb7b-f111-ab0f-7c1e525b15c2,,,2026-07-17T00:16:19Z,REAL_ACTIVE,
Dataverse,title,2d21ab5b-4d80-f111-ab0f-7c1e525b15c2,The General’s Will and Last Testament,The General’s Will and Last Testament,Iyorwuese Hagher,,2d21ab5b-4d80-f111-ab0f-7c1e525b15c2,,,2026-07-15T13:02:03Z,REAL_ACTIVE,
Dataverse,title,91c5e1ef-2980-f111-ab0f-7c1e525b15c2,Before You Were Born,Before You Were Born,Sean Crowley,,91c5e1ef-2980-f111-ab0f-7c1e525b15c2,,,2026-07-15T08:48:26Z,REAL_ACTIVE,
Dataverse,title,f1908dc9-5775-f111-ab0f-6045bdd69435,Establishing Glory: The Library,Establishing Glory: The Library,,,f1908dc9-5775-f111-ab0f-6045bdd69435,,,2026-07-15T05:44:55Z,REAL_ACTIVE,
Dataverse,title,226386cf-c37a-f111-ab0f-000d3a14673b,You're Still Not Crazy: You May Be An Empath Dealing With A Narcissist,You're Still Not Crazy: You May Be An Empath Dealing With A Narcissist,,,226386cf-c37a-f111-ab0f-000d3a14673b,,,2026-07-13T10:00:56Z,RECONCILIATION_REQUIRED,
Dataverse,title,4a37c9d0-c37a-f111-ab0f-6045bdd69678,Warriors and Angels: Liberating Inner Power in the Journey of Life,Warriors and Angels: Liberating Inner Power in the Journey of Life,,,4a37c9d0-c37a-f111-ab0f-6045bdd69678,,,2026-07-13T10:00:55Z,RECONCILIATION_REQUIRED,
Dataverse,title,5837c9d0-c37a-f111-ab0f-6045bdd69678,Your Peace is a Priority: A Devotional Journal,Your Peace is a Priority: A Devotional Journal,,,5837c9d0-c37a-f111-ab0f-6045bdd69678,,,2026-07-13T10:00:55Z,RECONCILIATION_REQUIRED,
Dataverse,title,0d6386cf-c37a-f111-ab0f-000d3a14673b,The Journey: The Inspiration and Message Behind the Music,The Journey: The Inspiration and Message Behind the Music,,,0d6386cf-c37a-f111-ab0f-000d3a14673b,,,2026-07-13T10:00:54Z,RECONCILIATION_REQUIRED,
Dataverse,title,b2838072-e23d-f111-88b5-7c1e525b15c2,todays's new title,todays's new title,,,b2838072-e23d-f111-88b5-7c1e525b15c2,,,2026-07-13T10:00:54Z,RECONCILIATION_REQUIRED,
Dataverse,title,0a6386cf-c37a-f111-ab0f-000d3a14673b,The Great Hair Restart: The Journal,The Great Hair Restart: The Journal,,,0a6386cf-c37a-f111-ab0f-000d3a14673b,,,2026-07-13T10:00:53Z,RECONCILIATION_REQUIRED,
Dataverse,title,ab2156cd-c37a-f111-ab0f-00224820105b,"The Essence of Life, Love Letters to Christ: Poems of Life and Love from the Pages of the Heart","The Essence of Life, Love Letters to Christ: Poems of Life and Love from the Pages of the Heart",,,ab2156cd-c37a-f111-ab0f-00224820105b,,,2026-07-13T10:00:53Z,RECONCILIATION_REQUIRED,
Dataverse,title,9a2556cd-c37a-f111-ab0f-00224820105b,The Great Hair Restart: The Ultimate Guide to Resetting Your Natural Hair Journey with Confidence,The Great Hair Restart: The Ultimate Guide to Resetting Your Natural Hair Journey with Confidence,,,9a2556cd-c37a-f111-ab0f-00224820105b,,,2026-07-13T10:00:53Z,RECONCILIATION_REQUIRED,
Dataverse,title,b27835ca-c37a-f111-ab0f-6045bdd69678,"Taylor Made: My Life, My Story","Taylor Made: My Life, My Story",,,b27835ca-c37a-f111-ab0f-6045bdd69678,,,2026-07-13T10:00:51Z,RECONCILIATION_REQUIRED,
Dataverse,title,1759fcc8-c37a-f111-ab0f-000d3a14673b,More Than A Village: Raising Black Men in America,More Than A Village: Raising Black Men in America,,,1759fcc8-c37a-f111-ab0f-000d3a14673b,,,2026-07-13T10:00:50Z,RECONCILIATION_REQUIRED,
Dataverse,title,a32156cd-c37a-f111-ab0f-00224820105b,Speech Therapy Works!: Juliana's Story,Speech Therapy Works!: Juliana's Story,,,a32156cd-c37a-f111-ab0f-00224820105b,,,2026-07-13T10:00:50Z,RECONCILIATION_REQUIRED,
Dataverse,title,887835ca-c37a-f111-ab0f-6045bdd69678,My ABCs,My ABCs,,,887835ca-c37a-f111-ab0f-6045bdd69678,,,2026-07-13T10:00:50Z,RECONCILIATION_REQUIRED,
Dataverse,title,a97835ca-c37a-f111-ab0f-6045bdd69678,SHE: An Expose' of Her Insufficiencies,SHE: An Expose' of Her Insufficiencies,,,a97835ca-c37a-f111-ab0f-6045bdd69678,,,2026-07-13T10:00:50Z,RECONCILIATION_REQUIRED,
Dataverse,title,08bf1ac7-c37a-f111-ab0f-00224820105b,Loving the Addict: While Taking Care of Yourself First,Loving the Addict: While Taking Care of Yourself First,,,08bf1ac7-c37a-f111-ab0f-00224820105b,,,2026-07-13T10:00:49Z,RECONCILIATION_REQUIRED,
Dataverse,title,b4c11ac7-c37a-f111-ab0f-00224820105b,Memoir of a Black Christian Nationalist: Seeds of Liberation,Memoir of a Black Christian Nationalist: Seeds of Liberation,,,b4c11ac7-c37a-f111-ab0f-00224820105b,,,2026-07-13T10:00:49Z,RECONCILIATION_REQUIRED,
Dataverse,title,6f7835ca-c37a-f111-ab0f-6045bdd69678,Just What I Needed: Daily Devotional,Just What I Needed: Daily Devotional,,,6f7835ca-c37a-f111-ab0f-6045bdd69678,,,2026-07-13T10:00:49Z,RECONCILIATION_REQUIRED,
Dataverse,title,3b1405c7-c37a-f111-ab0f-7c1e525b15c2,Mirror of Refining Insight: An Introspective Look At Pursuing Your Purpose,Mirror of Refining Insight: An Introspective Look At Pursuing Your Purpose,,,3b1405c7-c37a-f111-ab0f-7c1e525b15c2,,,2026-07-13T10:00:49Z,RECONCILIATION_REQUIRED,
Dataverse,title,6e7835ca-c37a-f111-ab0f-6045bdd69678,Inspirations from God: God is Gooood!,Inspirations from God: God is Gooood!,,,6e7835ca-c37a-f111-ab0f-6045bdd69678,,,2026-07-13T10:00:48Z,RECONCILIATION_REQUIRED,
Dataverse,title,311405c7-c37a-f111-ab0f-7c1e525b15c2,Jewels by Lady J: A Book of Daily Devotion and Reflection One Day at a Time,Jewels by Lady J: A Book of Daily Devotion and Reflection One Day at a Time,,,311405c7-c37a-f111-ab0f-7c1e525b15c2,,,2026-07-13T10:00:48Z,RECONCILIATION_REQUIRED,
Dataverse,title,8742c1c2-c37a-f111-ab0f-000d3a14673b,Connected!: Unlocking the DNA of Authentic Prayer - 2nd Edition,Connected!: Unlocking the DNA of Authentic Prayer - 2nd Edition,,,8742c1c2-c37a-f111-ab0f-000d3a14673b,,,2026-07-13T10:00:47Z,RECONCILIATION_REQUIRED,
Dataverse,title,7a67a4c3-c37a-f111-ab0f-6045bdd69678,Delicious Ideas!: The Legacy Cookbook,Delicious Ideas!: The Legacy Cookbook,,,7a67a4c3-c37a-f111-ab0f-6045bdd69678,,,2026-07-13T10:00:47Z,RECONCILIATION_REQUIRED,
Dataverse,title,7c67a4c3-c37a-f111-ab0f-6045bdd69678,Discipline and Direction: God's Leadership Style,Discipline and Direction: God's Leadership Style,,,7c67a4c3-c37a-f111-ab0f-6045bdd69678,,,2026-07-13T10:00:47Z,RECONCILIATION_REQUIRED,
Dataverse,title,7d67a4c3-c37a-f111-ab0f-6045bdd69678,Divinely Inspired: Trauma Triumphed,Divinely Inspired: Trauma Triumphed,,,7d67a4c3-c37a-f111-ab0f-6045bdd69678,,,2026-07-13T10:00:47Z,RECONCILIATION_REQUIRED,
Dataverse,title,7867a4c3-c37a-f111-ab0f-6045bdd69678,Come Out Of Hiding: Activating Deliverance,Come Out Of Hiding: Activating Deliverance,,,7867a4c3-c37a-f111-ab0f-6045bdd69678,,,2026-07-13T10:00:46Z,RECONCILIATION_REQUIRED,
Dataverse,title,7942c1c2-c37a-f111-ab0f-000d3a14673b,Because the Lord is My Shepherd: Psalm 23 and Me,Because the Lord is My Shepherd: Psalm 23 and Me,,,7942c1c2-c37a-f111-ab0f-000d3a14673b,,,2026-07-13T10:00:45Z,RECONCILIATION_REQUIRED,
Dataverse,title,8642c1c2-c37a-f111-ab0f-000d3a14673b,Bodacious: Controversial and Provocative,Bodacious: Controversial and Provocative,,,8642c1c2-c37a-f111-ab0f-000d3a14673b,,,2026-07-13T10:00:45Z,RECONCILIATION_REQUIRED,
Dataverse,title,2d946ac0-c37a-f111-ab0f-00224820105b,Aligned!: Unlocking the DNA of Authentic Faith,Aligned!: Unlocking the DNA of Authentic Faith,,,2d946ac0-c37a-f111-ab0f-00224820105b,,,2026-07-13T10:00:45Z,RECONCILIATION_REQUIRED,
Dataverse,title,dcbc7ebd-c37a-f111-ab0f-6045bdd69678,Are You Sure That You Are Ready?: A Guide for Vendors,Are You Sure That You Are Ready?: A Guide for Vendors,,,dcbc7ebd-c37a-f111-ab0f-6045bdd69678,,,2026-07-13T10:00:45Z,RECONCILIATION_REQUIRED,
Dataverse,title,6f27c7bc-c37a-f111-ab0f-000d3a14673b,A Principal's Tale: A Self-Determined Leader,A Principal's Tale: A Self-Determined Leader,,,6f27c7bc-c37a-f111-ab0f-000d3a14673b,,,2026-07-13T10:00:44Z,RECONCILIATION_REQUIRED,
Dataverse,title,7742c1c2-c37a-f111-ab0f-000d3a14673b,Abortion!: George and Giovanna,Abortion!: George and Giovanna,,,7742c1c2-c37a-f111-ab0f-000d3a14673b,,,2026-07-13T10:00:44Z,RECONCILIATION_REQUIRED,
Dataverse,title,6e27c7bc-c37a-f111-ab0f-000d3a14673b,27 Days to Overcoming Depression: Debunking All the Lies,27 Days to Overcoming Depression: Debunking All the Lies,,,6e27c7bc-c37a-f111-ab0f-000d3a14673b,,,2026-07-13T10:00:43Z,RECONCILIATION_REQUIRED,
Dataverse,title,5e4797d0-c27a-f111-ab0f-7c1e525b15c2,"The I Am In Me Part 2, Second Edition","The I Am In Me Part 2, Second Edition",Tekisha Wimbush,,5e4797d0-c27a-f111-ab0f-7c1e525b15c2,,,2026-07-13T10:00:37Z,RECONCILIATION_REQUIRED,
Dataverse,title,5f4797d0-c27a-f111-ab0f-7c1e525b15c2,"The I Am in Me, Second Edition","The I Am in Me, Second Edition",Tekisha Wimbush,,5f4797d0-c27a-f111-ab0f-7c1e525b15c2,,,2026-07-13T10:00:37Z,RECONCILIATION_REQUIRED,
Dataverse,title,c1f603d3-c27a-f111-ab0f-000d3a14673b,The ESSENCE of Life,The ESSENCE of Life,Tracy Norris,,c1f603d3-c27a-f111-ab0f-000d3a14673b,,,2026-07-13T10:00:35Z,RECONCILIATION_REQUIRED,
Dataverse,title,d13274cd-c27a-f111-ab0f-6045bdd69435,The Doctrine of the Last Things,The Doctrine of the Last Things,Obadiah Harris,,d13274cd-c27a-f111-ab0f-6045bdd69435,,,2026-07-13T10:00:34Z,RECONCILIATION_REQUIRED,
Dataverse,title,9a8904ca-c27a-f111-ab0f-6045bdd69738,"Grandmothers Educating Minds, 2nd Edition","Grandmothers Educating Minds, 2nd Edition",Toni Kleckley,,9a8904ca-c27a-f111-ab0f-6045bdd69738,,,2026-07-13T10:00:10Z,RECONCILIATION_REQUIRED,
Dataverse,title,9c8797ca-c27a-f111-ab0f-7c1e525b15c2,Establishing Glory 3: The Marriage Handbook,Establishing Glory 3: The Marriage Handbook,"Jackie Smith, Jr.",,9c8797ca-c27a-f111-ab0f-7c1e525b15c2,,,2026-07-13T10:00:05Z,REAL_ACTIVE,
Dataverse,title,fb3174cd-c27a-f111-ab0f-6045bdd69435,Establishing Glory 2: The Relationship Handbook (2nd Edition),Establishing Glory 2: The Relationship Handbook (2nd Edition),"Jackie Smith, Jr.",,fb3174cd-c27a-f111-ab0f-6045bdd69435,,,2026-07-13T10:00:04Z,REAL_ACTIVE,
Dataverse,title,3f09d7cb-c27a-f111-ab0f-6045bdd69678,A Trubie's Guide Pt. 1,A Trubie's Guide Pt. 1,Alesia Corpening,,3f09d7cb-c27a-f111-ab0f-6045bdd69678,,,2026-07-13T09:59:58Z,RECONCILIATION_REQUIRED,
Dataverse,title,848904ca-c27a-f111-ab0f-6045bdd69738,A Trubie's Guide Pt. 2,A Trubie's Guide Pt. 2,Alesia Corpening,,848904ca-c27a-f111-ab0f-6045bdd69738,,,2026-07-13T09:59:58Z,RECONCILIATION_REQUIRED,
Dataverse,title,dcf603d3-c27a-f111-ab0f-000d3a14673b,101 Wisdom Lessons for Life and Living,101 Wisdom Lessons for Life and Living,j. Derrick Johnson,,dcf603d3-c27a-f111-ab0f-000d3a14673b,,,2026-07-13T09:59:56Z,RECONCILIATION_REQUIRED,
Dataverse,title,e797232b-da7a-f111-ab0f-00224820105b,The Intentional Leader,The Intentional Leader,Jackie Smith Jr,,e797232b-da7a-f111-ab0f-00224820105b,,,2026-07-13T09:35:32Z,REAL_ACTIVE,
Dataverse,title,5aee90b0-9730-f111-88b4-6045bdd69738,,,,,5aee90b0-9730-f111-88b4-6045bdd69738,,,2026-04-05T03:12:56Z,RECONCILIATION_REQUIRED,
Dataverse,title,9eb5559c-9630-f111-88b4-7c1e525b15c2,,,,,9eb5559c-9630-f111-88b4-7c1e525b15c2,,,2026-04-05T02:25:03Z,RECONCILIATION_REQUIRED,
Dataverse,editorial_diagnostic,48cd0d86-f595-f111-8076-6045bdd69435,INT-PUB-005 Stage 0 Handoff — JMP-INT-202608-3W6Q6L,TIL DEATH DO US PART,Jackie Smith Jr,JMP-INT-202608-3W6Q6L,,Stage 0 / Editorial Review,Complete,2026-08-13T02:10:34Z,REAL_ACTIVE,https://jmerrillfoundation.sharepoint.com/sites/publishing/Shared%20Documents/01_Pre-Pipeline/00_Inquiry/JMP-INT-202608-3W6Q6L%20-%20Jackie%20Smith%20Jr%20-%20TIL%20DEATH%20DO%20US%20PART/01_Manuscript/Original/JMP-INT-202608-3W6Q6L%20-%20Til%20Death%20Do%20Us%20Part%20Full%20Manuscript.md
Dataverse,editorial_diagnostic,572a89ef-cd95-f111-8076-7c1e525b15c2,INT-PUB-005 Stage 0 Handoff — JMP-INT-202608-0AOS7L,Indomitable Indomitable Escaping Witchcraft and Finding My Identity in Christ,Quanisha Dockery,JMP-INT-202608-0AOS7L,,Stage 0 / Editorial Review,Pending,2026-08-13T01:50:23Z,REAL_ACTIVE,https://jmerrillfoundation.sharepoint.com/sites/publishing/Shared Documents/01_Pre-Pipeline/00_Inquiry/JMP-INT-202608-0AOS7L - Quanisha Dockery - Indomitable Indomitable Escaping Witchcraft and Finding My Identity in Christ/01_Manuscript/Original/Indomitable_Compiled_Batch1_2.docx?web=1
Dataverse,editorial_diagnostic,18cb5c53-6076-f111-ab0f-000d3a9eacee,INT-PUB-005 Stage 0 Handoff — JMP-INT-202607-0W5PTQ,INT-PUB-005 Stage 0 Handoff — JMP-INT-202607-0W5PTQ,Jackie Smith Jr,,,Stage 0 / Editorial Review,Complete,2026-08-12T11:24:22Z,RECONCILIATION_REQUIRED,https://jmerrillfoundation.sharepoint.com/sites/publishing/_layouts/15/Doc.aspx?sourcedoc=%7B369E45D0-716E-4231-964F-A2803D37B545%7D&file=JMP-INT-202607-0W5PTQ%20-%20The%20Intentional%20Leader.docx&action=default&mobileredirect=true
Dataverse,editorial_diagnostic,35059461-d589-f111-ab10-00224820105b,INT-PUB-005 Stage 0 Handoff — JMP-INT-202607-422JSZ,INT-PUB-005 Stage 0 Handoff — JMP-INT-202607-422JSZ,Atta Boateng,,,Stage 0 / Editorial Review,Complete,2026-08-12T11:24:21Z,RECONCILIATION_REQUIRED,https://jmerrillfoundation.sharepoint.com/sites/publishing/_layouts/15/Doc.aspx?sourcedoc=%7B435A3B62-EDCE-4F6F-A242-FCE0F00910B3%7D&file=JMP-INT-202607-422JSZ%20-%204TBS.docx&action=default&mobileredirect=true
Dataverse,editorial_diagnostic,77ac9e2f-6a8b-f111-ab10-7c1e525b15c2,INT-PUB-005 Stage 0 Handoff — JMP-INT-202607-3R2ETT,INT-PUB-005 Stage 0 Handoff — JMP-INT-202607-3R2ETT,Gate W1 Long Docx Synthetic,,,Stage 0 / Editorial Review,Awaiting Jackie Review,2026-07-29T16:28:17Z,SYNTHETIC,https://jmerrillfoundation.sharepoint.com/sites/publishing/_layouts/15/Doc.aspx?sourcedoc=%7BD49AC0D3-1536-4350-89AE-AAC17208D73D%7D&file=JMP-INT-202607-3R2ETT%20-%20gate-w1-synthetic-manuscript-long-20260729.docx&action=default&mobileredirect=true
Dataverse,editorial_diagnostic,9f245fc3-698b-f111-ab10-000d3a14673b,INT-PUB-005 Stage 0 Handoff — JMP-INT-202607-BUAKCY,INT-PUB-005 Stage 0 Handoff — JMP-INT-202607-BUAKCY,Gate W1 Docx Synthetic,,,Stage 0 / Editorial Review,Awaiting Jackie Review,2026-07-29T16:24:02Z,SYNTHETIC,https://jmerrillfoundation.sharepoint.com/sites/publishing/_layouts/15/Doc.aspx?sourcedoc=%7BEAB4D6DA-067E-4E6C-83EC-612A975510DA%7D&file=JMP-INT-202607-BUAKCY%20-%20gate-w1-synthetic-manuscript-20260729.docx&action=default&mobileredirect=true
Dataverse,editorial_diagnostic,860e5650-698b-f111-ab10-000d3a9eacee,INT-PUB-005 Stage 0 Handoff — JMP-INT-202607-95IAEC,GATE-W1 App Service Staging Multipart Join 1785341972350,Gate W1 Multipart Synthetic,JMP-INT-202607-95IAEC,,Stage 0 / Editorial Review,Awaiting Jackie Review,2026-07-29T16:20:05Z,SYNTHETIC,https://jmerrillfoundation.sharepoint.com/sites/publishing/Shared%20Documents/01_Pre-Pipeline/00_Inquiry/JMP-INT-202607-95IAEC%20-%20Gate%20W1%20Multipart%20Synthetic%20-%20GATE-W1%20App%20Service%20Staging%20Multipart%20Join%201785341972350/01_Manuscript/Original/JMP-INT-202607-95IAEC%20-%20gate-w1-synthetic-manuscript-20260729.pdf
Dataverse,editorial_diagnostic,d0b7f98f-688b-f111-ab10-7c1e525b15c2,INT-PUB-005 Stage 0 Handoff — JMP-INT-202607-K4LYCS,GATE-W1 App Service Staging Positive Join 1785341427544,Gate W1 Join Synthetic,JMP-INT-202607-K4LYCS,,Stage 0 / Editorial Review,Awaiting Jackie Review,2026-07-29T16:16:03Z,SYNTHETIC,https://jmerrillfoundation.sharepoint.com/sites/publishing/Shared%20Documents/01_Pre-Pipeline/00_Inquiry/JMP-INT-202607-K4LYCS%20-%20Gate%20W1%20Join%20Synthetic%20-%20GATE-W1%20App%20Service%20Staging%20Positive%20Join%201785341427544/01_Manuscript/Original/JMP-INT-202607-K4LYCS%20-%20gate-w1-synthetic-manuscript-20260729.pdf
Dataverse,editorial_diagnostic,fb886fd9-418b-f111-ab10-6045bdd69738,INT-PUB-005 Stage 0 Handoff — JMP-INT-202607-YEUSKK,INT-PUB-005 Stage 0 Handoff — JMP-INT-202607-YEUSKK,Gate W1 Synthetic,,,Stage 0 / Editorial Review,Awaiting Jackie Review,2026-07-29T11:38:18Z,SYNTHETIC,https://jmerrillfoundation.sharepoint.com/sites/publishing/_layouts/15/Doc.aspx?sourcedoc=%7BDB85BBCF-C48B-4891-81E0-5965DCCAE202%7D&file=JMP-INT-202607-YEUSKK%20-%20jm1-gate-w1-synthetic-manuscript-1200w.docx&action=default&mobileredirect=true
Dataverse,editorial_diagnostic,ded6d0fb-408b-f111-ab10-6045bdd69435,INT-PUB-005 Stage 0 Handoff — JMP-INT-202607-OYZKEI,INT-PUB-005 Stage 0 Handoff — JMP-INT-202607-OYZKEI,Gate W1 Synthetic,,,Stage 0 / Editorial Review,Awaiting Jackie Review,2026-07-29T11:32:04Z,SYNTHETIC,https://jmerrillfoundation.sharepoint.com/sites/publishing/_layouts/15/Doc.aspx?sourcedoc=%7B320A3E9D-3663-45CE-9903-70F7A1FA6300%7D&file=JMP-INT-202607-OYZKEI%20-%20jm1-gate-w1-synthetic-manuscript.docx&action=default&mobileredirect=true
Dataverse,editorial_diagnostic,f1adfde3-bd8a-f111-ab10-6045bdd69435,INT-PUB-005 Stage 0 Handoff — JMP-INT-202607-3VAMOM,INT-PUB-005 Stage 0 Handoff — JMP-INT-202607-3VAMOM,Carolyn Booker-Pierce,,,Stage 0 / Editorial Review,Awaiting Jackie Review,2026-07-28T19:52:55Z,RECONCILIATION_REQUIRED,
Dataverse,editorial_diagnostic,8d0602ad-778a-f111-ab10-6045bdd69738,INT-PUB-005 Stage 0 Handoff — JMP-INT-202607-H851LP,INT-PUB-005 Stage 0 Handoff — JMP-INT-202607-H851LP,JM1 Synthetic Intake Certification,,,Stage 0 / Editorial Review,Awaiting Jackie Review,2026-07-28T12:20:57Z,CERTIFICATION,https://jmerrillfoundation.sharepoint.com/sites/publishing/_layouts/15/Doc.aspx?sourcedoc=%7B494E7729-F31B-4E2D-B23B-20D33394D4B6%7D&file=JMP-INT-202607-H851LP%20-%20jm1-synthetic-intake-positive-certification-20260728.docx&action=default&mobileredirect=true
Dataverse,editorial_diagnostic,1a178634-dd89-f111-ab10-6045bdd69435,INT-PUB-005 Stage 0 Handoff — JMP-INT-202607-HHGW3M,JM1 Synthetic Intake Final Proof 20260727170349,JM1 SyntheticFinal20260727170349,JMP-INT-202607-HHGW3M,,Stage 0 / Editorial Review,Awaiting Jackie Review,2026-07-28T12:14:22Z,SYNTHETIC,https://jmerrillfoundation.sharepoint.com/sites/publishing/Shared%20Documents/01_Pre-Pipeline/00_Inquiry/JMP-INT-202607-HHGW3M%20-%20JM1%20SyntheticFinal20260727170349%20-%20JM1%20Synthetic%20Intake%20Final%20Proof%2020260727170349/01_Manuscript/Original/JMP-INT-202607-HHGW3M%20-%20JM1-SEV1-Synthetic-Final-Manuscript-20260727170349.pdf
Dataverse,editorial_diagnostic,b029d789-df89-f111-ab10-6045bdd69435,INT-PUB-005 Stage 0 Handoff — JMP-INT-202607-3BMEHZ,JM1 Synthetic Intake Final Proof 20260727172010,JM1 SyntheticFinal20260727172010,JMP-INT-202607-3BMEHZ,,Stage 0 / Editorial Review,Awaiting Jackie Review,2026-07-28T12:14:20Z,SYNTHETIC,https://jmerrillfoundation.sharepoint.com/sites/publishing/Shared%20Documents/01_Pre-Pipeline/00_Inquiry/JMP-INT-202607-3BMEHZ%20-%20JM1%20SyntheticFinal20260727172010%20-%20JM1%20Synthetic%20Intake%20Final%20Proof%2020260727172010/01_Manuscript/Original/JMP-INT-202607-3BMEHZ%20-%20JM1-SEV1-Synthetic-Final-Manuscript-20260727172010.pdf
Dataverse,editorial_diagnostic,45a30359-e189-f111-ab10-00224820105b,INT-PUB-005 Stage 0 Handoff — JMP-INT-202607-AMDO4I,JM1 Synthetic Intake Restored Proof 20260727173332,JM1 SyntheticRestored20260727173332,JMP-INT-202607-AMDO4I,,Stage 0 / Editorial Review,Awaiting Jackie Review,2026-07-28T12:14:06Z,SYNTHETIC,https://jmerrillfoundation.sharepoint.com/sites/publishing/Shared%20Documents/01_Pre-Pipeline/00_Inquiry/JMP-INT-202607-AMDO4I%20-%20JM1%20SyntheticRestored20260727173332%20-%20JM1%20Synthetic%20Intake%20Restored%20Proof%2020260727173332/01_Manuscript/Original/JMP-INT-202607-AMDO4I%20-%20JM1-SEV1-Synthetic-Restored-Manuscript-20260727173332.pdf
Dataverse,editorial_diagnostic,917b60d1-e189-f111-ab10-7c1e525b15c2,INT-PUB-005 Stage 0 Handoff — JMP-INT-202607-Z8G8Y0,JM1 Duplicate Proof 20260727173641,JM1 Duplicate20260727173641,JMP-INT-202607-Z8G8Y0,,Stage 0 / Editorial Review,Awaiting Jackie Review,2026-07-28T12:14:04Z,DUPLICATE,https://jmerrillfoundation.sharepoint.com/sites/publishing/Shared%20Documents/01_Pre-Pipeline/00_Inquiry/JMP-INT-202607-Z8G8Y0%20-%20JM1%20Duplicate20260727173641%20-%20JM1%20Duplicate%20Proof%2020260727173641/01_Manuscript/Original/JMP-INT-202607-Z8G8Y0%20-%20JM1-SEV1-Duplicate-20260727173641.pdf
Dataverse,editorial_diagnostic,c2c2f24c-db89-f111-ab0f-70a8a58dd8b8,INT-PUB-005 Stage 0 Handoff — JMP-INT-202607-P79YWB,INT-PUB-005 Stage 0 Handoff — JMP-INT-202607-P79YWB,JM1 SyntheticFetch20260727165010,,,Stage 0 / Editorial Review,Awaiting Jackie Review,2026-07-27T16:50:47Z,SYNTHETIC,
Dataverse,editorial_diagnostic,9c8d31d5-da89-f111-ab10-00224820105b,INT-PUB-005 Stage 0 Handoff — JMP-INT-202607-DM8F79,INT-PUB-005 Stage 0 Handoff — JMP-INT-202607-DM8F79,JM1 SyntheticIntake20260727164554,,,Stage 0 / Editorial Review,Awaiting Jackie Review,2026-07-27T16:47:31Z,SYNTHETIC,
Dataverse,editorial_diagnostic,c1be2184-d989-f111-ab10-000d3a9eacee,INT-PUB-005 Stage 0 Handoff — JMP-INT-202607-C3L2SG,INT-PUB-005 Stage 0 Handoff — JMP-INT-202607-C3L2SG,JM1 SyntheticIntake20260727163730,,,Stage 0 / Editorial Review,Awaiting Jackie Review,2026-07-27T16:38:07Z,SYNTHETIC,
Dataverse,editorial_diagnostic,e71ea2ef-3b7c-f111-ab0f-6045bdd69435,INT-PUB-005 Stage 0 Handoff — JMP-INT-202607-LQPHEK,INT-PUB-005 Stage 0 Handoff — JMP-INT-202607-LQPHEK,Sean Crowley,,,Stage 0 / Editorial Review,Awaiting Jackie Review,2026-07-10T08:47:14Z,RECONCILIATION_REQUIRED,
Dataverse,editorial_diagnostic,cc32d83c-5376-f111-ab0f-000d3a14673b,INT-PUB-005 Stage 0 Handoff — JMP-INT-202607-OXIZZP,INT-PUB-005 Stage 0 Handoff — JMP-INT-202607-OXIZZP,Jackie Smith Jr,,,Stage 0 / Editorial Review,Awaiting Jackie Review,2026-07-02T20:19:00Z,RECONCILIATION_REQUIRED,
Dataverse,editorial_diagnostic,67af5a45-5076-f111-ab0f-6045bdd69738,INT-PUB-005 Stage 0 Handoff — JMP-INT-202607-6BO5Z5,INT-PUB-005 Stage 0 Handoff — JMP-INT-202607-6BO5Z5,Jackie Smith Jr,,,Stage 0 / Editorial Review,Awaiting Jackie Review,2026-07-02T19:57:46Z,RECONCILIATION_REQUIRED,
Dataverse,editorial_diagnostic,2400458a-1f76-f111-ab0f-000d3a14673b,INT-PUB-005 Stage 0 Handoff — JMP-INT-202607-14G8DT,INT-PUB-005 Stage 0 Handoff — JMP-INT-202607-14G8DT,Jackie Smith Jr,,,Stage 0 / Editorial Review,Awaiting Jackie Review,2026-07-02T14:08:55Z,RECONCILIATION_REQUIRED,
Dataverse,editorial_diagnostic,561ffec7-1d76-f111-ab0f-7c1e525b15c2,INT-PUB-005 Stage 0 Handoff — JMP-INT-202607-SJ8K0P,INT-PUB-005 Stage 0 Handoff — JMP-INT-202607-SJ8K0P,Jackie Smith Jr,,,Stage 0 / Editorial Review,Awaiting Jackie Review,2026-07-02T13:56:16Z,RECONCILIATION_REQUIRED,
Dataverse,editorial_diagnostic,9766f8d8-3d4b-f111-bec7-00224820105b,TEST — Reusable Editorial Diagnostic Shell,TEST — Reusable Editorial Diagnostic Shell,,,,Stage 0 / Editorial Review,Awaiting Jackie Review,2026-07-02T12:23:03Z,TEST,
Dataverse,editorial_diagnostic,6490a7de-b868-f111-a826-000d3a14673b,INT-PUB-005 Stage 0 Handoff — TEST-FLOWD-GATE-003,INT-PUB-005 Stage 0 Handoff — TEST-FLOWD-GATE-003,,,,Stage 0 / Editorial Review,Awaiting Jackie Review,2026-07-02T12:23:02Z,TEST,
Dataverse,editorial_diagnostic,0e744c11-5969-f111-a826-00224820105b,INT-PUB-005 Stage 0 Handoff - Runner Contract Test,Runner Contract Test,,,,Stage 0 / Editorial Review,Awaiting Jackie Review,2026-07-02T12:23:02Z,TEST,https://jmerrill.sharepoint.com/sites/PublishingTeam/Documents/01_Pre-Pipeline/01_Manuscript-Review/00_Intake-Manuscripts/JMP-INT-202606-IP82OF/Original/test-manuscript-placeholder.docx
Dataverse,editorial_diagnostic,d44a9ea2-726f-f111-ab0d-6045bdd69678,INT-PUB-005 Stage 0 Handoff — JMP-INT-202606-BA2HX9,INT-PUB-005 Stage 0 Handoff — JMP-INT-202606-BA2HX9,jackie test,,,Stage 0 / Editorial Review,Awaiting Jackie Review,2026-07-02T12:23:02Z,TEST,
Dataverse,editorial_diagnostic,e8b8c5be-5768-f111-a826-7c1e525b15c2,INT-PUB-005 Stage 0 Handoff — JMP-INT-202606-IP82OF,INT-PUB-005 Stage 0 Handoff — JMP-INT-202606-IP82OF,Jackie Stage0Test,,,Stage 0 / Editorial Review,Pending,2026-07-02T12:23:02Z,RECONCILIATION_REQUIRED,
Dataverse,editorial_diagnostic,7ca609a6-ae68-f111-a826-7c1e525b15c2,INT-PUB-005 Stage 0 Handoff — TEST-FLOWD-GATE-002,INT-PUB-005 Stage 0 Handoff — TEST-FLOWD-GATE-002,,,,Stage 0 / Editorial Review,Awaiting Jackie Review,2026-07-02T12:23:02Z,TEST,
Dataverse,editorial_diagnostic,aa3858a7-6875-f111-ab0f-000d3a14673b,INT-PUB-005 Stage 0 Handoff — JMP-INT-202607-DL2T20,INT-PUB-005 Stage 0 Handoff — JMP-INT-202607-DL2T20,Iyorwuese Hagher,,,Stage 0 / Editorial Review,Awaiting Jackie Review,2026-07-01T16:19:58Z,RECONCILIATION_REQUIRED,
Dataverse,editorial_diagnostic,64e387e0-7e6a-f111-a826-00224820105b,INT-PUB-005 Stage 0 Handoff — JMP-INT-202606-UFYG6O,INT-PUB-005 Stage 0 Handoff — JMP-INT-202606-UFYG6O,Jackie Smith Jr,,,Stage 0 / Editorial Review,Jackie Approved,2026-07-01T14:37:03Z,RECONCILIATION_REQUIRED,"https://jmerrillfoundation.sharepoint.com/:w:/r/sites/publishing/Shared%20Documents/02_Active-Pipeline/04_Editorial/Smith,%20Jackie%20Establishing%20Glory-%20The%20Library/02-MANUSCRIPT/240711%20Establishing%20Glory.docx?d=w6d2eb9081c4e496bac20809b41fc4ca1&e=4%3a032bf14f908044b697eacfa056a57f7c&sharingv2=true&fromShare=true&at=9"
Dataverse,editorial_diagnostic,59fa8747-ad68-f111-a826-7c1e525b15c2,INT-PUB-005 Stage 0 Handoff — TEST-FLOWD-GATE-001,INT-PUB-005 Stage 0 Handoff — TEST-FLOWD-GATE-001,,,,Stage 0 / Editorial Review,Pending,2026-06-15T11:36:24Z,TEST,
Dataverse,editorial_diagnostic,9bc3f43a-ad68-f111-a826-000d3a14673b,INT-PUB-005 Stage 0 Handoff — TEST-FLOWD-GATE-001,INT-PUB-005 Stage 0 Handoff — TEST-FLOWD-GATE-001,,,,Stage 0 / Editorial Review,Pending,2026-06-15T11:27:56Z,TEST,
Dataverse,editorial_stage,5dd2d5b5-f595-f111-8076-000d3a14673b,Editorial Review - 'TIL DEATH DO US PART,'TIL DEATH DO US PART,"Jackie Smith, Jr.",JMP-INT-202608-3W6Q6L,f79006b7-f595-f111-8076-00224820105b,Stage 0 / Editorial Review,In Progress,2026-08-12T02:30:03Z,REAL_ACTIVE,
Dataverse,editorial_stage,c9dee533-4184-f111-ab0f-7c1e525b15c2,"Interior Layout Release Exception - The Intentional Leader, Volume I","Interior Layout Release Exception - The Intentional Leader, Volume I",Jackie Smith Jr,JMP-INT-202607-0W5PTQ,e797232b-da7a-f111-ab0f-00224820105b,Editorial Internal QA,Complete,2026-08-10T03:33:33Z,REAL_ACTIVE,
Dataverse,editorial_stage,a086e9f2-418b-f111-ab10-6045bdd69738,Editorial Review - GATE-W1 Synthetic Recommendation Manuscript 20260729,GATE-W1 Synthetic Recommendation Manuscript 20260729,Gate W1 Synthetic,JMP-INT-202607-YEUSKK,48e831f0-418b-f111-ab10-000d3a1a9efa,Stage 0 / Editorial Review,In Progress,2026-08-06T19:40:02Z,SYNTHETIC,
Dataverse,editorial_stage,c2799c31-8f80-f111-ab0f-00224820105b,Developmental Editing - The General’s Will and Last Testament,The General’s Will and Last Testament,Iyorwuese Hagher,JMP-INT-202607-DL2T20,2d21ab5b-4d80-f111-ab0f-7c1e525b15c2,Developmental Editing,In Progress,2026-08-04T13:45:06Z,REAL_ACTIVE,
Dataverse,editorial_stage,12d961fc-0f85-f111-ab0f-00224820105b,Developmental Editing - The Long Watch,The Long Watch,,JMP-INT-202607-6R2MPZ,a69b9dfa-bb7b-f111-ab0f-7c1e525b15c2,Developmental Editing,In Progress,2026-08-02T11:48:36Z,REAL_ACTIVE,
Dataverse,editorial_stage,3362a1cb-1984-f111-ab0f-000d3a14673b,Developmental Editing - Establishing Glory: The Library,Establishing Glory: The Library,,JMP-INT-202606-UFYG6O,f1908dc9-5775-f111-ab0f-6045bdd69435,Developmental Editing,In Progress,2026-08-02T11:42:53Z,REAL_ACTIVE,
Dataverse,editorial_stage,88189235-8f80-f111-ab0f-6045bdd69435,Developmental Editing - Before You Were Born,Before You Were Born,Sean Crowley,JMP-INT-202607-LQPHEK,91c5e1ef-2980-f111-ab0f-7c1e525b15c2,Developmental Editing,Author Review,2026-08-02T11:00:22Z,REAL_ACTIVE,
Dataverse,editorial_stage,8face475-8f80-f111-ab0f-00224820105b,Editorial Review - The Long Watch,The Long Watch,Jackie Smith Jr,JMP-INT-202607-6R2MPZ,a69b9dfa-bb7b-f111-ab0f-7c1e525b15c2,Stage 0 / Editorial Review,Author Review,2026-08-02T05:07:40Z,REAL_ACTIVE,
Dataverse,editorial_stage,0f461175-6a8b-f111-ab0f-7ced8dce6fda,Editorial Review - GATE-W1 App Service Staging Long DOCX Join 1785342346355,GATE-W1 App Service Staging Long DOCX Join 1785342346355,Gate W1 Long Docx Synthetic,JMP-INT-202607-3R2ETT,11590673-6a8b-f111-ab10-7c1e525b15c2,Stage 0 / Editorial Review,In Progress,2026-07-30T19:00:03Z,SYNTHETIC,
Dataverse,editorial_stage,ca94b1e7-698b-f111-ab10-00224820105b,Editorial Review - GATE-W1 App Service Staging DOCX Join 1785342161378,GATE-W1 App Service Staging DOCX Join 1785342161378,Gate W1 Docx Synthetic,JMP-INT-202607-BUAKCY,7a8102e6-698b-f111-ab10-7c1e525b15c2,Stage 0 / Editorial Review,In Progress,2026-07-30T18:50:03Z,SYNTHETIC,
Dataverse,editorial_stage,8a5f8856-698b-f111-ab10-00224820105b,Editorial Review - GATE-W1 App Service Staging Multipart Join 1785341972350,GATE-W1 App Service Staging Multipart Join 1785341972350,Gate W1 Multipart Synthetic,JMP-INT-202607-95IAEC,a31f2e58-698b-f111-ab0f-7ced8dce6fda,Stage 0 / Editorial Review,In Progress,2026-07-30T18:40:04Z,SYNTHETIC,
Dataverse,editorial_stage,1fbba2c8-688b-f111-ab10-000d3a14673b,Editorial Review - GATE-W1 App Service Staging Positive Join 1785341427544,GATE-W1 App Service Staging Positive Join 1785341427544,Gate W1 Join Synthetic,JMP-INT-202607-K4LYCS,8bcc42c8-688b-f111-ab10-7c1e525b15c2,Stage 0 / Editorial Review,In Progress,2026-07-30T18:30:03Z,SYNTHETIC,
Dataverse,editorial_stage,cb68c994-fd89-f111-ab10-00224820105b,Editorial Review - Untitled,Untitled,Atta Boateng,JMP-INT-202607-422JSZ,ca68c994-fd89-f111-ab10-00224820105b,Stage 0 / Editorial Review,In Progress,2026-07-30T18:10:03Z,RECONCILIATION_REQUIRED,
Dataverse,editorial_stage,0b2f281c-418b-f111-ab10-000d3a1a9efa,Editorial Review - GATE-W1 Synthetic Certification Manuscript 20260729,GATE-W1 Synthetic Certification Manuscript 20260729,Gate W1 Synthetic,JMP-INT-202607-OYZKEI,7f9b991c-418b-f111-ab10-7c1e525b15c2,Stage 0 / Editorial Review,In Progress,2026-07-30T18:10:02Z,CERTIFICATION,
Dataverse,editorial_stage,e6043d8c-4989-f111-ab10-7c1e525b15c2,Preview Proof Stage A - PR337-PREVIEW-AUTHOR-ISOLATION-2026-07-26T23-27-28-027Z,Preview Proof Stage A - PR337-PREVIEW-AUTHOR-ISOLATION-2026-07-26T23-27-28-027Z,,,81c81786-4889-f111-ab10-000d3a14673b,Proofreading,Author Review,2026-07-28T14:24:07Z,TEST,
Dataverse,editorial_stage,2c14e08d-4a89-f111-ab10-000d3a1a9efa,JM1 Preview Synthetic Stage B,JM1 Preview Synthetic Stage B,JM1 Preview Author B,PR337-PREVIEW-B,8de10c93-4a89-f111-ab10-7c1e525b15c2,Proofreading,Author Review,2026-07-28T14:24:06Z,SYNTHETIC,
Dataverse,editorial_stage,5a12b9e0-7a8a-f111-ab10-000d3a9eacee,Editorial Review - JM1 Synthetic Intake Final Proof 20260727170349,JM1 Synthetic Intake Final Proof 20260727170349,JM1 SyntheticFinal20260727170349,JMP-INT-202607-HHGW3M,17b02bdb-7a8a-f111-ab10-6045bdd69678,Stage 0 / Editorial Review,In Progress,2026-07-28T12:00:42Z,SYNTHETIC,
Dataverse,editorial_stage,e97890db-7a8a-f111-ab10-000d3a14673b,Editorial Review - JM1 Duplicate Proof 20260727173641,JM1 Duplicate Proof 20260727173641,JM1 Duplicate20260727173641,JMP-INT-202607-Z8G8Y0,39515cd9-7a8a-f111-ab10-000d3a1a9efa,Stage 0 / Editorial Review,In Progress,2026-07-28T12:00:41Z,DUPLICATE,
Dataverse,editorial_stage,0fb02bdb-7a8a-f111-ab10-6045bdd69678,Editorial Review - JM1 Synthetic Intake Restored Proof 20260727173332,JM1 Synthetic Intake Restored Proof 20260727173332,JM1 SyntheticRestored20260727173332,JMP-INT-202607-AMDO4I,f2af2bdb-7a8a-f111-ab10-6045bdd69678,Stage 0 / Editorial Review,In Progress,2026-07-28T12:00:41Z,SYNTHETIC,
Dataverse,editorial_stage,07e8ffda-7a8a-f111-ab10-6045bdd69738,Editorial Review - JM1 Synthetic Intake Final Proof 20260727172010,JM1 Synthetic Intake Final Proof 20260727172010,JM1 SyntheticFinal20260727172010,JMP-INT-202607-3BMEHZ,14b02bdb-7a8a-f111-ab10-6045bdd69678,Stage 0 / Editorial Review,In Progress,2026-07-28T12:00:41Z,SYNTHETIC,
Dataverse,editorial_stage,11f3f9f8-4c81-f111-ab0f-7c1e525b15c2,"Proofreading - The Intentional Leader, Volume I","The Intentional Leader, Volume I","Jackie Smith, Jr.",JMP-INT-202607-0W5PTQ,e797232b-da7a-f111-ab0f-00224820105b,Proofreading,Complete,2026-07-20T13:45:01Z,REAL_ACTIVE,
Dataverse,editorial_stage,e0e2e9ee-0883-f111-ab0f-000d3a14673b,,,,,,,Author Review,2026-07-19T13:29:29Z,RECONCILIATION_REQUIRED,
Dataverse,editorial_stage,cf06664b-ce80-f111-ab0f-7c1e525b15c2,"Copyediting - The Intentional Leader, Volume I","The Intentional Leader, Volume I","Jackie Smith, Jr.",JMP-INT-202607-0W5PTQ,e797232b-da7a-f111-ab0f-00224820105b,Copyediting,Complete,2026-07-16T19:31:44Z,REAL_ACTIVE,
Dataverse,editorial_stage,a7713ff3-1e80-f111-ab0f-6045bdd69678,"Line Editing - The Intentional Leader, Volume I","The Intentional Leader, Volume I",Jackie Smith Jr,,e797232b-da7a-f111-ab0f-00224820105b,Line Editing,Complete,2026-07-16T04:25:04Z,REAL_ACTIVE,
Dataverse,editorial_stage,24817d5a-4d80-f111-ab0f-6045bdd69435,Editorial Review - The General’s Will and Last Testament,The General’s Will and Last Testament,Iyorwuese Hagher,JMP-INT-202607-DL2T20,2d21ab5b-4d80-f111-ab0f-7c1e525b15c2,Stage 0 / Editorial Review,Complete,2026-07-15T20:52:20Z,REAL_ACTIVE,
Dataverse,editorial_stage,a20ec2b3-4d80-f111-ab0f-6045bdd69435,Editorial Review - Establishing Glory: The Library,Establishing Glory: The Library,"Jackie Smith, Jr.",JMP-INT-202606-UFYG6O,f1908dc9-5775-f111-ab0f-6045bdd69435,Stage 0 / Editorial Review,Complete,2026-07-15T20:52:20Z,REAL_ACTIVE,
Dataverse,editorial_stage,624a5e5f-4d80-f111-ab0f-6045bdd69738,Editorial Review - Before You Were Born,Before You Were Born,Sean Crowley,JMP-INT-202607-LQPHEK,91c5e1ef-2980-f111-ab0f-7c1e525b15c2,Stage 0 / Editorial Review,Complete,2026-07-15T20:52:19Z,REAL_ACTIVE,
Dataverse,editorial_stage,d8dc4dd3-fb7b-f111-ab0f-6045bdd69435,"Developmental Editing - The Intentional Leader, Volume I","The Intentional Leader, Volume I",Jackie Smith Jr,,e797232b-da7a-f111-ab0f-00224820105b,Developmental Editing,Complete,2026-07-15T07:30:17Z,REAL_ACTIVE,
Dataverse,editorial_stage,cbdc862e-da7a-f111-ab0f-000d3a14673b,Editorial Review - The Intentional Leader,The Intentional Leader,Jackie Smith Jr,JMP-INT-202607-0W5PTQ,e797232b-da7a-f111-ab0f-00224820105b,Stage 0 / Editorial Review,Complete,2026-07-10T01:08:14Z,REAL_ACTIVE,
Dataverse,approval_gate,576b9a51-688e-f111-8077-7c1e525b15c2,Developmental Editing Author Review - The General’s Will and Last Testament,The General’s Will and Last Testament,,,2d21ab5b-4d80-f111-ab0f-7c1e525b15c2,Author Approval Gate,Ready for Author Review,2026-08-11T11:23:46Z,REAL_ACTIVE,
Dataverse,approval_gate,5141f7db-0a8e-f111-8077-00224820105b,A7 Interior Layout Author Review - The Intentional Leader,A7 Interior Layout Author Review - The Intentional Leader,,,e797232b-da7a-f111-ab0f-00224820105b,Author Approval Gate,Approved,2026-08-10T03:33:33Z,REAL_ACTIVE,
Dataverse,approval_gate,899ef3cd-fb7b-f111-ab0f-7c1e525b15c2,"A2 Developmental Completion - The Intentional Leader, Volume I","A2 Developmental Completion - The Intentional Leader, Volume I",,,e797232b-da7a-f111-ab0f-00224820105b,Author Approval Gate,Approved,2026-08-09T23:45:43Z,REAL_ACTIVE,
Dataverse,approval_gate,b1c48e1d-e57d-f111-ab0f-00224820105b,"A2 Developmental Review Package - The Intentional Leader, Volume I","A2 Developmental Review Package - The Intentional Leader, Volume I",,,e797232b-da7a-f111-ab0f-00224820105b,Author Approval Gate,Approved,2026-08-09T23:45:42Z,REAL_ACTIVE,
Dataverse,approval_gate,be079017-0983-f111-ab0f-000d3a14673b,A5 Proofreading Completion - The Intentional Leader Volume I,A5 Proofreading Completion - The Intentional Leader Volume I,,,e797232b-da7a-f111-ab0f-00224820105b,Author Approval Gate,Approved,2026-08-09T23:45:41Z,REAL_ACTIVE,
Dataverse,approval_gate,f79d9b13-688e-f111-8077-000d3a14673b,Developmental Editing Author Review - The Long Watch,The Long Watch,,,a69b9dfa-bb7b-f111-ab0f-7c1e525b15c2,Author Approval Gate,Ready for Author Review,2026-08-02T11:48:36Z,REAL_ACTIVE,
Dataverse,approval_gate,b2fdf644-678e-f111-8077-00224820105b,Developmental Editing Author Review - Establishing Glory: The Library,Establishing Glory: The Library,,,f1908dc9-5775-f111-ab0f-6045bdd69435,Author Approval Gate,Ready for Author Review,2026-08-02T11:42:52Z,REAL_ACTIVE,
Dataverse,approval_gate,e996abe7-2f8e-f111-8077-000d3a14673b,Developmental Editing Author Review - Before You Were Born,Before You Were Born,,,91c5e1ef-2980-f111-ab0f-7c1e525b15c2,Author Approval Gate,Ready for Author Review,2026-08-02T11:00:22Z,REAL_ACTIVE,
Dataverse,approval_gate,0fddf310-308e-f111-8077-6045bdd69738,Developmental Editing Author Review - The Long Watch,The Long Watch,,,a69b9dfa-bb7b-f111-ab0f-7c1e525b15c2,Author Approval Gate,Awaiting Author Response,2026-08-02T05:07:40Z,REAL_ACTIVE,
Dataverse,approval_gate,a74b0513-4c8b-f111-ab10-6045bdd69738,GATE-W1 AOC Synthetic Author Review Gate,GATE-W1 AOC Synthetic Author Review Gate,,,48e831f0-418b-f111-ab10-000d3a1a9efa,Author Approval Gate,Ready for Author Review,2026-07-29T12:50:29Z,SYNTHETIC,
Dataverse,approval_gate,8b9bc945-6f89-f111-ab10-000d3a9eacee,JM1 Preview Synthetic Gate B,JM1 Preview Synthetic Gate B,,,8de10c93-4a89-f111-ab10-7c1e525b15c2,Author Approval Gate,Awaiting Author Response,2026-07-27T03:57:26Z,SYNTHETIC,
Dataverse,approval_gate,8a6f4646-6f89-f111-ab10-000d3a14673b,JM1 Preview Synthetic Gate A,JM1 Preview Synthetic Gate A,,,81c81786-4889-f111-ab10-000d3a14673b,Author Approval Gate,Awaiting Author Response,2026-07-27T03:57:25Z,SYNTHETIC,
Dataverse,approval_gate,67396131-da7a-f111-ab0f-00224820105b,A1 Editorial Review Acceptance - The Intentional Leader,A1 Editorial Review Acceptance - The Intentional Leader,,,e797232b-da7a-f111-ab0f-00224820105b,Author Approval Gate,Publisher Override,2026-07-20T07:12:34Z,REAL_ACTIVE,
Dataverse,approval_gate,ca4994e3-ea80-f111-ab0f-7c1e525b15c2,A4 Copyediting Completion - The Intentional Leader Volume I,A4 Copyediting Completion - The Intentional Leader Volume I,,,e797232b-da7a-f111-ab0f-00224820105b,Author Approval Gate,Approved,2026-07-16T19:31:44Z,REAL_ACTIVE,
Dataverse,approval_gate,b4b734a6-bd80-f111-ab0f-00224820105b,A3 Line Editing Completion - The Intentional Leader Volume I,A3 Line Editing Completion - The Intentional Leader Volume I,,,e797232b-da7a-f111-ab0f-00224820105b,Author Approval Gate,Approved,2026-07-16T04:25:02Z,REAL_ACTIVE,
Dataverse,editorial_artifact,43131113-4c94-f111-8076-000d3a14673b,intentional-leader-final-pagination-corrected-proof-2026-08-03-v1,The Intentional Leader,,,e797232b-da7a-f111-ab0f-00224820105b,Proof Package,Approved,2026-08-10T03:33:33Z,REAL_ACTIVE,01_Titles/06_Production/02_Interior-Layout/JMP-INT-202607-0W5PTQ - Jackie Smith Jr - The Intentional Leader/2026-08-03_Final-Pagination-Corrected-Interior-Layout-Author-Approval/The_Intentional_Leader_-_Corrected_Interior_Layout_Proof.pdf
Dataverse,editorial_artifact,5d76feda-0a8e-f111-8077-000d3a14673b,Interior Layout Author Review Proof - The Intentional Leader,The Intentional Leader,,,e797232b-da7a-f111-ab0f-00224820105b,Layout Approval Package,Superseded,2026-08-09T23:43:16Z,REAL_ACTIVE,01_Titles/06_Production/02_Interior-Layout/JMP-INT-202607-0W5PTQ - Jackie Smith Jr - The Intentional Leader/2026-08-02_Corrected-Interior-Layout-Author-Review-Package/The-Intentional-Leader-Interior-Layout-Author-Review-Proof.pdf
Dataverse,editorial_artifact,a40b070b-b384-f111-ab0f-00224820105b,Package Manifest v2 - Developmental Editing - The General’s Will and Last Testament,The General’s Will and Last Testament,,,2d21ab5b-4d80-f111-ab0f-7c1e525b15c2,,Delivered,2026-08-02T11:50:00Z,REAL_ACTIVE,https://jmerrillfoundation.sharepoint.com/sites/publishing/Shared%20Documents/01_Titles/02_Developmental-Editing/JMP-INT-202607-DL2T20%20-%20Iyorwuese%20Hagher%20-%20The%20General%27s%20Will%20and%20Last%20Testament/02_Manuscript/2026-08-02-Developmental-Editing-The-General-s-Will-and-Last-Testament-Package-Manifest-v2.json
Dataverse,editorial_artifact,191edf0a-1285-f111-ab0f-000d3a14673b,Package Manifest v2 - Developmental Editing - The Long Watch,The Long Watch,,,a69b9dfa-bb7b-f111-ab0f-7c1e525b15c2,,Delivered,2026-08-02T11:47:44Z,REAL_ACTIVE,https://jmerrillfoundation.sharepoint.com/sites/publishing/Shared%20Documents/01_Titles/01_Editorial-Review/JMP-INT-202607-6R2MPZ%20-%20Jackie%20Smith%20Jr%20-%20The%20Long%20Watch/01_Manuscript/2026-08-02-Developmental-Editing-The-Long-Watch-Package-Manifest-v2.json
Dataverse,editorial_artifact,78825683-b784-f111-ab0f-00224820105b,Package Manifest v2 - Developmental Editing - Establishing Glory: The Library,Establishing Glory: The Library,,,f1908dc9-5775-f111-ab0f-6045bdd69435,,Delivered,2026-08-02T11:40:04Z,REAL_ACTIVE,"https://jmerrillfoundation.sharepoint.com/sites/publishing/Shared%20Documents/02_Active-Pipeline/01_Onboarding/Smith,%20Jackie%20Establishing%20Glory-%20The%20Library/02-MANUSCRIPT/2026-08-02-Developmental-Editing-Establishing-Glory-The-Library-Package-Manifest-v2.json"
Dataverse,editorial_artifact,f29e9aab-1085-f111-ab0f-00224820105b,Developmentally Edited Manuscript - Developmental Editing - The Long Watch,The Long Watch,,,a69b9dfa-bb7b-f111-ab0f-7c1e525b15c2,,Delivered,2026-08-02T11:31:05Z,REAL_ACTIVE,https://jmerrillfoundation.sharepoint.com/sites/publishing/_layouts/15/Doc.aspx?sourcedoc=%7B1375C579-7C21-419E-ADB1-35E71CDF8DBE%7D&file=2026-07-21-Developmental-Editing-The-Long-Watch-Developmentally-Edited-Manuscript.docx&action=default&mobileredirect=true
Dataverse,editorial_artifact,fa8fbcad-1085-f111-ab0f-6045bdd69678,Developmental Memo - Developmental Editing - The Long Watch,The Long Watch,,,a69b9dfa-bb7b-f111-ab0f-7c1e525b15c2,,Delivered,2026-08-02T11:31:05Z,REAL_ACTIVE,https://jmerrillfoundation.sharepoint.com/sites/publishing/_layouts/15/Doc.aspx?sourcedoc=%7BB859000D-FC94-4493-9F57-AB2D9ECEA7DD%7D&file=2026-07-21-Developmental-Editing-The-Long-Watch-Developmental-Memo.docx&action=default&mobileredirect=true
Dataverse,editorial_artifact,a606a47c-b784-f111-ab0e-00224834734e,Developmental Memo - Developmental Editing - Establishing Glory: The Library,Establishing Glory: The Library,,,f1908dc9-5775-f111-ab0f-6045bdd69435,,Delivered,2026-08-02T11:31:04Z,REAL_ACTIVE,https://jmerrillfoundation.sharepoint.com/sites/publishing/_layouts/15/Doc.aspx?sourcedoc=%7B0C7B180B-90B2-4B72-82E6-6270C93C5485%7D&file=2026-07-21-Developmental-Editing-Establishing-Glory-The-Library-Developmental-Memo.docx&action=default&mobileredirect=true
Dataverse,editorial_artifact,cda5edf7-2c84-f111-ab0f-6045bdd69678,Developmental Memo - Developmental Editing - The General’s Will and Last Testament,The General’s Will and Last Testament,,,2d21ab5b-4d80-f111-ab0f-7c1e525b15c2,,Delivered,2026-08-02T11:31:03Z,REAL_ACTIVE,https://jmerrillfoundation.sharepoint.com/sites/publishing/_layouts/15/Doc.aspx?sourcedoc=%7B714BB594-6F19-47E6-A900-61F2E245A4B3%7D&file=2026-07-21-Developmental-Editing-The-General-s-Will-and-Last-Testament-Developmental-Memo.docx&action=default&mobileredirect=true
Dataverse,editorial_artifact,cb07ca7d-b784-f111-ab0f-6045bdd69678,Developmentally Edited Manuscript - Developmental Editing - Establishing Glory: The Library,Establishing Glory: The Library,,,f1908dc9-5775-f111-ab0f-6045bdd69435,,Delivered,2026-08-02T11:31:03Z,REAL_ACTIVE,https://jmerrillfoundation.sharepoint.com/sites/publishing/_layouts/15/Doc.aspx?sourcedoc=%7B58DCDD4C-8F23-418C-B754-5616E6A218B3%7D&file=2026-07-21-Developmental-Editing-Establishing-Glory-The-Library-Developmentally-Edited-Manuscript.docx&action=default&mobileredirect=true
Dataverse,editorial_artifact,7edc7db9-4484-f111-ab0f-7c1e525b15c2,Developmentally Edited Manuscript - Developmental Editing - The General’s Will and Last Testament,The General’s Will and Last Testament,,,2d21ab5b-4d80-f111-ab0f-7c1e525b15c2,,Delivered,2026-08-02T11:31:02Z,REAL_ACTIVE,https://jmerrillfoundation.sharepoint.com/sites/publishing/_layouts/15/Doc.aspx?sourcedoc=%7BFBED7434-25A6-4AAD-9F52-27ED0BDC3BF9%7D&file=2026-07-21-Developmental-Editing-The-General-s-Will-and-Last-Testament-Developmentally-Edited-Manuscript.docx&action=default&mobileredirect=true
Dataverse,editorial_artifact,368d06d1-648e-f111-8077-6045bdd69738,Author Cover Message - Developmental Editing - The Long Watch,The Long Watch,,,a69b9dfa-bb7b-f111-ab0f-7c1e525b15c2,,Delivered,2026-08-02T11:25:14Z,REAL_ACTIVE,/01_Titles/01_Editorial-Review/JMP-INT-202607-6R2MPZ - Jackie Smith Jr - The Long Watch/01_Manuscript/2026-08-02-Developmental-Editing-The-Long-Watch-author-cover-message.txt
Dataverse,editorial_artifact,6d24f6ce-648e-f111-8077-7c1e525b15c2,Author Response Mechanism - Developmental Editing - The Long Watch,The Long Watch,,,a69b9dfa-bb7b-f111-ab0f-7c1e525b15c2,,Delivered,2026-08-02T11:25:13Z,REAL_ACTIVE,/01_Titles/01_Editorial-Review/JMP-INT-202607-6R2MPZ - Jackie Smith Jr - The Long Watch/01_Manuscript/2026-08-02-Developmental-Editing-The-Long-Watch-author-response-mechanism.txt
Dataverse,editorial_artifact,358d06d1-648e-f111-8077-6045bdd69738,Author Cover Message - Developmental Editing - Establishing Glory: The Library,Establishing Glory: The Library,,,f1908dc9-5775-f111-ab0f-6045bdd69435,,Delivered,2026-08-02T11:25:12Z,REAL_ACTIVE,/01_Titles/02_Developmental-Editing/JMP-INT-202606-UFYG6O - Jackie Smith Jr - Establishing Glory The Library/02_Manuscript/2026-08-02-Developmental-Editing-Establishing-Glory-The-Library-author-cover-message.txt
Dataverse,editorial_artifact,6b24f6ce-648e-f111-8077-7c1e525b15c2,Author Response Mechanism - Developmental Editing - Establishing Glory: The Library,Establishing Glory: The Library,,,f1908dc9-5775-f111-ab0f-6045bdd69435,,Delivered,2026-08-02T11:25:12Z,REAL_ACTIVE,/01_Titles/02_Developmental-Editing/JMP-INT-202606-UFYG6O - Jackie Smith Jr - Establishing Glory The Library/02_Manuscript/2026-08-02-Developmental-Editing-Establishing-Glory-The-Library-author-response-mechanism.txt
Dataverse,editorial_artifact,415b26cf-648e-f111-8077-6045bdd69435,Package Manifest v2 - Developmental Editing - Establishing Glory: The Library,Establishing Glory: The Library,,,f1908dc9-5775-f111-ab0f-6045bdd69435,,Delivered,2026-08-02T11:25:11Z,REAL_ACTIVE,/01_Titles/02_Developmental-Editing/JMP-INT-202606-UFYG6O - Jackie Smith Jr - Establishing Glory The Library/02_Manuscript/2026-08-02-Developmental-Editing-Establishing-Glory-The-Library-Package-Manifest-v2.json
Dataverse,editorial_artifact,a706a47c-b784-f111-ab0e-00224834734e,Developmental Review Instructions - Developmental Editing - Establishing Glory: The Library,Establishing Glory: The Library,,,f1908dc9-5775-f111-ab0f-6045bdd69435,,Delivered,2026-08-02T11:25:10Z,REAL_ACTIVE,"https://jmerrillfoundation.sharepoint.com/sites/publishing/Shared%20Documents/02_Active-Pipeline/01_Onboarding/Smith,%20Jackie%20Establishing%20Glory-%20The%20Library/02-MANUSCRIPT/2026-07-21-Developmental-Editing-Establishing-Glory-The-Library-Developmental-Review-Instructions.txt"
Dataverse,editorial_artifact,338d06d1-648e-f111-8077-6045bdd69738,Author Cover Message - Developmental Editing - The General's Will and Last Testament,The General’s Will and Last Testament,,,2d21ab5b-4d80-f111-ab0f-7c1e525b15c2,,Delivered,2026-08-02T11:25:09Z,REAL_ACTIVE,/01_Titles/02_Developmental-Editing/JMP-INT-202607-DL2T20 - Iyorwuese Hagher - The General's Will and Last Testament/02_Manuscript/2026-08-02-Developmental-Editing-The-General-s-Will-and-Last-Testament-author-cover-message.txt
Dataverse,editorial_artifact,e3e5f59a-648e-f111-8077-7c1e525b15c2,Author Response Mechanism - Developmental Editing - The General's Will and Last Testament,The General’s Will and Last Testament,,,2d21ab5b-4d80-f111-ab0f-7c1e525b15c2,,Delivered,2026-08-02T11:25:08Z,REAL_ACTIVE,/01_Titles/02_Developmental-Editing/JMP-INT-202607-DL2T20 - Iyorwuese Hagher - The General's Will and Last Testament/02_Manuscript/2026-08-02-Developmental-Editing-The-General-s-Will-and-Last-Testament-author-response-mechanism.txt
Dataverse,editorial_artifact,06b483bf-aa84-f111-ab0f-00224820105b,Developmental Review Instructions - Developmental Editing - The General’s Will and Last Testament,The General’s Will and Last Testament,,,2d21ab5b-4d80-f111-ab0f-7c1e525b15c2,,Delivered,2026-08-02T11:25:07Z,REAL_ACTIVE,https://jmerrillfoundation.sharepoint.com/sites/publishing/Shared%20Documents/01_Titles/02_Developmental-Editing/JMP-INT-202607-DL2T20%20-%20Iyorwuese%20Hagher%20-%20The%20General%27s%20Will%20and%20Last%20Testament/02_Manuscript/2026-07-21-Developmental-Editing-The-General-s-Will-and-Last-Testament-Developmental-Review-Instructions.txt
Dataverse,editorial_artifact,9f89755f-478e-f111-8077-7c1e525b15c2,Interior Layout Corrected Author Cover Message - The Intentional Leader,The Intentional Leader,,,e797232b-da7a-f111-ab0f-00224820105b,,Delivered,2026-08-02T07:56:39Z,REAL_ACTIVE,01_Titles/06_Production/02_Interior-Layout/JMP-INT-202607-0W5PTQ - Jackie Smith Jr - The Intentional Leader/2026-08-02_Corrected-Interior-Layout-Author-Review-Package/The-Intentional-Leader-Interior-Layout-Corrected-Author-Cover-Message.md
Dataverse,editorial_artifact,d6106760-478e-f111-8077-6045bdd69738,Interior Layout Author Response Mechanism - The Intentional Leader,The Intentional Leader,,,e797232b-da7a-f111-ab0f-00224820105b,,Delivered,2026-08-02T07:54:27Z,REAL_ACTIVE,01_Titles/06_Production/02_Interior-Layout/JMP-INT-202607-0W5PTQ - Jackie Smith Jr - The Intentional Leader/2026-08-02_Corrected-Interior-Layout-Author-Review-Package/The-Intentional-Leader-Interior-Layout-Author-Response-Mechanism.md
Dataverse,editorial_artifact,22babedc-0a8e-f111-8077-7c1e525b15c2,Interior Layout Author Review Manifest - The Intentional Leader,The Intentional Leader,,,e797232b-da7a-f111-ab0f-00224820105b,Release Approval Package,Delivered,2026-08-02T07:54:26Z,REAL_ACTIVE,01_Titles/06_Production/02_Interior-Layout/JMP-INT-202607-0W5PTQ - Jackie Smith Jr - The Intentional Leader/2026-08-02_Corrected-Interior-Layout-Author-Review-Package/The-Intentional-Leader-Interior-Layout-Author-Review-Manifest.json
Dataverse,editorial_artifact,0db9be77-3c8e-f111-8077-00224820105b,Interior Layout Review Instructions - The Intentional Leader,The Intentional Leader,,,e797232b-da7a-f111-ab0f-00224820105b,Proof Package,Delivered,2026-08-02T07:54:25Z,REAL_ACTIVE,01_Titles/06_Production/02_Interior-Layout/JMP-INT-202607-0W5PTQ - Jackie Smith Jr - The Intentional Leader/2026-08-02_Corrected-Interior-Layout-Author-Review-Package/The-Intentional-Leader-Interior-Layout-Review-Instructions.txt
Dataverse,editorial_artifact,2efc0111-b384-f111-ab0f-00224820105b,Package Manifest v2 - Developmental Editing - Before You Were Born,Before You Were Born,,,91c5e1ef-2980-f111-ab0f-7c1e525b15c2,,Delivered,2026-08-02T07:50:02Z,REAL_ACTIVE,https://jmerrillfoundation.sharepoint.com/sites/publishing/Shared%20Documents/01_Titles/02_Developmental-Editing/JMP-INT-202607-LQPHEK%20-%20Sean%20Crowley%20-%20Before%20You%20Were%20Born/01_Manuscript/Original/2026-08-02-Developmental-Editing-Before-You-Were-Born-Package-Manifest-v2.json
Dataverse,editorial_artifact,ead1aaf4-2c84-f111-ab0f-000d3a14673b,Developmental Memo - Developmental Editing - Before You Were Born,Before You Were Born,,,91c5e1ef-2980-f111-ab0f-7c1e525b15c2,,Delivered,2026-08-02T07:42:18Z,REAL_ACTIVE,https://jmerrillfoundation.sharepoint.com/sites/publishing/_layouts/15/Doc.aspx?sourcedoc=%7BED866CB7-5C63-44A9-A8FD-34D6D75FA36B%7D&file=2026-07-21-Developmental-Editing-Before-You-Were-Born-Developmental-Memo.docx&action=default&mobileredirect=true
Dataverse,editorial_artifact,8e361eb4-4484-f111-ab0f-6045bdd69678,Developmentally Edited Manuscript - Developmental Editing - Before You Were Born,Before You Were Born,,,91c5e1ef-2980-f111-ab0f-7c1e525b15c2,,Delivered,2026-08-02T07:42:17Z,REAL_ACTIVE,https://jmerrillfoundation.sharepoint.com/sites/publishing/_layouts/15/Doc.aspx?sourcedoc=%7B50CF4A81-FAA8-412D-93B1-313F6530AFF6%7D&file=2026-07-21-Developmental-Editing-Before-You-Were-Born-Developmentally-Edited-Manuscript.docx&action=default&mobileredirect=true
Dataverse,editorial_artifact,86d69c8b-438e-f111-8077-6045bdd69678,Author Cover Message - Developmental Editing - Before You Were Born,Before You Were Born,,,91c5e1ef-2980-f111-ab0f-7c1e525b15c2,,Delivered,2026-08-02T07:27:03Z,REAL_ACTIVE,https://jmerrillfoundation.sharepoint.com/sites/publishing/Shared%20Documents/01_Titles/02_Developmental-Editing/JMP-INT-202607-LQPHEK%20-%20Sean%20Crowley%20-%20Before%20You%20Were%20Born/01_Manuscript/Original/2026-08-02-Developmental-Editing-Before-You-Were-Born-Corrected-Author-Cover-Message-v1.md
Dataverse,editorial_artifact,85d69c8b-438e-f111-8077-6045bdd69678,Author Response Mechanism - Developmental Editing - Before You Were Born,Before You Were Born,,,91c5e1ef-2980-f111-ab0f-7c1e525b15c2,,Delivered,2026-08-02T07:27:02Z,REAL_ACTIVE,https://jmerrillfoundation.sharepoint.com/sites/publishing/Shared%20Documents/01_Titles/02_Developmental-Editing/JMP-INT-202607-LQPHEK%20-%20Sean%20Crowley%20-%20Before%20You%20Were%20Born/01_Manuscript/Original/2026-08-02-Developmental-Editing-Before-You-Were-Born-Author-Response-Mechanism-v1.md
Dataverse,editorial_artifact,fe8fbcad-1085-f111-ab0f-6045bdd69678,Developmental Review Instructions - Developmental Editing - The Long Watch,The Long Watch,,,a69b9dfa-bb7b-f111-ab0f-7c1e525b15c2,,Delivered,2026-08-02T06:36:25Z,REAL_ACTIVE,https://jmerrillfoundation.sharepoint.com/sites/publishing/Shared%20Documents/01_Titles/01_Editorial-Review/JMP-INT-202607-6R2MPZ%20-%20Jackie%20Smith%20Jr%20-%20The%20Long%20Watch/01_Manuscript/2026-07-21-Developmental-Editing-The-Long-Watch-Developmental-Review-Instructions.txt
Dataverse,editorial_artifact,2368ffb5-aa84-f111-ab0f-000d3a14673b,Developmental Review Instructions - Developmental Editing - Before You Were Born,Before You Were Born,,,91c5e1ef-2980-f111-ab0f-7c1e525b15c2,,Delivered,2026-08-02T06:36:23Z,REAL_ACTIVE,https://jmerrillfoundation.sharepoint.com/sites/publishing/Shared%20Documents/01_Titles/02_Developmental-Editing/JMP-INT-202607-LQPHEK%20-%20Sean%20Crowley%20-%20Before%20You%20Were%20Born/01_Manuscript/Original/2026-07-21-Developmental-Editing-Before-You-Were-Born-Developmental-Review-Instructions.txt
Dataverse,editorial_artifact,d99c9048-b084-f111-ab0f-00224820105b,"Interior Proof PDF - The Intentional Leader, Volume I",The Intentional Leader,,,e797232b-da7a-f111-ab0f-00224820105b,Layout Approval Package,Superseded,2026-08-02T00:41:14Z,REAL_ACTIVE,https://jmerrillfoundation.sharepoint.com/sites/publishing/Shared%20Documents/01_Pre-Pipeline/00_Inquiry/JMP-INT-202607-0W5PTQ%20-%20Jackie%20Smith%20jr%20-%20The%20Intentional%20Leader/20_Editorial/05_Proofreading/Volume-I/2026-07-19_Proofreading-Author-Review-Package/2026-07-21-The-Intentional-Leader-Volume-I-Interior-Proof.pdf
Dataverse,editorial_artifact,da9c9048-b084-f111-ab0f-00224820105b,"Interior Layout QA Evidence - The Intentional Leader, Volume I",The Intentional Leader,,,e797232b-da7a-f111-ab0f-00224820105b,Approval Evidence,Delivered,2026-07-31T02:12:02Z,REAL_ACTIVE,https://jmerrillfoundation.sharepoint.com/sites/publishing/Shared%20Documents/01_Pre-Pipeline/00_Inquiry/JMP-INT-202607-0W5PTQ%20-%20Jackie%20Smith%20jr%20-%20The%20Intentional%20Leader/20_Editorial/05_Proofreading/Volume-I/2026-07-19_Proofreading-Author-Review-Package/2026-07-21-The-Intentional-Leader-Volume-I-Interior-Layout-QA-Evidence.md
Dataverse,editorial_artifact,bf2c8245-b084-f111-ab0f-7c1e525b15c2,"Interior Layout Package Manifest - The Intentional Leader, Volume I",The Intentional Leader,,,e797232b-da7a-f111-ab0f-00224820105b,Release Approval Package,Delivered,2026-07-31T02:12:02Z,REAL_ACTIVE,https://jmerrillfoundation.sharepoint.com/sites/publishing/Shared%20Documents/01_Pre-Pipeline/00_Inquiry/JMP-INT-202607-0W5PTQ%20-%20Jackie%20Smith%20jr%20-%20The%20Intentional%20Leader/20_Editorial/05_Proofreading/Volume-I/2026-07-19_Proofreading-Author-Review-Package/2026-07-21-The-Intentional-Leader-Volume-I-Interior-Layout-Package-Manifest.json
Dataverse,editorial_artifact,bd924d42-b084-f111-ab0e-00224834734e,"Interior Production File - The Intentional Leader, Volume I",The Intentional Leader,,,e797232b-da7a-f111-ab0f-00224820105b,Internal Notes Package,Delivered,2026-07-31T02:12:01Z,REAL_ACTIVE,https://jmerrillfoundation.sharepoint.com/sites/publishing/_layouts/15/Doc.aspx?sourcedoc=%7B068ECA98-794C-4395-AADB-765935E94C99%7D&file=2026-07-21-The-Intentional-Leader-Volume-I-Interior-Production-File.docx&action=default&mobileredirect=true
Dataverse,editorial_artifact,9874e124-418c-f111-ab10-6045bdd69435,Package Manifest - Editorial Review - Untitled,Untitled,,,ca68c994-fd89-f111-ab10-00224820105b,,Delivered,2026-07-30T18:10:01Z,REAL_ACTIVE,https://jmerrillfoundation.sharepoint.com/sites/publishing/Shared%20Documents/01_Pre-Pipeline/00_Inquiry/JMP-INT-202607-422JSZ%20-%20Atta%20Boateng%20-%20Untitled/01_Manuscript/Original/2026-07-30-Editorial-Review-Untitled-Package-Manifest-v1.json
Dataverse,editorial_artifact,d93c6522-418c-f111-ab10-00224820105b,Editorial Review QA Evidence - Editorial Review - Untitled,Untitled,,,ca68c994-fd89-f111-ab10-00224820105b,,Delivered,2026-07-30T18:04:47Z,REAL_ACTIVE,https://jmerrillfoundation.sharepoint.com/sites/publishing/Shared%20Documents/01_Pre-Pipeline/00_Inquiry/JMP-INT-202607-422JSZ%20-%20Atta%20Boateng%20-%20Untitled/01_Manuscript/Original/2026-07-30-Editorial-Review-Untitled-Editorial-Review-QA-Evidence.md
Dataverse,editorial_artifact,8974e124-418c-f111-ab10-6045bdd69435,Scope and Risk Register - Editorial Review - Untitled,Untitled,,,ca68c994-fd89-f111-ab10-00224820105b,,Delivered,2026-07-30T18:04:46Z,REAL_ACTIVE,https://jmerrillfoundation.sharepoint.com/sites/publishing/Shared%20Documents/01_Pre-Pipeline/00_Inquiry/JMP-INT-202607-422JSZ%20-%20Atta%20Boateng%20-%20Untitled/01_Manuscript/Original/2026-07-30-Editorial-Review-Untitled-Scope-and-Risk-Register.md
Dataverse,editorial_artifact,bafce520-418c-f111-ab10-6045bdd69678,Recommended Editorial Path - Editorial Review - Untitled,Untitled,,,ca68c994-fd89-f111-ab10-00224820105b,,Delivered,2026-07-30T18:04:44Z,REAL_ACTIVE,https://jmerrillfoundation.sharepoint.com/sites/publishing/Shared%20Documents/01_Pre-Pipeline/00_Inquiry/JMP-INT-202607-422JSZ%20-%20Atta%20Boateng%20-%20Untitled/01_Manuscript/Original/2026-07-30-Editorial-Review-Untitled-Recommended-Editorial-Path.md
Dataverse,editorial_artifact,bc3c6522-418c-f111-ab10-00224820105b,Editorial Assessment - Editorial Review - Untitled,Untitled,,,ca68c994-fd89-f111-ab10-00224820105b,,Delivered,2026-07-30T18:04:43Z,REAL_ACTIVE,https://jmerrillfoundation.sharepoint.com/sites/publishing/Shared%20Documents/01_Pre-Pipeline/00_Inquiry/JMP-INT-202607-422JSZ%20-%20Atta%20Boateng%20-%20Untitled/01_Manuscript/Original/2026-07-30-Editorial-Review-Untitled-Editorial-Assessment.md
Dataverse,editorial_artifact,3e0a60d9-408c-f111-ab10-00224820105b,Governed Source Manuscript - Editorial Review - Untitled,Untitled,,,ca68c994-fd89-f111-ab10-00224820105b,Manuscript Review Copy,Approved,2026-07-30T18:02:43Z,RECONCILIATION_REQUIRED,https://jmerrillfoundation.sharepoint.com/sites/publishing/_layouts/15/Doc.aspx?sourcedoc=%7B435A3B62-EDCE-4F6F-A242-FCE0F00910B3%7D&file=JMP-INT-202607-422JSZ%20-%204TBS.docx&action=default&mobileredirect=true
Dataverse,editorial_artifact,0d04b5fc-4b8b-f111-ab10-000d3a9eacee,GATE-W1 Certification Author Artifact - Synthetic,GATE-W1 Synthetic Recommendation Manuscript 20260729,,,48e831f0-418b-f111-ab10-000d3a1a9efa,Recommendation Letter,Delivered,2026-07-29T12:49:59Z,CERTIFICATION,/drives/b!mA37NWi8UEKdDYwH1o5AJNWKIBAoAPBIn_pxeBKSSDVm9PH59uWnQpr1oD4m79se/root:/01_Pre-Pipeline/00_Inquiry/JMP-INT-202607-YEUSKK - Gate W1 Synthetic - GATE-W1 Synthetic Recommendation Manuscript 20260729/jm1-gate-w1-author-artifact.txt
Dataverse,editorial_artifact,36422691-4a89-f111-ab10-6045bdd69435,JM1 Preview Synthetic Artifact B,JM1 Preview Synthetic Artifact B,,,8de10c93-4a89-f111-ab10-7c1e525b15c2,Proof Package,Delivered,2026-07-27T04:10:56Z,SYNTHETIC,Publishing Team/PR337 Preview Test Fixtures/pr337-preview-author-b-artifact.txt
Dataverse,editorial_artifact,4abb2a8c-4989-f111-ab10-6045bdd69738,Preview Synthetic Artifact A - PR337-PREVIEW-AUTHOR-ISOLATION-2026-07-26T23-27-28-027Z,JM1 Preview Synthetic Artifact A,,,81c81786-4889-f111-ab10-000d3a14673b,Proof Package,Delivered,2026-07-27T04:10:56Z,SYNTHETIC,synthetic/pr337/PR337-PREVIEW-AUTHOR-ISOLATION-2026-07-26T23-27-28-027Z/author-A.txt
Dataverse,editorial_artifact,a9c8ce64-4a89-f111-ab10-6045bdd69678,JM1 Preview Synthetic Artifact A,JM1 Preview Synthetic Artifact A,,,81c81786-4889-f111-ab10-000d3a14673b,Proof Package,Delivered,2026-07-27T04:10:55Z,SYNTHETIC,Publishing Team/PR337 Preview Test Fixtures/pr337-preview-author-a-artifact.txt
Dataverse,editorial_artifact,125fa8b0-1085-f111-ab0f-000d3a14673b,Package Manifest - Developmental Editing - The Long Watch,The Long Watch,,,a69b9dfa-bb7b-f111-ab0f-7c1e525b15c2,,Delivered,2026-07-21T14:30:19Z,REAL_ACTIVE,https://jmerrillfoundation.sharepoint.com/sites/publishing/Shared%20Documents/01_Titles/01_Editorial-Review/JMP-INT-202607-6R2MPZ%20-%20Jackie%20Smith%20Jr%20-%20The%20Long%20Watch/01_Manuscript/2026-07-21-Developmental-Editing-The-Long-Watch-Package-Manifest-v1.json
Dataverse,editorial_artifact,0f90bcad-1085-f111-ab0f-6045bdd69678,Developmental QA Evidence - Developmental Editing - The Long Watch,The Long Watch,,,a69b9dfa-bb7b-f111-ab0f-7c1e525b15c2,,Delivered,2026-07-21T14:30:18Z,REAL_ACTIVE,https://jmerrillfoundation.sharepoint.com/sites/publishing/Shared%20Documents/01_Titles/01_Editorial-Review/JMP-INT-202607-6R2MPZ%20-%20Jackie%20Smith%20Jr%20-%20The%20Long%20Watch/01_Manuscript/2026-07-21-Developmental-Editing-The-Long-Watch-Developmental-QA-Evidence.md
Dataverse,editorial_artifact,0690bcad-1085-f111-ab0f-6045bdd69678,Change Ledger - Developmental Editing - The Long Watch,The Long Watch,,,a69b9dfa-bb7b-f111-ab0f-7c1e525b15c2,,Delivered,2026-07-21T14:30:17Z,REAL_ACTIVE,https://jmerrillfoundation.sharepoint.com/sites/publishing/Shared%20Documents/01_Titles/01_Editorial-Review/JMP-INT-202607-6R2MPZ%20-%20Jackie%20Smith%20Jr%20-%20The%20Long%20Watch/01_Manuscript/2026-07-21-Developmental-Editing-The-Long-Watch-Change-Ledger.md
Dataverse,editorial_artifact,55cc4d7b-b784-f111-ab0f-000d3a14673b,Governed Source Manuscript - Establishing Glory: The Library,Establishing Glory: The Library,,,f1908dc9-5775-f111-ab0f-6045bdd69435,,Delivered,2026-07-21T04:03:03Z,REAL_ACTIVE,https://jmerrillfoundation.sharepoint.com/sites/publishing/_layouts/15/Doc.aspx?sourcedoc=%7B6D2EB908-1C4E-496B-AC20-809B41FC4CA1%7D&file=240711%20Establishing%20Glory.docx&action=default&mobileredirect=true
Dataverse,editorial_artifact,c012a482-b784-f111-ab0e-00224834734e,Package Manifest - Developmental Editing - Establishing Glory: The Library,Establishing Glory: The Library,,,f1908dc9-5775-f111-ab0f-6045bdd69435,,Delivered,2026-07-21T03:51:55Z,REAL_ACTIVE,"https://jmerrillfoundation.sharepoint.com/sites/publishing/Shared%20Documents/02_Active-Pipeline/01_Onboarding/Smith,%20Jackie%20Establishing%20Glory-%20The%20Library/02-MANUSCRIPT/2026-07-21-Developmental-Editing-Establishing-Glory-The-Library-Package-Manifest-v1.json"
Dataverse,editorial_artifact,10ce5481-b784-f111-ab0f-000d3a14673b,Change Ledger - Developmental Editing - Establishing Glory: The Library,Establishing Glory: The Library,,,f1908dc9-5775-f111-ab0f-6045bdd69435,,Delivered,2026-07-21T03:51:53Z,REAL_ACTIVE,"https://jmerrillfoundation.sharepoint.com/sites/publishing/Shared%20Documents/02_Active-Pipeline/01_Onboarding/Smith,%20Jackie%20Establishing%20Glory-%20The%20Library/02-MANUSCRIPT/2026-07-21-Developmental-Editing-Establishing-Glory-The-Library-Change-Ledger.md"
Dataverse,editorial_artifact,a806a47c-b784-f111-ab0e-00224834734e,Developmental QA Evidence - Developmental Editing - Establishing Glory: The Library,Establishing Glory: The Library,,,f1908dc9-5775-f111-ab0f-6045bdd69435,,Delivered,2026-07-21T03:51:53Z,REAL_ACTIVE,"https://jmerrillfoundation.sharepoint.com/sites/publishing/Shared%20Documents/02_Active-Pipeline/01_Onboarding/Smith,%20Jackie%20Establishing%20Glory-%20The%20Library/02-MANUSCRIPT/2026-07-21-Developmental-Editing-Establishing-Glory-The-Library-Developmental-QA-Evidence.md"
Dataverse,editorial_artifact,a89c9672-3b84-f111-ab0f-6045bdd69678,Package Manifest - Editorial Review - The Long Watch,The Long Watch,,,a69b9dfa-bb7b-f111-ab0f-7c1e525b15c2,,Delivered,2026-07-21T03:20:03Z,REAL_ACTIVE,https://jmerrillfoundation.sharepoint.com/sites/publishing/Shared%20Documents/01_Titles/01_Editorial-Review/JMP-INT-202607-6R2MPZ%20-%20Jackie%20Smith%20Jr%20-%20The%20Long%20Watch/01_Manuscript/2026-07-21-Editorial-Review-The-Long-Watch-Package-Manifest-v1.json
Dataverse,editorial_artifact,e8d1aaf4-2c84-f111-ab0f-000d3a14673b,Editorial Review QA Evidence - Editorial Review - The Long Watch,The Long Watch,,,a69b9dfa-bb7b-f111-ab0f-7c1e525b15c2,,Delivered,2026-07-21T02:40:13Z,REAL_ACTIVE,https://jmerrillfoundation.sharepoint.com/sites/publishing/Shared%20Documents/01_Titles/01_Editorial-Review/JMP-INT-202607-6R2MPZ%20-%20Jackie%20Smith%20Jr%20-%20The%20Long%20Watch/01_Manuscript/2026-07-21-Editorial-Review-The-Long-Watch-Editorial-Review-QA-Evidence.md
Dataverse,editorial_artifact,e6d1aaf4-2c84-f111-ab0f-000d3a14673b,Scope and Risk Register - Editorial Review - The Long Watch,The Long Watch,,,a69b9dfa-bb7b-f111-ab0f-7c1e525b15c2,,Delivered,2026-07-21T02:40:12Z,REAL_ACTIVE,https://jmerrillfoundation.sharepoint.com/sites/publishing/Shared%20Documents/01_Titles/01_Editorial-Review/JMP-INT-202607-6R2MPZ%20-%20Jackie%20Smith%20Jr%20-%20The%20Long%20Watch/01_Manuscript/2026-07-21-Editorial-Review-The-Long-Watch-Scope-and-Risk-Register.md
Dataverse,editorial_artifact,5f208df0-2c84-f111-ab0f-00224820105b,Editorial Assessment - Editorial Review - The Long Watch,The Long Watch,,,a69b9dfa-bb7b-f111-ab0f-7c1e525b15c2,,Delivered,2026-07-21T02:40:11Z,REAL_ACTIVE,https://jmerrillfoundation.sharepoint.com/sites/publishing/Shared%20Documents/01_Titles/01_Editorial-Review/JMP-INT-202607-6R2MPZ%20-%20Jackie%20Smith%20Jr%20-%20The%20Long%20Watch/01_Manuscript/2026-07-21-Editorial-Review-The-Long-Watch-Editorial-Assessment.md
Dataverse,editorial_artifact,ca34f5f1-2c84-f111-ab0f-6045bdd69678,Recommended Editorial Path - Editorial Review - The Long Watch,The Long Watch,,,a69b9dfa-bb7b-f111-ab0f-7c1e525b15c2,,Delivered,2026-07-21T02:40:11Z,REAL_ACTIVE,https://jmerrillfoundation.sharepoint.com/sites/publishing/Shared%20Documents/01_Titles/01_Editorial-Review/JMP-INT-202607-6R2MPZ%20-%20Jackie%20Smith%20Jr%20-%20The%20Long%20Watch/01_Manuscript/2026-07-21-Editorial-Review-The-Long-Watch-Recommended-Editorial-Path.md
Dataverse,editorial_artifact,73069b78-3b84-f111-ab0f-6045bdd69678,Package Manifest - Developmental Editing - The General’s Will and Last Testament,The General’s Will and Last Testament,,,2d21ab5b-4d80-f111-ab0f-7c1e525b15c2,,Delivered,2026-07-21T02:20:37Z,REAL_ACTIVE,https://jmerrillfoundation.sharepoint.com/sites/publishing/Shared%20Documents/01_Titles/02_Developmental-Editing/JMP-INT-202607-DL2T20%20-%20Iyorwuese%20Hagher%20-%20The%20General%27s%20Will%20and%20Last%20Testament/02_Manuscript/2026-07-21-Developmental-Editing-The-General-s-Will-and-Last-Testament-Package-Manifest.json
Dataverse,editorial_artifact,745eb2f7-2c84-f111-ab0f-7c1e525b15c2,Change Ledger - Developmental Editing - The General’s Will and Last Testament,The General’s Will and Last Testament,,,2d21ab5b-4d80-f111-ab0f-7c1e525b15c2,,Delivered,2026-07-21T02:20:36Z,REAL_ACTIVE,https://jmerrillfoundation.sharepoint.com/sites/publishing/Shared%20Documents/01_Titles/02_Developmental-Editing/JMP-INT-202607-DL2T20%20-%20Iyorwuese%20Hagher%20-%20The%20General%27s%20Will%20and%20Last%20Testament/02_Manuscript/2026-07-21-Developmental-Editing-The-General-s-Will-and-Last-Testament-Change-Ledger.md
Dataverse,editorial_artifact,755eb2f7-2c84-f111-ab0f-7c1e525b15c2,Developmental QA Evidence - Developmental Editing - The General’s Will and Last Testament,The General’s Will and Last Testament,,,2d21ab5b-4d80-f111-ab0f-7c1e525b15c2,,Delivered,2026-07-21T02:20:36Z,REAL_ACTIVE,https://jmerrillfoundation.sharepoint.com/sites/publishing/Shared%20Documents/01_Titles/02_Developmental-Editing/JMP-INT-202607-DL2T20%20-%20Iyorwuese%20Hagher%20-%20The%20General%27s%20Will%20and%20Last%20Testament/02_Manuscript/2026-07-21-Developmental-Editing-The-General-s-Will-and-Last-Testament-Developmental-QA-Evidence.md
Dataverse,editorial_artifact,1ac9fb77-3b84-f111-ab0f-00224820105b,Package Manifest - Developmental Editing - Before You Were Born,Before You Were Born,,,91c5e1ef-2980-f111-ab0f-7c1e525b15c2,,Delivered,2026-07-21T02:20:28Z,REAL_ACTIVE,https://jmerrillfoundation.sharepoint.com/sites/publishing/Shared%20Documents/01_Titles/02_Developmental-Editing/JMP-INT-202607-LQPHEK%20-%20Sean%20Crowley%20-%20Before%20You%20Were%20Born/01_Manuscript/Original/2026-07-21-Developmental-Editing-Before-You-Were-Born-Package-Manifest.json
Dataverse,editorial_artifact,715eb2f7-2c84-f111-ab0f-7c1e525b15c2,Developmental QA Evidence - Developmental Editing - Before You Were Born,Before You Were Born,,,91c5e1ef-2980-f111-ab0f-7c1e525b15c2,,Delivered,2026-07-21T02:20:26Z,REAL_ACTIVE,https://jmerrillfoundation.sharepoint.com/sites/publishing/Shared%20Documents/01_Titles/02_Developmental-Editing/JMP-INT-202607-LQPHEK%20-%20Sean%20Crowley%20-%20Before%20You%20Were%20Born/01_Manuscript/Original/2026-07-21-Developmental-Editing-Before-You-Were-Born-Developmental-QA-Evidence.md
Dataverse,editorial_artifact,177785f6-2c84-f111-ab0f-00224820105b,Change Ledger - Developmental Editing - Before You Were Born,Before You Were Born,,,91c5e1ef-2980-f111-ab0f-7c1e525b15c2,,Delivered,2026-07-21T02:20:25Z,REAL_ACTIVE,https://jmerrillfoundation.sharepoint.com/sites/publishing/Shared%20Documents/01_Titles/02_Developmental-Editing/JMP-INT-202607-LQPHEK%20-%20Sean%20Crowley%20-%20Before%20You%20Were%20Born/01_Manuscript/Original/2026-07-21-Developmental-Editing-Before-You-Were-Born-Change-Ledger.md
Dataverse,editorial_artifact,f573362c-1c84-f111-ab0f-7c1e525b15c2,Governed Source Manuscript - The General’s Will and Last Testament,The General’s Will and Last Testament,,,2d21ab5b-4d80-f111-ab0f-7c1e525b15c2,,Delivered,2026-07-20T13:47:41Z,REAL_ACTIVE,https://jmerrillfoundation.sharepoint.com/sites/publishing/_layouts/15/Doc.aspx?sourcedoc=%7B7DD93106-6010-403E-927A-F3D66A6D97F9%7D&file=THE_GENERALS_FULL_MANUSCRIPT_Clean_Formatted_Editorial_Working_Copy%20(1).docx&action=default&mobileredirect=true&DefaultItemOpen=1
Dataverse,editorial_artifact,2d8ca729-1c84-f111-ab0f-00224820105b,Governed Source Manuscript - Before You Were Born,Before You Were Born,,,91c5e1ef-2980-f111-ab0f-7c1e525b15c2,,Delivered,2026-07-20T13:47:40Z,REAL_ACTIVE,https://jmerrillfoundation.sharepoint.com/sites/publishing/_layouts/15/Doc.aspx?sourcedoc=%7BFD78380E-85A6-43C3-BBDC-BB234935838B%7D&file=JMP-INT-202607-LQPHEK%20-%20Before%20You%20Were%20Born%20copy.docx&action=default&mobileredirect=true&DefaultItemOpen=1
Dataverse,editorial_artifact,e8b7ff2b-1c84-f111-ab0f-6045bdd69678,Governed Source Manuscript - The Long Watch,The Long Watch,,,a69b9dfa-bb7b-f111-ab0f-7c1e525b15c2,,Delivered,2026-07-20T13:47:38Z,REAL_ACTIVE,https://jmerrillfoundation.sharepoint.com/sites/publishing/_layouts/15/Doc.aspx?sourcedoc=%7BCB4E2C54-68FF-44F9-97D1-FB7A05774CE1%7D&file=The%20Long%20Watch.docx&action=default&mobileredirect=true&DefaultItemOpen=1
Dataverse,editorial_artifact,9d9c9672-3b84-f111-ab0f-6045bdd69678,Editorial Review Instructions - Editorial Review - The Long Watch,The Long Watch,,,a69b9dfa-bb7b-f111-ab0f-7c1e525b15c2,,Delivered,2026-07-20T13:03:56Z,REAL_ACTIVE,https://jmerrillfoundation.sharepoint.com/sites/publishing/Shared%20Documents/01_Titles/01_Editorial-Review/JMP-INT-202607-6R2MPZ%20-%20Jackie%20Smith%20Jr%20-%20The%20Long%20Watch/01_Manuscript/2026-07-20-The-Long-Watch-Editorial-Review-Instructions.txt
Dataverse,editorial_artifact,593abbfa-2c84-f111-ab0f-000d3a14673b,Developmental Editing Working Manuscript Ledger - Developmental Editing - The General’s Will and Last Testament,The General’s Will and Last Testament,,,2d21ab5b-4d80-f111-ab0f-7c1e525b15c2,,Delivered,2026-07-20T11:20:15Z,REAL_ACTIVE,https://jmerrillfoundation.sharepoint.com/sites/publishing/Shared%20Documents/01_Titles/02_Developmental-Editing/JMP-INT-202607-DL2T20%20-%20Iyorwuese%20Hagher%20-%20The%20General%27s%20Will%20and%20Last%20Testament/02_Manuscript/2026-07-20-Developmental-Editing-The-General-s-Will-and-Last-Testament-Developmental-Editing-Working-Manuscript-Ledger.md
Dataverse,editorial_artifact,6f5eb2f7-2c84-f111-ab0f-7c1e525b15c2,Developmental Editing Working Manuscript Ledger - Developmental Editing - Before You Were Born,Before You Were Born,,,91c5e1ef-2980-f111-ab0f-7c1e525b15c2,,Delivered,2026-07-20T11:20:11Z,REAL_ACTIVE,https://jmerrillfoundation.sharepoint.com/sites/publishing/Shared%20Documents/01_Titles/02_Developmental-Editing/JMP-INT-202607-LQPHEK%20-%20Sean%20Crowley%20-%20Before%20You%20Were%20Born/01_Manuscript/Original/2026-07-20-Developmental-Editing-Before-You-Were-Born-Developmental-Editing-Working-Manuscript-Ledger.md
Dataverse,editorial_artifact,9c7f339f-1f84-f111-ab0f-000d3a14673b,Developmental QA Evidence - The General’s Will and Last Testament,The General’s Will and Last Testament,,,2d21ab5b-4d80-f111-ab0f-7c1e525b15c2,,Delivered,2026-07-20T09:44:45Z,REAL_ACTIVE,https://jmerrillfoundation.sharepoint.com/sites/publishing/Shared%20Documents/01_Titles/02_Developmental-Editing/JMP-INT-202607-DL2T20%20-%20Iyorwuese%20Hagher%20-%20The%20General%27s%20Will%20and%20Last%20Testament/02_Manuscript/2026-07-20-The-General-s-Will-and-Last-Testament-Developmental-QA-Evidence.md
Dataverse,editorial_artifact,6ecd26a3-1f84-f111-ab0f-7c1e525b15c2,Change Ledger - The General’s Will and Last Testament,The General’s Will and Last Testament,,,2d21ab5b-4d80-f111-ab0f-7c1e525b15c2,,Delivered,2026-07-20T09:44:45Z,REAL_ACTIVE,https://jmerrillfoundation.sharepoint.com/sites/publishing/Shared%20Documents/01_Titles/02_Developmental-Editing/JMP-INT-202607-DL2T20%20-%20Iyorwuese%20Hagher%20-%20The%20General%27s%20Will%20and%20Last%20Testament/02_Manuscript/2026-07-20-The-General-s-Will-and-Last-Testament-Change-Ledger.md
Dataverse,editorial_artifact,9a7f339f-1f84-f111-ab0f-000d3a14673b,Developmental Memo - The General’s Will and Last Testament,The General’s Will and Last Testament,,,2d21ab5b-4d80-f111-ab0f-7c1e525b15c2,,Delivered,2026-07-20T09:44:44Z,REAL_ACTIVE,https://jmerrillfoundation.sharepoint.com/sites/publishing/Shared%20Documents/01_Titles/02_Developmental-Editing/JMP-INT-202607-DL2T20%20-%20Iyorwuese%20Hagher%20-%20The%20General%27s%20Will%20and%20Last%20Testament/02_Manuscript/2026-07-20-The-General-s-Will-and-Last-Testament-Developmental-Memo.md
Dataverse,editorial_artifact,3a2e6d9c-1f84-f111-ab0f-7c1e525b15c2,Developmental Editing Working Manuscript Ledger - The General’s Will and Last Testament,The General’s Will and Last Testament,,,2d21ab5b-4d80-f111-ab0f-7c1e525b15c2,,Delivered,2026-07-20T09:44:43Z,REAL_ACTIVE,https://jmerrillfoundation.sharepoint.com/sites/publishing/Shared%20Documents/01_Titles/02_Developmental-Editing/JMP-INT-202607-DL2T20%20-%20Iyorwuese%20Hagher%20-%20The%20General%27s%20Will%20and%20Last%20Testament/02_Manuscript/2026-07-20-The-General-s-Will-and-Last-Testament-Developmental-Editing-Working-Manuscript-Ledger.md
Dataverse,editorial_artifact,1aef019b-1f84-f111-ab0f-00224820105b,Developmental QA Evidence - Before You Were Born,Before You Were Born,,,91c5e1ef-2980-f111-ab0f-7c1e525b15c2,,Delivered,2026-07-20T09:44:41Z,REAL_ACTIVE,https://jmerrillfoundation.sharepoint.com/sites/publishing/Shared%20Documents/01_Titles/02_Developmental-Editing/JMP-INT-202607-LQPHEK%20-%20Sean%20Crowley%20-%20Before%20You%20Were%20Born/01_Manuscript/Original/2026-07-20-Before-You-Were-Born-Developmental-QA-Evidence.md
Dataverse,editorial_artifact,d5b8789f-1f84-f111-ab0f-6045bdd69678,Change Ledger - Before You Were Born,Before You Were Born,,,91c5e1ef-2980-f111-ab0f-7c1e525b15c2,,Delivered,2026-07-20T09:44:40Z,REAL_ACTIVE,https://jmerrillfoundation.sharepoint.com/sites/publishing/Shared%20Documents/01_Titles/02_Developmental-Editing/JMP-INT-202607-LQPHEK%20-%20Sean%20Crowley%20-%20Before%20You%20Were%20Born/01_Manuscript/Original/2026-07-20-Before-You-Were-Born-Change-Ledger.md
Dataverse,editorial_artifact,392e6d9c-1f84-f111-ab0f-7c1e525b15c2,Developmental Memo - Before You Were Born,Before You Were Born,,,91c5e1ef-2980-f111-ab0f-7c1e525b15c2,,Delivered,2026-07-20T09:44:40Z,REAL_ACTIVE,https://jmerrillfoundation.sharepoint.com/sites/publishing/Shared%20Documents/01_Titles/02_Developmental-Editing/JMP-INT-202607-LQPHEK%20-%20Sean%20Crowley%20-%20Before%20You%20Were%20Born/01_Manuscript/Original/2026-07-20-Before-You-Were-Born-Developmental-Memo.md
Dataverse,editorial_artifact,382e6d9c-1f84-f111-ab0f-7c1e525b15c2,Developmental Editing Working Manuscript Ledger - Before You Were Born,Before You Were Born,,,91c5e1ef-2980-f111-ab0f-7c1e525b15c2,,Delivered,2026-07-20T09:44:39Z,REAL_ACTIVE,https://jmerrillfoundation.sharepoint.com/sites/publishing/Shared%20Documents/01_Titles/02_Developmental-Editing/JMP-INT-202607-LQPHEK%20-%20Sean%20Crowley%20-%20Before%20You%20Were%20Born/01_Manuscript/Original/2026-07-20-Before-You-Were-Born-Developmental-Editing-Working-Manuscript-Ledger.md
Dataverse,editorial_artifact,f8352d98-1f84-f111-ab0f-000d3a14673b,Editorial Review QA Evidence - The Long Watch,The Long Watch,,,a69b9dfa-bb7b-f111-ab0f-7c1e525b15c2,,Delivered,2026-07-20T09:44:35Z,REAL_ACTIVE,https://jmerrillfoundation.sharepoint.com/sites/publishing/Shared%20Documents/01_Titles/01_Editorial-Review/JMP-INT-202607-6R2MPZ%20-%20Jackie%20Smith%20Jr%20-%20The%20Long%20Watch/01_Manuscript/2026-07-20-The-Long-Watch-Editorial-Review-QA-Evidence.md
Dataverse,editorial_artifact,9d116199-1f84-f111-ab0f-6045bdd69678,Scope and Risk Register - The Long Watch,The Long Watch,,,a69b9dfa-bb7b-f111-ab0f-7c1e525b15c2,,Delivered,2026-07-20T09:44:35Z,REAL_ACTIVE,https://jmerrillfoundation.sharepoint.com/sites/publishing/Shared%20Documents/01_Titles/01_Editorial-Review/JMP-INT-202607-6R2MPZ%20-%20Jackie%20Smith%20Jr%20-%20The%20Long%20Watch/01_Manuscript/2026-07-20-The-Long-Watch-Scope-and-Risk-Register.md
Dataverse,editorial_artifact,f7352d98-1f84-f111-ab0f-000d3a14673b,Recommended Editorial Path - The Long Watch,The Long Watch,,,a69b9dfa-bb7b-f111-ab0f-7c1e525b15c2,,Delivered,2026-07-20T09:44:34Z,REAL_ACTIVE,https://jmerrillfoundation.sharepoint.com/sites/publishing/Shared%20Documents/01_Titles/01_Editorial-Review/JMP-INT-202607-6R2MPZ%20-%20Jackie%20Smith%20Jr%20-%20The%20Long%20Watch/01_Manuscript/2026-07-20-The-Long-Watch-Recommended-Editorial-Path.md
Dataverse,editorial_artifact,f5352d98-1f84-f111-ab0f-000d3a14673b,Editorial Assessment - The Long Watch,The Long Watch,,,a69b9dfa-bb7b-f111-ab0f-7c1e525b15c2,,Delivered,2026-07-20T09:44:33Z,REAL_ACTIVE,https://jmerrillfoundation.sharepoint.com/sites/publishing/Shared%20Documents/01_Titles/01_Editorial-Review/JMP-INT-202607-6R2MPZ%20-%20Jackie%20Smith%20Jr%20-%20The%20Long%20Watch/01_Manuscript/2026-07-20-The-Long-Watch-Editorial-Assessment.md
Dataverse,editorial_artifact,6c01c3f7-0883-f111-ab0f-000d3a14673b,Proofread Manuscript - The Intentional Leader Volume I,The Intentional Leader,,,e797232b-da7a-f111-ab0f-00224820105b,Manuscript Review Copy,Delivered,2026-07-19T00:34:04Z,REAL_ACTIVE,01_Pre-Pipeline/00_Inquiry/JMP-INT-202607-0W5PTQ - Jackie Smith jr - The Intentional Leader/20_Editorial/05_Proofreading/Volume-I/2026-07-19_Proofreading-Author-Review-Package/2026-07-19-The-Intentional-Leader-Volume-I-Proofread-Manuscript.docx
Dataverse,editorial_artifact,74093704-0983-f111-ab0f-7c1e525b15c2,Proofreading Review Package - The Intentional Leader Volume I,The Intentional Leader,,,e797232b-da7a-f111-ab0f-00224820105b,Proof Package,Delivered,2026-07-19T00:34:04Z,REAL_ACTIVE,01_Pre-Pipeline/00_Inquiry/JMP-INT-202607-0W5PTQ - Jackie Smith jr - The Intentional Leader/20_Editorial/05_Proofreading/Volume-I/2026-07-19_Proofreading-Author-Review-Package/2026-07-19-The-Intentional-Leader-Volume-I-Proofreading-Author-Review-Cover-Note.pdf
Dataverse,editorial_artifact,c2f64dae-ea80-f111-ab0f-6045bdd69738,Copyedited Working Manuscript - The Intentional Leader Volume I,The Intentional Leader,,,e797232b-da7a-f111-ab0f-00224820105b,Manuscript Review Copy,Delivered,2026-07-17T06:08:11Z,REAL_ACTIVE,01_Pre-Pipeline/00_Inquiry/JMP-INT-202607-0W5PTQ - Jackie Smith jr - The Intentional Leader/20_Editorial/04_Copyediting/Volume-I/2026-07-16_Copyediting-Author-Review-Package/2026-07-16-The-Intentional-Leader-Volume-I-Copyedited-Working-Manuscript.docx
Dataverse,editorial_artifact,ac0595ab-ea80-f111-ab0f-000d3a14673b,Copyediting Review Package - The Intentional Leader Volume I,The Intentional Leader,,,e797232b-da7a-f111-ab0f-00224820105b,Copyedit Package,Delivered,2026-07-16T07:48:06Z,REAL_ACTIVE,01_Pre-Pipeline/00_Inquiry/JMP-INT-202607-0W5PTQ - Jackie Smith jr - The Intentional Leader/20_Editorial/04_Copyediting/Volume-I/2026-07-16_Copyediting-Author-Review-Package/2026-07-16-The-Intentional-Leader-Volume-I-Copyediting-Author-Review-Cover-Note.pdf
Dataverse,editorial_artifact,04f0a44b-ce80-f111-ab0f-000d3a14673b,Copyediting Entry Package - The Intentional Leader Volume I,The Intentional Leader,,,e797232b-da7a-f111-ab0f-00224820105b,Internal Notes Package,Ready for Review,2026-07-16T04:25:04Z,REAL_ACTIVE,
Dataverse,editorial_artifact,aa74c2b0-bc80-f111-ab0f-6045bdd69738,Line Edit Package - The Intentional Leader Volume I,The Intentional Leader,,,e797232b-da7a-f111-ab0f-00224820105b,Line Edit Package,Approved,2026-07-16T04:25:03Z,REAL_ACTIVE,https://jmerrillfoundation.sharepoint.com/sites/publishing/Shared%20Documents/01_Pre-Pipeline/00_Inquiry/JMP-INT-202607-0W5PTQ%20-%20Jackie%20Smith%20jr%20-%20The%20Intentional%20Leader/20_Editorial/03_Line-Editing/Volume-I/2026-07-15_CAP-002-Line-Editing-Release-Decision-Ready/2026-07-16_Line-Editing-Author-Review-Package/2026-07-16-The-Intentional-Leader-Volume-I-Line-Editing-Author-Review-Cover-Note.pdf
Dataverse,editorial_artifact,59bb14b2-bc80-f111-ab0f-7c1e525b15c2,Line-Edited Working Manuscript - The Intentional Leader Volume I,The Intentional Leader,,,e797232b-da7a-f111-ab0f-00224820105b,Manuscript Review Copy,Approved,2026-07-16T04:25:03Z,REAL_ACTIVE,https://jmerrillfoundation.sharepoint.com/sites/publishing/_layouts/15/Doc.aspx?sourcedoc=%7B30EFAFD7-5516-4394-870F-C40181169F76%7D&file=2026-07-15-The-Intentional-Leader-Volume-I-Line-Edited-Working-Manuscript.docx&action=default&mobileredirect=true
Dataverse,editorial_artifact,54729309-ce80-f111-ab0f-000d3a14673b,Line Editing Author Approval Evidence - The Intentional Leader Volume I,The Intentional Leader,,,e797232b-da7a-f111-ab0f-00224820105b,Approval Evidence,Approved,2026-07-16T04:23:04Z,REAL_ACTIVE,
Dataverse,editorial_artifact,bfa1d706-2180-f111-ab0f-000d3a14673b,CAP-002 Controlled Line Editing Sample - January 1 - The Intentional Leader,The Intentional Leader,,,e797232b-da7a-f111-ab0f-00224820105b,Internal Notes Package,Delivered,2026-07-15T07:44:42Z,REAL_ACTIVE,/01_Pre-Pipeline/00_Inquiry/JMP-INT-202607-0W5PTQ - Jackie Smith jr - The Intentional Leader/20_Editorial/03_Line-Editing/Volume-I/01_Controlled-Sample/2026-07-15 - CAP002 Controlled Line Editing Sample - January 1.md
Dataverse,editorial_artifact,61af771e-777e-f111-ab0f-00224820105b,Volume I Editorial Working Manuscript - The Intentional Leader - Author Delivery DOCX,The Intentional Leader,,,e797232b-da7a-f111-ab0f-00224820105b,Manuscript Review Copy,Delivered,2026-07-13T04:55:51Z,REAL_ACTIVE,/01_Pre-Pipeline/00_Inquiry/JMP-INT-202607-0W5PTQ - Jackie Smith jr - The Intentional Leader/20_Editorial/02_Developmental-Editing/Volume-I/07_Author-Approval-Package/2026-07-13 - The Intentional Leader - Volume I Editorial Working Manuscript.docx
Dataverse,editorial_artifact,ba84f61b-e57d-f111-ab0f-7c1e525b15c2,Volume I Developmental Review Package - The Intentional Leader - Author Delivery PDF,The Intentional Leader,,,e797232b-da7a-f111-ab0f-00224820105b,Developmental Edit Package,Delivered,2026-07-13T03:53:57Z,REAL_ACTIVE,/01_Pre-Pipeline/00_Inquiry/JMP-INT-202607-0W5PTQ - Jackie Smith jr - The Intentional Leader/20_Editorial/02_Developmental-Editing/Volume-I/07_Author-Approval-Package/2026-07-12-The-Intentional-Leader-Volume-I-Developmental-Review-Package-Author-Delivery.pdf
Dataverse,editorial_artifact,0cbf9a4e-3d7c-f111-ab0f-7c1e525b15c2,Volume I Developmental Recommendation - The Intentional Leader,The Intentional Leader,,,e797232b-da7a-f111-ab0f-00224820105b,Developmental Edit Package,Superseded,2026-07-12T11:30:48Z,REAL_ACTIVE,/01_Pre-Pipeline/00_Inquiry/JMP-INT-202607-0W5PTQ - Jackie Smith jr - The Intentional Leader/20_Editorial/02_Developmental-Editing/Volume-I/07_Author-Approval-Package/2026-07-10 - The Intentional Leader - Volume I Developmental Recommendation.docx
Dataverse,editorial_artifact,d215002e-da7a-f111-ab0f-7c1e525b15c2,Manuscript Review Copy - The Intentional Leader,The Intentional Leader,,,e797232b-da7a-f111-ab0f-00224820105b,Manuscript Review Copy,Delivered,2026-07-11T00:56:56Z,REAL_ACTIVE,/01_Pre-Pipeline/00_Inquiry/JMP-INT-202607-0W5PTQ - Jackie Smith jr - The Intentional Leader/01_Manuscript/Original/JMP-INT-202607-0W5PTQ - The Intentional Leader.docx
Dataverse,editorial_artifact,1670c216-a57c-f111-ab0f-000d3a14673b,Permanent Writeback Proof Artifact,The Intentional Leader,,,e797232b-da7a-f111-ab0f-00224820105b,Line Edit Package,Draft,2026-07-10T21:19:54Z,REAL_ACTIVE,
Dataverse,editorial_artifact,e1d91cce-fe7b-f111-ab0e-000d3a129ee8,"Calibrated Author-Facing Developmental Plan - The Intentional Leader, Volume I",The Intentional Leader,,,e797232b-da7a-f111-ab0f-00224820105b,Recommendation Letter,Delivered,2026-07-10T08:57:07Z,REAL_ACTIVE,/01_Pre-Pipeline/00_Inquiry/JMP-INT-202607-0W5PTQ - Jackie Smith jr - The Intentional Leader/20_Editorial/02_Developmental-Editing/Volume-I/06_Publisher-Review/2026-07-09 - Calibrated Author-Facing Developmental Plan - Volume I.md
Dataverse,editorial_artifact,2bfb7552-3d7c-f111-ab0f-6045bdd69678,A2 Author Review Release Packet - The Intentional Leader,The Intentional Leader,,,e797232b-da7a-f111-ab0f-00224820105b,Internal Notes Package,Delivered,2026-07-10T08:57:07Z,REAL_ACTIVE,/01_Pre-Pipeline/00_Inquiry/JMP-INT-202607-0W5PTQ - Jackie Smith jr - The Intentional Leader/20_Editorial/02_Developmental-Editing/Volume-I/06_Publisher-Review/2026-07-10 - A2 Author Review Release Packet.md
Dataverse,editorial_artifact,dcb770cc-fe7b-f111-ab0f-000d3a14673b,"Internal Publisher Review Result - The Intentional Leader, Volume I",The Intentional Leader,,,e797232b-da7a-f111-ab0f-00224820105b,Internal Notes Package,Delivered,2026-07-10T01:29:34Z,REAL_ACTIVE,/01_Pre-Pipeline/00_Inquiry/JMP-INT-202607-0W5PTQ - Jackie Smith jr - The Intentional Leader/20_Editorial/02_Developmental-Editing/Volume-I/06_Publisher-Review/2026-07-09 - Internal Publisher Review Result - Volume I.md
Dataverse,editorial_artifact,b7d93fce-fe7b-f111-ab0f-7c1e525b15c2,"A2 Developmental Approval Package - Internal - The Intentional Leader, Volume I",The Intentional Leader,,,e797232b-da7a-f111-ab0f-00224820105b,Internal Notes Package,Draft,2026-07-10T01:29:34Z,REAL_ACTIVE,/01_Pre-Pipeline/00_Inquiry/JMP-INT-202607-0W5PTQ - Jackie Smith jr - The Intentional Leader/20_Editorial/02_Developmental-Editing/Volume-I/07_Author-Approval-Package/2026-07-09 - A2 Developmental Approval Package - Internal.md
Dataverse,editorial_artifact,06d1dcd3-fb7b-f111-ab0e-000d3a129ee8,Volume I Developmental Structure Map - The Intentional Leader,The Intentional Leader,,,e797232b-da7a-f111-ab0f-00224820105b,Internal Notes Package,Delivered,2026-07-10T01:08:16Z,REAL_ACTIVE,/01_Pre-Pipeline/00_Inquiry/JMP-INT-202607-0W5PTQ - Jackie Smith jr - The Intentional Leader/20_Editorial/02_Developmental-Editing/Volume-I/03_Structure-Map/2026-07-09 - Volume I Developmental Structure Map.md
Dataverse,editorial_artifact,c8df10d0-fb7b-f111-ab0f-000d3a14673b,Volume I Developmental Working Memo - The Intentional Leader,The Intentional Leader,,,e797232b-da7a-f111-ab0f-00224820105b,Internal Notes Package,Delivered,2026-07-10T01:08:16Z,REAL_ACTIVE,/01_Pre-Pipeline/00_Inquiry/JMP-INT-202607-0W5PTQ - Jackie Smith jr - The Intentional Leader/20_Editorial/02_Developmental-Editing/Volume-I/02_Working-Memo/2026-07-09 - Volume I Developmental Editing Working Memo.md
Dataverse,editorial_artifact,c9df10d0-fb7b-f111-ab0f-000d3a14673b,Volume I Entry Review Matrix - The Intentional Leader,The Intentional Leader,,,e797232b-da7a-f111-ab0f-00224820105b,Internal Notes Package,Delivered,2026-07-10T01:08:16Z,REAL_ACTIVE,/01_Pre-Pipeline/00_Inquiry/JMP-INT-202607-0W5PTQ - Jackie Smith jr - The Intentional Leader/20_Editorial/02_Developmental-Editing/Volume-I/04_Entry-Review/2026-07-09 - Volume I Entry Review Matrix.csv
Dataverse,editorial_artifact,2224d3ce-fb7b-f111-ab0f-00224820105b,Volume I Repetition and Continuity Findings - The Intentional Leader,The Intentional Leader,,,e797232b-da7a-f111-ab0f-00224820105b,Internal Notes Package,Delivered,2026-07-10T01:08:16Z,REAL_ACTIVE,/01_Pre-Pipeline/00_Inquiry/JMP-INT-202607-0W5PTQ - Jackie Smith jr - The Intentional Leader/20_Editorial/02_Developmental-Editing/Volume-I/05_Continuity-And-Repetition/2026-07-09 - Volume I Repetition and Continuity Findings.md
Dataverse,editorial_artifact,869695d4-fb7b-f111-ab0f-7c1e525b15c2,"Draft Author-Facing Developmental Plan - The Intentional Leader, Volume I",The Intentional Leader,,,e797232b-da7a-f111-ab0f-00224820105b,Recommendation Letter,Draft,2026-07-10T01:08:16Z,REAL_ACTIVE,/01_Pre-Pipeline/00_Inquiry/JMP-INT-202607-0W5PTQ - Jackie Smith jr - The Intentional Leader/20_Editorial/02_Developmental-Editing/Volume-I/06_Publisher-Review/2026-07-09 - Draft Author-Facing Developmental Plan - Volume I.md
Dataverse,editorial_artifact,280a9574-f07b-f111-ab0f-7c1e525b15c2,Quarterly Series Structure Decision - The Intentional Leader,The Intentional Leader,,,e797232b-da7a-f111-ab0f-00224820105b,Internal Notes Package,Delivered,2026-07-09T23:46:58Z,REAL_ACTIVE,/01_Pre-Pipeline/00_Inquiry/JMP-INT-202607-0W5PTQ - Jackie Smith jr - The Intentional Leader/20_Editorial/01_Editorial-Review/Internal/2026-07-09 - Quarterly Series Structure Decision - The Intentional Leader.md
Dataverse,editorial_artifact,65959ec3-d77b-f111-ab0f-6045bdd69435,Editorial Recommendation Draft - The Intentional Leader,The Intentional Leader,,,e797232b-da7a-f111-ab0f-00224820105b,Recommendation Letter,Approved,2026-07-09T23:46:57Z,REAL_ACTIVE,/01_Pre-Pipeline/00_Inquiry/JMP-INT-202607-0W5PTQ - Jackie Smith jr - The Intentional Leader/20_Editorial/01_Editorial-Review/Internal/2026-07-09 - Editorial Recommendation Draft - The Intentional Leader.md
Dataverse,editorial_artifact,63959ec3-d77b-f111-ab0f-6045bdd69435,Editorial Diagnostic Memo - The Intentional Leader,The Intentional Leader,,,e797232b-da7a-f111-ab0f-00224820105b,Internal Notes Package,Delivered,2026-07-09T20:50:10Z,REAL_ACTIVE,/01_Pre-Pipeline/00_Inquiry/JMP-INT-202607-0W5PTQ - Jackie Smith jr - The Intentional Leader/20_Editorial/01_Editorial-Review/Internal/2026-07-09 - Editorial Diagnostic Memo - The Intentional Leader.md
SharePointSync,sharepoint_folder,"/Users/jmerrillone/Library/CloudStorage/OneDrive-JMerrillFoundation,Inc/JM1-PUB/01_Titles/01_Editorial-Review/Compilation-Reconciliation",Compilation-Reconciliation,Compilation-Reconciliation,,,,01_Editorial-Review,,,RECONCILIATION_REQUIRED,"/Users/jmerrillone/Library/CloudStorage/OneDrive-JMerrillFoundation,Inc/JM1-PUB/01_Titles/01_Editorial-Review/Compilation-Reconciliation"
SharePointSync,sharepoint_folder,"/Users/jmerrillone/Library/CloudStorage/OneDrive-JMerrillFoundation,Inc/JM1-PUB/01_Titles/01_Editorial-Review/JMP-INT-202607-6R2MPZ - Jackie Smith Jr - The Long Watch",JMP-INT-202607-6R2MPZ - Jackie Smith Jr - The Long Watch,The Long Watch,Jackie Smith Jr,JMP-INT-202607-6R2MPZ,,01_Editorial-Review,,,REAL_ACTIVE,"/Users/jmerrillone/Library/CloudStorage/OneDrive-JMerrillFoundation,Inc/JM1-PUB/01_Titles/01_Editorial-Review/JMP-INT-202607-6R2MPZ - Jackie Smith Jr - The Long Watch"
SharePointSync,sharepoint_folder,"/Users/jmerrillone/Library/CloudStorage/OneDrive-JMerrillFoundation,Inc/JM1-PUB/01_Titles/02_Developmental-Editing/JMP-INT-202606-UFYG6O - Jackie Smith Jr - Establishing Glory The Library",JMP-INT-202606-UFYG6O - Jackie Smith Jr - Establishing Glory The Library,Establishing Glory The Library,Jackie Smith Jr,JMP-INT-202606-UFYG6O,,02_Developmental-Editing,,,REAL_ACTIVE,"/Users/jmerrillone/Library/CloudStorage/OneDrive-JMerrillFoundation,Inc/JM1-PUB/01_Titles/02_Developmental-Editing/JMP-INT-202606-UFYG6O - Jackie Smith Jr - Establishing Glory The Library"
SharePointSync,sharepoint_folder,"/Users/jmerrillone/Library/CloudStorage/OneDrive-JMerrillFoundation,Inc/JM1-PUB/01_Titles/02_Developmental-Editing/JMP-INT-202607-DL2T20 - Iyorwuese Hagher - The General's Will and Last Testament",JMP-INT-202607-DL2T20 - Iyorwuese Hagher - The General's Will and Last Testament,The General's Will and Last Testament,Iyorwuese Hagher,JMP-INT-202607-DL2T20,,02_Developmental-Editing,,,REAL_ACTIVE,"/Users/jmerrillone/Library/CloudStorage/OneDrive-JMerrillFoundation,Inc/JM1-PUB/01_Titles/02_Developmental-Editing/JMP-INT-202607-DL2T20 - Iyorwuese Hagher - The General's Will and Last Testament"
SharePointSync,sharepoint_folder,"/Users/jmerrillone/Library/CloudStorage/OneDrive-JMerrillFoundation,Inc/JM1-PUB/01_Titles/02_Developmental-Editing/JMP-INT-202607-LQPHEK - Sean Crowley - Before You Were Born",JMP-INT-202607-LQPHEK - Sean Crowley - Before You Were Born,Before You Were Born,Sean Crowley,JMP-INT-202607-LQPHEK,,02_Developmental-Editing,,,REAL_ACTIVE,"/Users/jmerrillone/Library/CloudStorage/OneDrive-JMerrillFoundation,Inc/JM1-PUB/01_Titles/02_Developmental-Editing/JMP-INT-202607-LQPHEK - Sean Crowley - Before You Were Born"
SharePointSync,sharepoint_folder,"/Users/jmerrillone/Library/CloudStorage/OneDrive-JMerrillFoundation,Inc/JM1-PUB/01_Titles/05_Proofreading/JMP-INT-202607-0W5PTQ - Jackie Smith jr - The Intentional Leader",JMP-INT-202607-0W5PTQ - Jackie Smith jr - The Intentional Leader,The Intentional Leader,Jackie Smith jr,JMP-INT-202607-0W5PTQ,,05_Proofreading,,,REAL_ACTIVE,"/Users/jmerrillone/Library/CloudStorage/OneDrive-JMerrillFoundation,Inc/JM1-PUB/01_Titles/05_Proofreading/JMP-INT-202607-0W5PTQ - Jackie Smith jr - The Intentional Leader"
SharePointSync,sharepoint_folder,"/Users/jmerrillone/Library/CloudStorage/OneDrive-JMerrillFoundation,Inc/JM1-PUB/01_Titles/06_Production/02_Cover-Design",02_Cover-Design,02_Cover-Design,,,,06_Production,,,RECONCILIATION_REQUIRED,"/Users/jmerrillone/Library/CloudStorage/OneDrive-JMerrillFoundation,Inc/JM1-PUB/01_Titles/06_Production/02_Cover-Design"
SharePointSync,sharepoint_folder,"/Users/jmerrillone/Library/CloudStorage/OneDrive-JMerrillFoundation,Inc/JM1-PUB/01_Titles/06_Production/02_Interior-Layout",02_Interior-Layout,02_Interior-Layout,,,,06_Production,,,RECONCILIATION_REQUIRED,"/Users/jmerrillone/Library/CloudStorage/OneDrive-JMerrillFoundation,Inc/JM1-PUB/01_Titles/06_Production/02_Interior-Layout"
