canonicalProductId,generatedStableProductId,canonicalProductKey,canonicalWorkId,canonicalEditionId,title,authorDisplayName,format,rawFormat,isbn13,legacyOrAudioIdentifier,asin,publicationDate,distributionState,knownChannels,productRelationship,rawLegacyStatus,legacyStatusInterpretation,rawHouse,legacyHouseInterpretation,rawContract,legacyContractInterpretation,sourceRowNumber,existingAssetMatched
ede394cd-c47a-f111-ab0f-000d3a9eacee,cdeb3fca-3d14-5161-a529-21d4684a66ef,identifier:1981006001,b1b61ac7-c37a-f111-ab0f-00224820105b,d1b585e4-765b-5402-a3b0-4d5398130982,Establishing Glory: The Praise and Worship Handbook,"Jackie Smith, Jr.",EBOOK,Digital online,,1981006001,B07CV3PL7C,2018-05-04,CURRENTLY_DISTRIBUTED,AMAZON_KINDLE,CATALOG_EDITION,AC (USA),OPAQUE_LEGACY_CODE,,,1,OPAQUE_LEGACY_CODE,2,true
eee394cd-c47a-f111-ab0f-000d3a9eacee,e05092d0-ba61-58e6-aa54-339f2090ca71,identifier:9780578523712,c9f603d3-c27a-f111-ab0f-000d3a14673b,e0333c24-9d35-5c44-ae0e-3e8f7f478c08,Uncomfortable Conversations with God,Leslie Banks,PAPERBACK,Paperback,9780578523712,,,2019-09-09,CURRENTLY_DISTRIBUTED,,CATALOG_EDITION,AC (USA),OPAQUE_LEGACY_CODE,Y,OPAQUE_LEGACY_CODE,1,OPAQUE_LEGACY_CODE,3,true
3c2d53d0-c47a-f111-ab0f-000d3a14673b,8ef53214-da43-5a20-ad1b-4b704a964f8f,identifier:9780985263126,7f67a4c3-c37a-f111-ab0f-6045bdd69678,41dc9063-3473-5e52-ac97-6ec6c3ad0954,God’s Business Plan,Terry Stephens,PAPERBACK,Paperback,9780985263126,,,2022-06-01,CURRENTLY_DISTRIBUTED,,CATALOG_EDITION,AC (USA),OPAQUE_LEGACY_CODE,,,1,OPAQUE_LEGACY_CODE,4,true
3d2d53d0-c47a-f111-ab0f-000d3a14673b,e62ddd10-befd-56f6-a099-807a8db3ba82,identifier:9780985263133,7f67a4c3-c37a-f111-ab0f-6045bdd69678,41dc9063-3473-5e52-ac97-6ec6c3ad0954,God’s Business Plan,Terry Stephens,EBOOK,Ebook,9780985263133,,,2022-06-01,CURRENTLY_DISTRIBUTED,,CATALOG_EDITION,AC (USA),OPAQUE_LEGACY_CODE,,,1,OPAQUE_LEGACY_CODE,5,true
f6e394cd-c47a-f111-ab0f-000d3a9eacee,9532ad16-ff0d-52ee-a8a6-ce9f9fd9a196,identifier:9781731131775,dbb71ac7-c37a-f111-ab0f-00224820105b,1127f836-6f89-5dd3-af58-4b3e225fa601,Establishing Glory: The Relationship Handbook,"Jackie Smith, Jr.",PAPERBACK,Paperback,9781731131775,,,2018-11-22,CURRENTLY_DISTRIBUTED,,CATALOG_EDITION,AC (USA),OPAQUE_LEGACY_CODE,Y,OPAQUE_LEGACY_CODE,1,OPAQUE_LEGACY_CODE,6,true
5e319ccf-c47a-f111-ab0f-000d3a1a9efa,62a3cf2d-b600-52ed-a76c-73fa70849756,identifier:9781735425031,d0f603d3-c27a-f111-ab0f-000d3a14673b,219695d3-de2c-5192-ad07-5c45810b16dd,27 Days to Overcoming Depression,Donjia Walls,EBOOK,Ebook,9781735425031,,,2025-02-01,CURRENTLY_DISTRIBUTED,,CATALOG_EDITION,AC (USA),OPAQUE_LEGACY_CODE,,,1,OPAQUE_LEGACY_CODE,7,true
e16d1dd0-c47a-f111-ab0f-6045bdd69678,eaf26864-3c7d-5e2d-ad2b-86c87371c8e6,identifier:9781792313707,938904ca-c27a-f111-ab0f-6045bdd69738,ae968199-be54-564d-ab32-df0c8dcd9cf8,Come Out of Hiding,Christina Banner,PAPERBACK,Paperback,9781792313707,,,2020-02-02,CURRENTLY_DISTRIBUTED,,CATALOG_EDITION,AC (USA),OPAQUE_LEGACY_CODE,Y,OPAQUE_LEGACY_CODE,1,OPAQUE_LEGACY_CODE,8,true
02e494cd-c47a-f111-ab0f-000d3a9eacee,1dc1c7f6-780d-5666-a172-52fe13507807,identifier:9781950719006,9242c1c2-c37a-f111-ab0f-000d3a14673b,10614735-bc5d-55d1-a898-8bd4da40f78e,Establishing Glory,"Jackie Smith, Jr.",PAPERBACK,Paperback,9781950719006,,,2019-04-03,CURRENTLY_DISTRIBUTED,,ORIGINAL_EDITION,AC (USA),OPAQUE_LEGACY_CODE,Y,OPAQUE_LEGACY_CODE,1,OPAQUE_LEGACY_CODE,9,true
09e494cd-c47a-f111-ab0f-000d3a9eacee,c2657f2b-4742-5a84-a9a2-394a6a959ae1,identifier:9781950719013,9242c1c2-c37a-f111-ab0f-000d3a14673b,10614735-bc5d-55d1-a898-8bd4da40f78e,Establishing Glory,"Jackie Smith, Jr.",EBOOK,Ebook,9781950719013,,B07YX7B5WR,2019-04-03,CURRENTLY_DISTRIBUTED,AMAZON_KINDLE,ORIGINAL_EDITION,AC (USA),OPAQUE_LEGACY_CODE,,,1,OPAQUE_LEGACY_CODE,10,true
f28c52cf-c47a-f111-ab0f-6045bdd69738,a0592931-7927-56e4-a887-786504dbb844,identifier:9781950719020,9242c1c2-c37a-f111-ab0f-000d3a14673b,10614735-bc5d-55d1-a898-8bd4da40f78e,Establishing Glory,"Jackie Smith, Jr.",HARDCOVER,Hardback,9781950719020,,,2019-04-06,CURRENTLY_DISTRIBUTED,,ORIGINAL_EDITION,AC (USA),OPAQUE_LEGACY_CODE,Y,OPAQUE_LEGACY_CODE,1,OPAQUE_LEGACY_CODE,11,true
402d53d0-c47a-f111-ab0f-000d3a14673b,7a98c985-37db-5e48-a42b-af368a3304e0,identifier:9781950719037,9342c1c2-c37a-f111-ab0f-000d3a14673b,b285f428-1e09-5d97-a416-06615e6cf53e,Establishing Glory 2,"Jackie Smith, Jr.",PAPERBACK,Paperback,9781950719037,,,2019-04-14,CURRENTLY_DISTRIBUTED,,CATALOG_EDITION,AC (USA),OPAQUE_LEGACY_CODE,Y,OPAQUE_LEGACY_CODE,1,OPAQUE_LEGACY_CODE,12,true
412d53d0-c47a-f111-ab0f-000d3a14673b,91f39715-341b-52cb-a356-a52ea0532b19,identifier:9781950719044,9342c1c2-c37a-f111-ab0f-000d3a14673b,b285f428-1e09-5d97-a416-06615e6cf53e,Establishing Glory 2,"Jackie Smith, Jr.",EBOOK,Ebook - EPUB,9781950719044,,B07YXGFX8P,2019-04-14,CURRENTLY_DISTRIBUTED,AMAZON_KINDLE,CATALOG_EDITION,AC (USA),OPAQUE_LEGACY_CODE,,,1,OPAQUE_LEGACY_CODE,13,true
422d53d0-c47a-f111-ab0f-000d3a14673b,1864ec55-1bf4-5532-ac58-53443cbbf5f0,identifier:9781950719051,9342c1c2-c37a-f111-ab0f-000d3a14673b,b285f428-1e09-5d97-a416-06615e6cf53e,Establishing Glory 2,"Jackie Smith, Jr.",HARDCOVER,Hardback,9781950719051,,,2019-04-15,CURRENTLY_DISTRIBUTED,,CATALOG_EDITION,AC (USA),OPAQUE_LEGACY_CODE,Y,OPAQUE_LEGACY_CODE,1,OPAQUE_LEGACY_CODE,14,true
442d53d0-c47a-f111-ab0f-000d3a14673b,4ae98253-2405-5c8e-a219-32490bda6ccc,identifier:9781950719068,17e01ad3-c27a-f111-ab0f-6045bdd69678,fec6d69a-85c4-5d3d-a99e-a011b57882df,The Girl with the Ebony Locs and the Three Bears,Deborah Eiland,PAPERBACK,Paperback,9781950719068,,,2019-10-01,CURRENTLY_DISTRIBUTED,,CATALOG_EDITION,AC (USA),OPAQUE_LEGACY_CODE,,,1,OPAQUE_LEGACY_CODE,15,true
ed6d1dd0-c47a-f111-ab0f-6045bdd69678,a36a39ce-5b84-5b6c-acb3-f645386eb3ed,identifier:9781950719075,17e01ad3-c27a-f111-ab0f-6045bdd69678,fec6d69a-85c4-5d3d-a99e-a011b57882df,The Girl with the Ebony Locs and the Three Bears,Deborah Eiland,EBOOK,Ebook,9781950719075,,B081PRHKL5,2019-11-18,CURRENTLY_DISTRIBUTED,AMAZON_KINDLE,CATALOG_EDITION,AC (USA),OPAQUE_LEGACY_CODE,,,1,OPAQUE_LEGACY_CODE,16,true
f486d5d0-c47a-f111-ab0f-6045bdd69435,c05a2fb8-c1d8-55d6-afcd-721a8d8f5845,identifier:9781950719082,16e01ad3-c27a-f111-ab0f-6045bdd69678,53baebe1-4f66-5084-ac59-3eeaaf2d393c,The Celestial Advantage,Obadiah Harris,PAPERBACK,Paperback,9781950719082,,,2019-10-15,CURRENTLY_DISTRIBUTED,,CATALOG_EDITION,AC (USA),OPAQUE_LEGACY_CODE,Y,OPAQUE_LEGACY_CODE,1,OPAQUE_LEGACY_CODE,17,true
068d52cf-c47a-f111-ab0f-6045bdd69738,264b2101-c100-5d15-a3ff-c7d84e0a8052,identifier:9781950719099,16e01ad3-c27a-f111-ab0f-6045bdd69678,53baebe1-4f66-5084-ac59-3eeaaf2d393c,The Celestial Advantage,Obadiah Harris,EBOOK,Ebook,9781950719099,,B07Z7K2R6W,2019-10-15,CURRENTLY_DISTRIBUTED,AMAZON_KINDLE,CATALOG_EDITION,AC (USA),OPAQUE_LEGACY_CODE,,,1,OPAQUE_LEGACY_CODE,18,true
17e494cd-c47a-f111-ab0f-000d3a9eacee,690a18e0-a63f-52ee-a201-87cf376d1cd0,identifier:9781950719105,865f72d0-c27a-f111-ab0f-6045bdd69738,bb465e1c-303a-53ab-a55b-f69e66b48527,Number 23 and Me,Wayne Pounds,PAPERBACK,Paperback,9781950719105,,,2020-04-23,CURRENTLY_DISTRIBUTED,,CATALOG_EDITION,AC (USA),OPAQUE_LEGACY_CODE,Y,OPAQUE_LEGACY_CODE,1,OPAQUE_LEGACY_CODE,19,true
462d53d0-c47a-f111-ab0f-000d3a14673b,5a201ec6-f62c-5543-aced-72f6199c89ec,identifier:9781950719112,c9f603d3-c27a-f111-ab0f-000d3a14673b,e0333c24-9d35-5c44-ae0e-3e8f7f478c08,Uncomfortable Conversations with God,Leslie Banks,EBOOK,Ebook,9781950719112,,,2019-09-09,CURRENTLY_DISTRIBUTED,,CATALOG_EDITION,AC (USA),OPAQUE_LEGACY_CODE,,,1,OPAQUE_LEGACY_CODE,20,true
108d52cf-c47a-f111-ab0f-6045bdd69738,1d4d62d4-683d-5e7a-a39d-94450a730cbf,identifier:9781950719129,865f72d0-c27a-f111-ab0f-6045bdd69738,bb465e1c-303a-53ab-a55b-f69e66b48527,Number 23 and Me,Wayne Pounds,EBOOK,Ebook,9781950719129,,B081HF4X12,2020-04-23,CURRENTLY_DISTRIBUTED,AMAZON_KINDLE,CATALOG_EDITION,AC (USA),OPAQUE_LEGACY_CODE,,,1,OPAQUE_LEGACY_CODE,21,true
148d52cf-c47a-f111-ab0f-6045bdd69738,23a0650f-2164-5dc1-ab9d-91cf433f5a67,identifier:9781950719136,7e67a4c3-c37a-f111-ab0f-6045bdd69678,456bfb0d-b513-5b31-a9b2-e87c1c99f19d,Establishing Glory 3,"Jackie Smith, Jr.",PAPERBACK,Paperback,9781950719136,,,2019-11-11,CURRENTLY_DISTRIBUTED,,CATALOG_EDITION,AC (USA),OPAQUE_LEGACY_CODE,Y,OPAQUE_LEGACY_CODE,1,OPAQUE_LEGACY_CODE,22,true
476ae3d3-c47a-f111-ab0f-000d3a9eacee,17bf4feb-12cf-5c63-a022-d8dadd0598d0,identifier:9781950719143,7e67a4c3-c37a-f111-ab0f-6045bdd69678,456bfb0d-b513-5b31-a9b2-e87c1c99f19d,Establishing Glory 3,"Jackie Smith, Jr.",EBOOK,Ebook,9781950719143,,B07Z5GP3LC,2019-11-11,CURRENTLY_DISTRIBUTED,AMAZON_KINDLE,CATALOG_EDITION,AC (USA),OPAQUE_LEGACY_CODE,,,1,OPAQUE_LEGACY_CODE,23,true
f586d5d0-c47a-f111-ab0f-6045bdd69435,42cfb70e-3afc-542a-a488-aadf9d8faf0e,identifier:9781950719150,7e67a4c3-c37a-f111-ab0f-6045bdd69678,456bfb0d-b513-5b31-a9b2-e87c1c99f19d,Establishing Glory 3,"Jackie Smith, Jr.",HARDCOVER,Hardback,9781950719150,,,2019-11-11,CURRENTLY_DISTRIBUTED,,CATALOG_EDITION,AC (USA),OPAQUE_LEGACY_CODE,Y,OPAQUE_LEGACY_CODE,1,OPAQUE_LEGACY_CODE,24,true
78319ccf-c47a-f111-ab0f-000d3a1a9efa,12ab1c2c-5690-5a37-ac3d-0711da63e23a,identifier:9781950719167,293274cd-c27a-f111-ab0f-6045bdd69435,df69fbe1-6b4c-50c6-aad4-f09023ca6eb6,"Help God, I Am Afraid",Cheryl Travis,HARDCOVER,Hardback,9781950719167,,,2019-12-01,CURRENTLY_DISTRIBUTED,,CATALOG_EDITION,AC (USA),OPAQUE_LEGACY_CODE,Y,OPAQUE_LEGACY_CODE,1,OPAQUE_LEGACY_CODE,25,true
049515d1-c47a-f111-ab0f-00224820105b,98acf30c-2468-5d45-a88f-66e25e9dafcd,identifier:9781950719174,293274cd-c27a-f111-ab0f-6045bdd69435,df69fbe1-6b4c-50c6-aad4-f09023ca6eb6,"Help God, I Am Afraid",Cheryl Travis,EBOOK,Ebook,9781950719174,,B081CZTB1R,2019-11-18,CURRENTLY_DISTRIBUTED,AMAZON_KINDLE,CATALOG_EDITION,AC (USA),OPAQUE_LEGACY_CODE,,,1,OPAQUE_LEGACY_CODE,26,true
f99615d1-c47a-f111-ab0f-00224820105b,bc99fc30-2824-5abb-a1b7-8b783c45898d,identifier:9781950719181,7b67a4c3-c37a-f111-ab0f-6045bdd69678,7b4a2ba9-91b2-5795-a81a-e5a13a3c08c6,Destined to Break the Curse Devotional,"Sean Smith, Sr.",PAPERBACK,Paperback,9781950719181,,,2019-11-01,CURRENTLY_DISTRIBUTED,,CATALOG_EDITION,AC (USA),OPAQUE_LEGACY_CODE,Y,OPAQUE_LEGACY_CODE,1,OPAQUE_LEGACY_CODE,27,true
4a6ae3d3-c47a-f111-ab0f-000d3a9eacee,42f6564e-d02b-5fbd-a007-063684805074,identifier:9781950719198,7b67a4c3-c37a-f111-ab0f-6045bdd69678,7b4a2ba9-91b2-5795-a81a-e5a13a3c08c6,Destined to Break the Curse Devotional,"Sean Smith, Sr.",EBOOK,Ebook,9781950719198,,B07N44RV72,2019-11-01,CURRENTLY_DISTRIBUTED,AMAZON_KINDLE,CATALOG_EDITION,AC (USA),OPAQUE_LEGACY_CODE,,,1,OPAQUE_LEGACY_CODE,28,true
f886d5d0-c47a-f111-ab0f-6045bdd69435,6770b181-5128-595c-afc5-babccd18d59a,identifier:9781950719204,4009d7cb-c27a-f111-ab0f-6045bdd69678,1f3fc4be-1b5c-50e2-a4e7-2292f1e9a433,Are You Sure That You Are Ready?,Ericka Thornton,PAPERBACK,Paperback,9781950719204,,,2020-02-01,CURRENTLY_DISTRIBUTED,,CATALOG_EDITION,AC (USA),OPAQUE_LEGACY_CODE,Y,OPAQUE_LEGACY_CODE,1,OPAQUE_LEGACY_CODE,29,true
398d52cf-c47a-f111-ab0f-6045bdd69738,bc4aaadb-5c5c-5b48-ae44-2f9825568d45,identifier:9781950719211,b67835ca-c37a-f111-ab0f-6045bdd69678,dd9481f6-53fc-5806-a309-8d7e8791dcb6,"The Essence of Life, Love Letters to Christ",Tracy Norris,PAPERBACK,Paperback,9781950719211,,,2020-03-30,CURRENTLY_DISTRIBUTED,,CATALOG_EDITION,AC (USA),OPAQUE_LEGACY_CODE,Y,OPAQUE_LEGACY_CODE,1,OPAQUE_LEGACY_CODE,30,true
fb86d5d0-c47a-f111-ab0f-6045bdd69435,84073c87-5409-5af2-a9ca-677be531a704,identifier:9781950719228,4009d7cb-c27a-f111-ab0f-6045bdd69678,1f3fc4be-1b5c-50e2-a4e7-2292f1e9a433,Are You Sure That You Are Ready?,Ericka Thornton,EBOOK,Ebook,9781950719228,,B083WHVPSY,2020-01-20,CURRENTLY_DISTRIBUTED,AMAZON_KINDLE,CATALOG_EDITION,AC (USA),OPAQUE_LEGACY_CODE,,,1,OPAQUE_LEGACY_CODE,31,true
3d8d52cf-c47a-f111-ab0f-6045bdd69738,9279f020-f37e-5cfd-affc-b1b0fb54311e,identifier:9781950719235,b67835ca-c37a-f111-ab0f-6045bdd69678,dd9481f6-53fc-5806-a309-8d7e8791dcb6,"The Essence of Life, Love Letters to Christ",Tracy Norris,EBOOK,Ebook,9781950719235,,B083MYRJ8D,2020-03-30,CURRENTLY_DISTRIBUTED,AMAZON_KINDLE,CATALOG_EDITION,AC (USA),OPAQUE_LEGACY_CODE,,,1,OPAQUE_LEGACY_CODE,32,true
950952d5-c47a-f111-ab0f-6045bdd69738,7ce84881-db12-5175-a9e0-a7e00440d06f,identifier:9781950719242,6309d7cb-c27a-f111-ab0f-6045bdd69678,ea52a0c9-f48b-5ebf-a95e-63c542e35cab,"Help God, I Am Angry",Cheryl Travis,HARDCOVER,Hardback,9781950719242,,,2020-02-23,CURRENTLY_DISTRIBUTED,,CATALOG_EDITION,AC (USA),OPAQUE_LEGACY_CODE,Y,OPAQUE_LEGACY_CODE,1,OPAQUE_LEGACY_CODE,33,true
4c2d53d0-c47a-f111-ab0f-000d3a14673b,ce47abe8-100a-5cff-a374-9859959c29f5,identifier:9781950719259,6309d7cb-c27a-f111-ab0f-6045bdd69678,ea52a0c9-f48b-5ebf-a95e-63c542e35cab,"Help God, I Am Angry",Cheryl Travis,EBOOK,Ebook - EPUB,9781950719259,,B083P37S46,2020-02-23,CURRENTLY_DISTRIBUTED,AMAZON_KINDLE,CATALOG_EDITION,AC (USA),OPAQUE_LEGACY_CODE,,,1,OPAQUE_LEGACY_CODE,34,true
fc6d1dd0-c47a-f111-ab0f-6045bdd69678,5ffa0690-26c3-5aad-a592-1a056ac67849,identifier:9781950719266,938904ca-c27a-f111-ab0f-6045bdd69738,ae968199-be54-564d-ab32-df0c8dcd9cf8,Come Out of Hiding,Christina Banner,EBOOK,Ebook - EPUB,9781950719266,,B084FFX1X5,2020-02-02,CURRENTLY_DISTRIBUTED,AMAZON_KINDLE,CATALOG_EDITION,AC (USA),OPAQUE_LEGACY_CODE,,,1,OPAQUE_LEGACY_CODE,35,true
990952d5-c47a-f111-ab0f-6045bdd69738,93f2cdbc-b6f8-5af9-a226-49a8f175193b,identifier:9781950719273,a5084bcd-c27a-f111-ab0f-00224820105b,3554f722-fd41-55b7-a3e1-9fef9fa6d746,Jewels by Lady J,Janet Stephens,EBOOK,Ebook - EPUB,9781950719273,,B084QCNRLP,2020-02-11,CURRENTLY_DISTRIBUTED,AMAZON_KINDLE,CATALOG_EDITION,AC (USA),OPAQUE_LEGACY_CODE,,,1,OPAQUE_LEGACY_CODE,36,true
0ffad4d5-c47a-f111-ab0f-000d3a1a9efa,fc2723f2-cd30-52d1-af6e-6357b1facdca,identifier:9781950719280,a5084bcd-c27a-f111-ab0f-00224820105b,3554f722-fd41-55b7-a3e1-9fef9fa6d746,Jewels by Lady J,Janet Stephens,PAPERBACK,Paperback,9781950719280,,,2020-02-11,CURRENTLY_DISTRIBUTED,,CATALOG_EDITION,AC (USA),OPAQUE_LEGACY_CODE,Y,OPAQUE_LEGACY_CODE,1,OPAQUE_LEGACY_CODE,37,true
4d2d53d0-c47a-f111-ab0f-000d3a14673b,3f94c108-10a0-5442-aee1-318c6b61efd3,identifier:9781950719297,a5084bcd-c27a-f111-ab0f-00224820105b,3554f722-fd41-55b7-a3e1-9fef9fa6d746,Jewels by Lady J,Janet Stephens,HARDCOVER,Hardback,9781950719297,,,2020-02-11,CURRENTLY_DISTRIBUTED,,CATALOG_EDITION,AC (USA),OPAQUE_LEGACY_CODE,,,1,OPAQUE_LEGACY_CODE,38,true
40b515d6-c47a-f111-ab0f-7c1e525b15c2,a6622296-09d0-582a-adff-fdd7ff40ff43,identifier:9781950719303,343274cd-c27a-f111-ab0f-6045bdd69435,d4912b4a-4fbe-5a32-ad1e-d8c03391495d,"Help God, I Am Hurt",Cheryl Travis,HARDCOVER,Hardback,9781950719303,,,2020-05-01,CURRENTLY_DISTRIBUTED,,CATALOG_EDITION,AC (USA),OPAQUE_LEGACY_CODE,Y,OPAQUE_LEGACY_CODE,1,OPAQUE_LEGACY_CODE,39,true
1cfad4d5-c47a-f111-ab0f-000d3a1a9efa,7009954d-d97d-5e1a-a791-18502d7ddfc0,identifier:9781950719310,343274cd-c27a-f111-ab0f-6045bdd69435,d4912b4a-4fbe-5a32-ad1e-d8c03391495d,"Help God, I Am Hurt",Cheryl Travis,EBOOK,Ebook,9781950719310,,B0875RV83M,2020-05-01,CURRENTLY_DISTRIBUTED,AMAZON_KINDLE,CATALOG_EDITION,AC (USA),OPAQUE_LEGACY_CODE,,,1,OPAQUE_LEGACY_CODE,40,true
1efad4d5-c47a-f111-ab0f-000d3a1a9efa,d5d5f019-0a22-5a20-a168-598576d1d58e,identifier:9781950719327,2c946ac0-c37a-f111-ab0f-00224820105b,c016d014-4a28-561d-a49f-5e94c07dc09d,"A Truebies Guide, Part 2",Alesia Corpening,PAPERBACK,Paperback,9781950719327,,,2020-10-01,CURRENTLY_DISTRIBUTED,,CATALOG_EDITION,AC (USA),OPAQUE_LEGACY_CODE,Y,OPAQUE_LEGACY_CODE,1,OPAQUE_LEGACY_CODE,41,true
0dc94cd6-c47a-f111-ab0f-6045bdd69678,14bf3ae2-89b9-5dae-a9cc-e365202ed87a,identifier:9781950719334,2c946ac0-c37a-f111-ab0f-00224820105b,c016d014-4a28-561d-a49f-5e94c07dc09d,"A Truebies Guide, Part 2",Alesia Corpening,EBOOK,Ebook,9781950719334,,B08HVD573H,2020-10-01,CURRENTLY_DISTRIBUTED,AMAZON_KINDLE,CATALOG_EDITION,AC (USA),OPAQUE_LEGACY_CODE,,,1,OPAQUE_LEGACY_CODE,42,true
4f59e3d6-c47a-f111-ab0f-6045bdd69435,e21a0f1f-6567-5e15-a34f-3111c2b4d90a,identifier:9781950719341,9c4b00d4-c27a-f111-ab0f-00224820105b,d223e11e-9e74-57d3-a9d9-3e5816173bc6,Destined to Break the Curse,"Sean Smith, Sr.",PAPERBACK,Paperback,9781950719341,,,2020-06-15,CURRENTLY_DISTRIBUTED,,CATALOG_EDITION,AC (USA),OPAQUE_LEGACY_CODE,Y,OPAQUE_LEGACY_CODE,1,OPAQUE_LEGACY_CODE,43,true
46b515d6-c47a-f111-ab0f-7c1e525b15c2,3571ae3e-9569-5c81-a1f9-c99ac4ce9bc2,identifier:9781950719358,9c4b00d4-c27a-f111-ab0f-00224820105b,d223e11e-9e74-57d3-a9d9-3e5816173bc6,Destined to Break the Curse,"Sean Smith, Sr.",EBOOK,Ebook,9781950719358,,B08953VB4M,2020-06-15,CURRENTLY_DISTRIBUTED,AMAZON_KINDLE,CATALOG_EDITION,AC (USA),OPAQUE_LEGACY_CODE,,,1,OPAQUE_LEGACY_CODE,44,true
17c94cd6-c47a-f111-ab0f-6045bdd69678,fed80d05-de2c-53b8-ad62-8ccc32cc0a7c,identifier:9781950719365,9a8797ca-c27a-f111-ab0f-7c1e525b15c2,31d7b5e1-e790-5e5a-aa3b-adebeea88cc7,Conquer Your Fears and Win,Gloria Patterson,HARDCOVER,Hardback,9781950719365,,,2020-05-28,CURRENTLY_DISTRIBUTED,,CATALOG_EDITION,AC (USA),OPAQUE_LEGACY_CODE,Y,OPAQUE_LEGACY_CODE,1,OPAQUE_LEGACY_CODE,45,true
5059e3d6-c47a-f111-ab0f-6045bdd69435,70bd1ea5-854a-5e22-a766-65a018429064,identifier:9781950719372,9a8797ca-c27a-f111-ab0f-7c1e525b15c2,31d7b5e1-e790-5e5a-aa3b-adebeea88cc7,Conquer Your Fears and Win,Gloria Patterson,EBOOK,Ebook,9781950719372,,B088FZ4FB9,2020-05-28,CURRENTLY_DISTRIBUTED,AMAZON_KINDLE,CATALOG_EDITION,AC (USA),OPAQUE_LEGACY_CODE,,,1,OPAQUE_LEGACY_CODE,46,true
4db515d6-c47a-f111-ab0f-7c1e525b15c2,12289d14-9b03-5140-aea7-ee44b0d1293b,identifier:9781950719389,b3084bcd-c27a-f111-ab0f-00224820105b,c724e2a5-1f40-5108-aa71-1e16e8146146,Life after Detour,Deanna Jones,PAPERBACK,Paperback,9781950719389,,,2020-06-01,CURRENTLY_DISTRIBUTED,,CATALOG_EDITION,AC (USA),OPAQUE_LEGACY_CODE,Y,OPAQUE_LEGACY_CODE,1,OPAQUE_LEGACY_CODE,47,true
01108ad7-c47a-f111-ab0f-00224820105b,725cddc2-7eb0-57ca-ac58-d54db513c2b8,identifier:9781950719396,b3084bcd-c27a-f111-ab0f-00224820105b,c724e2a5-1f40-5108-aa71-1e16e8146146,Life after Detour,Deanna Jones,EBOOK,Ebook,9781950719396,,B088P5GX66,2020-06-01,CURRENTLY_DISTRIBUTED,AMAZON_KINDLE,CATALOG_EDITION,AC (USA),OPAQUE_LEGACY_CODE,,,1,OPAQUE_LEGACY_CODE,48,true
916ae3d3-c47a-f111-ab0f-000d3a9eacee,6209b1e0-66b9-5538-aab0-d35b23a833b5,identifier:9781950719402,25e01ad3-c27a-f111-ab0f-6045bdd69678,9c2c08b4-9b21-5d16-a396-d4a0d4410431,"Girl, You're Not Crazy. You're Dealing with a Narcissist",Carolyn Pierce,PAPERBACK,Paperback,9781950719402,,,2020-06-01,CURRENTLY_DISTRIBUTED,,CATALOG_EDITION,AC (USA),OPAQUE_LEGACY_CODE,Y,OPAQUE_LEGACY_CODE,1,OPAQUE_LEGACY_CODE,49,true
50b515d6-c47a-f111-ab0f-7c1e525b15c2,67bd4249-e70c-542f-a28b-5a30f9f58561,identifier:9781950719419,25e01ad3-c27a-f111-ab0f-6045bdd69678,9c2c08b4-9b21-5d16-a396-d4a0d4410431,"Girl, You're Not Crazy. You're Dealing with a Narcissist",Carolyn Pierce,EBOOK,Ebook,9781950719419,,B088QJ8DWQ,2020-06-01,CURRENTLY_DISTRIBUTED,AMAZON_KINDLE,CATALOG_EDITION,AC (USA),OPAQUE_LEGACY_CODE,,,1,OPAQUE_LEGACY_CODE,50,true
33fad4d5-c47a-f111-ab0f-000d3a1a9efa,a0afa1f3-4691-5a85-a42a-ead00ee7576d,identifier:9781950719426,6109d7cb-c27a-f111-ab0f-6045bdd69678,99e473ac-c3c5-5307-a645-9bbd40c541b1,Getting Back 2 Happy,Jaylonna Stevette,PAPERBACK,Paperback,9781950719426,,,2020-08-15,CURRENTLY_DISTRIBUTED,,CATALOG_EDITION,AC (USA),OPAQUE_LEGACY_CODE,Y,OPAQUE_LEGACY_CODE,1,OPAQUE_LEGACY_CODE,51,true
5959e3d6-c47a-f111-ab0f-6045bdd69435,6d85ca48-43af-51d4-af5e-91be606f5075,identifier:9781950719433,6109d7cb-c27a-f111-ab0f-6045bdd69678,99e473ac-c3c5-5307-a645-9bbd40c541b1,Getting Back 2 Happy,Jaylonna Stevette,EBOOK,Ebook,9781950719433,,B08CHL8312,2020-08-15,CURRENTLY_DISTRIBUTED,AMAZON_KINDLE,CATALOG_EDITION,AC (USA),OPAQUE_LEGACY_CODE,,,1,OPAQUE_LEGACY_CODE,52,true
8ac65ed6-c47a-f111-ab0f-000d3a14673b,5c374992-0efb-53d7-a4b0-6dc1bdfbeaf4,identifier:9781950719440,9b4b00d4-c27a-f111-ab0f-00224820105b,7e7dc7db-0eb8-5861-a527-67109365da66,Because the Lord is My Shepherd,Carolyn Pierce,PAPERBACK,Paperback,9781950719440,,,2020-08-01,CURRENTLY_DISTRIBUTED,,CATALOG_EDITION,AC (USA),OPAQUE_LEGACY_CODE,Y,OPAQUE_LEGACY_CODE,1,OPAQUE_LEGACY_CODE,53,true
ac0952d5-c47a-f111-ab0f-6045bdd69738,a184393a-ae90-53b8-a7d1-4a8921d12a3e,identifier:9781950719457,9b4b00d4-c27a-f111-ab0f-00224820105b,7e7dc7db-0eb8-5861-a527-67109365da66,Because the Lord is My Shepherd,Carolyn Pierce,EBOOK,Ebook,9781950719457,,B08CL6F7KF,2020-08-01,CURRENTLY_DISTRIBUTED,AMAZON_KINDLE,CATALOG_EDITION,AC (USA),OPAQUE_LEGACY_CODE,,,1,OPAQUE_LEGACY_CODE,54,true
9f6ae3d3-c47a-f111-ab0f-000d3a9eacee,879e81a4-328d-523a-a003-4dd8e0fab134,identifier:9781950719464,9a8797ca-c27a-f111-ab0f-7c1e525b15c2,31d7b5e1-e790-5e5a-aa3b-adebeea88cc7,Conquer Your Fears and Win,Gloria Patterson,PAPERBACK,Paperback,9781950719464,,,2020-07-25,CURRENTLY_DISTRIBUTED,,CATALOG_EDITION,AC (USA),OPAQUE_LEGACY_CODE,,,1,OPAQUE_LEGACY_CODE,55,true
18c94cd6-c47a-f111-ab0f-6045bdd69678,4596f513-66a2-5ebd-ad03-e4572bdccde4,identifier:9781950719471,c2f603d3-c27a-f111-ab0f-000d3a14673b,f118bc04-74be-5014-a3da-001dbbd4b1f3,The Hood,Randall Beverly,PAPERBACK,Paperback,9781950719471,,,2020-09-01,CURRENTLY_DISTRIBUTED,,CATALOG_EDITION,AC (USA),OPAQUE_LEGACY_CODE,Y,OPAQUE_LEGACY_CODE,1,OPAQUE_LEGACY_CODE,56,true
36fad4d5-c47a-f111-ab0f-000d3a1a9efa,30dde503-e70c-5318-a61d-996a5bff3407,identifier:9781950719488,c2f603d3-c27a-f111-ab0f-000d3a14673b,f118bc04-74be-5014-a3da-001dbbd4b1f3,The Hood,Randall Beverly,EBOOK,Ebook,9781950719488,,B08FCWPBR2,2020-09-01,CURRENTLY_DISTRIBUTED,AMAZON_KINDLE,CATALOG_EDITION,AC (USA),OPAQUE_LEGACY_CODE,,,1,OPAQUE_LEGACY_CODE,57,true
52b515d6-c47a-f111-ab0f-7c1e525b15c2,df32b03c-9627-5ca8-ac6a-ae3a74df2049,identifier:9781950719495,161405c7-c37a-f111-ab0f-7c1e525b15c2,27f18cf0-07da-5475-a4cb-470c38f56d29,"Focus, Trust, & Follow",Shana Byrd,PAPERBACK,Paperback,9781950719495,,,2020-09-01,CURRENTLY_DISTRIBUTED,,CATALOG_EDITION,AC (USA),OPAQUE_LEGACY_CODE,Y,OPAQUE_LEGACY_CODE,1,OPAQUE_LEGACY_CODE,58,true
b70952d5-c47a-f111-ab0f-6045bdd69738,d17688c3-f4dc-5317-ab1f-74a1c26f4401,identifier:9781950719501,161405c7-c37a-f111-ab0f-7c1e525b15c2,27f18cf0-07da-5475-a4cb-470c38f56d29,"Focus, Trust, & Follow",Shana Byrd,EBOOK,Ebook,9781950719501,,B08FHRPK7M,2020-09-01,CURRENTLY_DISTRIBUTED,AMAZON_KINDLE,CATALOG_EDITION,AC (USA),OPAQUE_LEGACY_CODE,,,1,OPAQUE_LEGACY_CODE,59,true
ba0952d5-c47a-f111-ab0f-6045bdd69738,1f9fab28-cd34-5245-a9f1-8c81ac7f7eec,identifier:9781950719518,9e3274cd-c27a-f111-ab0f-6045bdd69435,64834afd-5681-5725-ae6d-2253d85ed6aa,Never Give up on Love,Pamela Smith,EBOOK,Ebook,9781950719518,,B08HWRNPRY,2020-10-01,CURRENTLY_DISTRIBUTED,AMAZON_KINDLE,CATALOG_EDITION,AC (USA),OPAQUE_LEGACY_CODE,,,1,OPAQUE_LEGACY_CODE,60,true
aec65ed6-c47a-f111-ab0f-000d3a14673b,59a147c6-9c1d-582c-a772-77aaaf15c468,identifier:9781950719525,9e3274cd-c27a-f111-ab0f-6045bdd69435,64834afd-5681-5725-ae6d-2253d85ed6aa,Never Give up on Love,Pamela Smith,PAPERBACK,Paperback,9781950719525,,,2020-10-01,CURRENTLY_DISTRIBUTED,,CATALOG_EDITION,AC (USA),OPAQUE_LEGACY_CODE,Y,OPAQUE_LEGACY_CODE,1,OPAQUE_LEGACY_CODE,61,true
55b515d6-c47a-f111-ab0f-7c1e525b15c2,be7962c1-44fe-53f4-a308-4cdead18ef56,identifier:9781950719532,563274cd-c27a-f111-ab0f-6045bdd69435,bed0bed7-e349-5e82-a39a-40bb9ab32f36,I Am My Worst Enemy!,Maurche Reed,EBOOK,Ebook,9781950719532,,B08HX594J8,2020-10-01,CURRENTLY_DISTRIBUTED,AMAZON_KINDLE,CATALOG_EDITION,AC (USA),OPAQUE_LEGACY_CODE,,,1,OPAQUE_LEGACY_CODE,62,true
5c59e3d6-c47a-f111-ab0f-6045bdd69435,d1bfa7b4-d85d-5b68-a754-0cd61b46586c,identifier:9781950719549,563274cd-c27a-f111-ab0f-6045bdd69435,bed0bed7-e349-5e82-a39a-40bb9ab32f36,I Am My Worst Enemy!,Maurche Reed,PAPERBACK,Paperback,9781950719549,,,2020-10-01,CURRENTLY_DISTRIBUTED,,CATALOG_EDITION,AC (USA),OPAQUE_LEGACY_CODE,Y,OPAQUE_LEGACY_CODE,1,OPAQUE_LEGACY_CODE,63,true
42fad4d5-c47a-f111-ab0f-000d3a1a9efa,11095baf-817a-557a-a374-de3ed16c5ded,identifier:9781950719556,bff603d3-c27a-f111-ab0f-000d3a14673b,4b53454b-fa21-5006-aede-b76431d1bf67,Speech Therapy Works!,Cynthia Sloan,EBOOK,Ebook,9781950719556,,B08JJ54HLG,2020-11-01,CURRENTLY_DISTRIBUTED,AMAZON_KINDLE,CATALOG_EDITION,AC (USA),OPAQUE_LEGACY_CODE,,,1,OPAQUE_LEGACY_CODE,64,true
57b515d6-c47a-f111-ab0f-7c1e525b15c2,0b3f7028-0a16-5df1-a24c-587ea2ca0550,identifier:9781950719563,bff603d3-c27a-f111-ab0f-000d3a14673b,4b53454b-fa21-5006-aede-b76431d1bf67,Speech Therapy Works!,Cynthia Sloan,PAPERBACK,Paperback,9781950719563,,,2020-09-26,CURRENTLY_DISTRIBUTED,,CATALOG_EDITION,AC (USA),OPAQUE_LEGACY_CODE,Y,OPAQUE_LEGACY_CODE,1,OPAQUE_LEGACY_CODE,65,true
19c94cd6-c47a-f111-ab0f-6045bdd69678,7a305c10-ccc2-580c-a814-ccc0e7d8ee08,identifier:9781950719570,ec0f6fd3-c27a-f111-ab0f-6045bdd69435,4fd9a40d-c8c7-5f93-a1b2-a704caf193d7,Loving the Addict,Carolyn Pierce,PAPERBACK,Paperback,9781950719570,,,2020-12-01,CURRENTLY_DISTRIBUTED,,CATALOG_EDITION,AC (USA),OPAQUE_LEGACY_CODE,Y,OPAQUE_LEGACY_CODE,1,OPAQUE_LEGACY_CODE,66,true
fc430eda-c47a-f111-ab0f-000d3a9eacee,06ef047c-7272-58b6-a017-4303791e1a1a,identifier:9781950719587,ec0f6fd3-c27a-f111-ab0f-6045bdd69435,4fd9a40d-c8c7-5f93-a1b2-a704caf193d7,Loving the Addict,Carolyn Pierce,EBOOK,Ebook,9781950719587,,B08L69SRKR,2020-12-01,CURRENTLY_DISTRIBUTED,AMAZON_KINDLE,CATALOG_EDITION,AC (USA),OPAQUE_LEGACY_CODE,,,1,OPAQUE_LEGACY_CODE,67,true
7b128ad7-c47a-f111-ab0f-00224820105b,26eae5b8-4251-5a57-ae78-6523ea002200,identifier:9781950719594,5b4797d0-c27a-f111-ab0f-7c1e525b15c2,cf6f70a3-685e-5b7a-a141-e9691fa84f51,One Soul,Veronica Brown,EBOOK,Ebook,9781950719594,,B08TV6DB66,2021-03-01,CURRENTLY_DISTRIBUTED,AMAZON_KINDLE,CATALOG_EDITION,AC (USA),OPAQUE_LEGACY_CODE,,,1,OPAQUE_LEGACY_CODE,68,true
5e59e3d6-c47a-f111-ab0f-6045bdd69435,73d7e8c5-dbaa-5671-ae27-7affb27edafd,identifier:9781950719600,5b4797d0-c27a-f111-ab0f-7c1e525b15c2,cf6f70a3-685e-5b7a-a141-e9691fa84f51,One Soul,Veronica Brown,PAPERBACK,Paperback,9781950719600,,,2021-03-01,CURRENTLY_DISTRIBUTED,,CATALOG_EDITION,AC (USA),OPAQUE_LEGACY_CODE,Y,OPAQUE_LEGACY_CODE,1,OPAQUE_LEGACY_CODE,69,true
1bc94cd6-c47a-f111-ab0f-6045bdd69678,fb7e3a8d-42f2-5a12-a6be-2d6d0f412ce7,identifier:9781950719617,37ce3ac0-c37a-f111-ab0f-7c1e525b15c2,1805ecb8-40ee-5a90-a495-de343a36f338,"A Truebies Guide, Part 1",Alesia Corpening,EBOOK,Ebook,9781950719617,,,,CURRENTLY_DISTRIBUTED,,CATALOG_EDITION,AC (USA),OPAQUE_LEGACY_CODE,,,1,OPAQUE_LEGACY_CODE,70,true
4ffad4d5-c47a-f111-ab0f-000d3a1a9efa,6a3f29f9-dfb7-500d-ad6b-4b6b64d660e8,identifier:9781950719624,37ce3ac0-c37a-f111-ab0f-7c1e525b15c2,1805ecb8-40ee-5a90-a495-de343a36f338,"A Truebies Guide, Part 1",Alesia Corpening,PAPERBACK,Paperback,9781950719624,,,,CURRENTLY_DISTRIBUTED,,CATALOG_EDITION,AC (USA),OPAQUE_LEGACY_CODE,I,OPAQUE_LEGACY_CODE,1,OPAQUE_LEGACY_CODE,71,true
6859e3d6-c47a-f111-ab0f-6045bdd69435,770c74b7-55e5-576e-ad08-ab63dbc9c389,identifier:9781950719631,d7f603d3-c27a-f111-ab0f-000d3a14673b,5ce8d466-c3e9-5c87-adf2-084db234e62c,The Release of the Spirit,Lyle Goddard,EBOOK,Ebook,9781950719631,,B08P93FZX5,2021-01-01,CURRENTLY_DISTRIBUTED,AMAZON_KINDLE,CATALOG_EDITION,AC (USA),OPAQUE_LEGACY_CODE,,,1,OPAQUE_LEGACY_CODE,72,true
5afad4d5-c47a-f111-ab0f-000d3a1a9efa,4c3bc9ce-2979-549e-ac00-2d587f1d1621,identifier:9781950719648,d7f603d3-c27a-f111-ab0f-000d3a14673b,5ce8d466-c3e9-5c87-adf2-084db234e62c,The Release of the Spirit,Lyle Goddard,PAPERBACK,Paperback,9781950719648,,,2021-01-01,CURRENTLY_DISTRIBUTED,,CATALOG_EDITION,AC (USA),OPAQUE_LEGACY_CODE,Y,OPAQUE_LEGACY_CODE,1,OPAQUE_LEGACY_CODE,73,true
5cfad4d5-c47a-f111-ab0f-000d3a1a9efa,47d91008-54f2-5ac6-ad4a-8f32676ff915,identifier:9781950719655,841a04cd-c27a-f111-ab0f-000d3a14673b,8e193d25-c855-5947-a9e1-e5e3a862ae53,A Principal's Tale,Shelley McIntosh,EBOOK,Ebook,9781950719655,,B08SCCP8GS,2021-02-14,CURRENTLY_DISTRIBUTED,AMAZON_KINDLE,CATALOG_EDITION,AC (USA),OPAQUE_LEGACY_CODE,,,1,OPAQUE_LEGACY_CODE,74,true
00440eda-c47a-f111-ab0f-000d3a9eacee,a545e80f-356e-5582-aa79-39a740924f4e,identifier:9781950719662,841a04cd-c27a-f111-ab0f-000d3a14673b,8e193d25-c855-5947-a9e1-e5e3a862ae53,A Principal's Tale,Shelley McIntosh,PAPERBACK,Paperback,9781950719662,,,2021-02-14,CURRENTLY_DISTRIBUTED,,CATALOG_EDITION,AC (USA),OPAQUE_LEGACY_CODE,Y,OPAQUE_LEGACY_CODE,1,OPAQUE_LEGACY_CODE,75,true
01440eda-c47a-f111-ab0f-000d3a9eacee,7e6c0782-0ab2-5203-a78c-d7b692e5fcc5,identifier:9781950719679,f0084bcd-c27a-f111-ab0f-00224820105b,935b1d6d-b7b5-5882-a0fa-840b06515e8a,Pieces of Me All over the Place,Ashanti Flemister,EBOOK,Ebook,9781950719679,,B08TV69M9Y,2021-03-01,CURRENTLY_DISTRIBUTED,AMAZON_KINDLE,CATALOG_EDITION,AC (USA),OPAQUE_LEGACY_CODE,,,1,OPAQUE_LEGACY_CODE,76,true
92b515d6-c47a-f111-ab0f-7c1e525b15c2,875f94be-7a23-59f8-aad5-aa800360aa66,identifier:9781950719686,f0084bcd-c27a-f111-ab0f-00224820105b,935b1d6d-b7b5-5882-a0fa-840b06515e8a,Pieces of Me All over the Place,Ashanti Flemister,PAPERBACK,Paperback,9781950719686,,,2021-03-01,CURRENTLY_DISTRIBUTED,,CATALOG_EDITION,AC (USA),OPAQUE_LEGACY_CODE,Y,OPAQUE_LEGACY_CODE,1,OPAQUE_LEGACY_CODE,77,true
9bb515d6-c47a-f111-ab0f-7c1e525b15c2,34b0bf61-8eff-5b8a-ad7b-ab19a6122aea,identifier:9781950719693,9e8797ca-c27a-f111-ab0f-7c1e525b15c2,ff97711c-11f9-52e0-a491-d681be076853,"Help God, I Am Lost",Cheryl Travis,EBOOK,Ebook,9781950719693,,B08PS6C4VY,2021-01-01,CURRENTLY_DISTRIBUTED,AMAZON_KINDLE,CATALOG_EDITION,AC (USA),OPAQUE_LEGACY_CODE,,,1,OPAQUE_LEGACY_CODE,78,true
5dfad4d5-c47a-f111-ab0f-000d3a1a9efa,0873ef53-d630-53eb-aea4-66a394d6b4d7,identifier:9781950719709,9e8797ca-c27a-f111-ab0f-7c1e525b15c2,ff97711c-11f9-52e0-a491-d681be076853,"Help God, I Am Lost",Cheryl Travis,HARDCOVER,Hardback,9781950719709,,,2021-01-01,CURRENTLY_DISTRIBUTED,,CATALOG_EDITION,AC (USA),OPAQUE_LEGACY_CODE,Y,OPAQUE_LEGACY_CODE,1,OPAQUE_LEGACY_CODE,79,true
adb515d6-c47a-f111-ab0f-7c1e525b15c2,27b5e38f-d23a-5035-aded-67335c720255,identifier:9781950719716,958904ca-c27a-f111-ab0f-6045bdd69738,98a7a105-d6e0-5f99-af68-16a52b9ac174,For What It's Worth,Kelli Milligan Stammen,EBOOK,Ebook,9781950719716,,,2021-03-01,CURRENTLY_DISTRIBUTED,,CATALOG_EDITION,AC (USA),OPAQUE_LEGACY_CODE,,,1,OPAQUE_LEGACY_CODE,80,true
7e148ad7-c47a-f111-ab0f-00224820105b,08a0b190-af9d-5dc9-a64b-ca315c3dad49,identifier:9781950719723,958904ca-c27a-f111-ab0f-6045bdd69738,98a7a105-d6e0-5f99-af68-16a52b9ac174,For What It's Worth,Kelli Milligan Stammen,PAPERBACK,Paperback,9781950719723,,,2021-03-01,CURRENTLY_DISTRIBUTED,,CATALOG_EDITION,AC (USA),OPAQUE_LEGACY_CODE,Y,OPAQUE_LEGACY_CODE,1,OPAQUE_LEGACY_CODE,81,true
06440eda-c47a-f111-ab0f-000d3a9eacee,caca1740-0c35-50a0-a324-22ca5eab43a6,identifier:9781950719730,584797d0-c27a-f111-ab0f-7c1e525b15c2,8fe6863e-3c03-50df-adb6-44e0609137ef,Melodies from Heaven,Bailey Cunningham,EBOOK,Ebook,9781950719730,,B08WL5NR31,2021-03-15,CURRENTLY_DISTRIBUTED,AMAZON_KINDLE,CATALOG_EDITION,AC (USA),OPAQUE_LEGACY_CODE,,,1,OPAQUE_LEGACY_CODE,82,true
97fcf5db-c47a-f111-ab0f-000d3a1a9efa,c66f7bf1-7bdf-50d8-a030-c0b93aec371a,identifier:9781950719747,584797d0-c27a-f111-ab0f-7c1e525b15c2,8fe6863e-3c03-50df-adb6-44e0609137ef,Melodies from Heaven,Bailey Cunningham,PAPERBACK,Paperback,9781950719747,,,2021-03-15,CURRENTLY_DISTRIBUTED,,CATALOG_EDITION,AC (USA),OPAQUE_LEGACY_CODE,Y,OPAQUE_LEGACY_CODE,1,OPAQUE_LEGACY_CODE,83,true
7f148ad7-c47a-f111-ab0f-00224820105b,63b741a3-5f2e-5c54-a4a7-fb1d215f80ff,identifier:9781950719754,6509d7cb-c27a-f111-ab0f-6045bdd69678,ee309fcf-dc61-58aa-af46-bfda74026faf,"Help God, I Am Sad",Cheryl Travis,EBOOK,Ebook,9781950719754,,B08T5HZD3N,2021-03-01,CURRENTLY_DISTRIBUTED,AMAZON_KINDLE,CATALOG_EDITION,AC (USA),OPAQUE_LEGACY_CODE,,,1,OPAQUE_LEGACY_CODE,84,true
12696bdc-c47a-f111-ab0f-6045bdd69678,30eee2d3-d0f3-5d07-a720-96994033ea8d,identifier:9781950719761,6509d7cb-c27a-f111-ab0f-6045bdd69678,ee309fcf-dc61-58aa-af46-bfda74026faf,"Help God, I Am Sad",Cheryl Travis,HARDCOVER,Hardback,9781950719761,,,2021-03-01,CURRENTLY_DISTRIBUTED,,CATALOG_EDITION,AC (USA),OPAQUE_LEGACY_CODE,Y,OPAQUE_LEGACY_CODE,1,OPAQUE_LEGACY_CODE,85,true
f7dd59dc-c47a-f111-ab0f-000d3a14673b,d9fce27d-3fa0-5b62-a619-206b2f871e9e,identifier:9781950719778,99064bcd-c27a-f111-ab0f-00224820105b,7bde293b-e8f6-5996-afcd-a4a5b8505373,"Help God, I Am Confused",Cheryl Travis,EBOOK,Ebook,9781950719778,,B08TV43QPW,2021-05-01,CURRENTLY_DISTRIBUTED,AMAZON_KINDLE,CATALOG_EDITION,AC (USA),OPAQUE_LEGACY_CODE,,,1,OPAQUE_LEGACY_CODE,86,true
26578adc-c47a-f111-ab0f-7c1e525b15c2,3a6c9198-f1e8-52e3-a60b-a2e1f7b4f77c,identifier:9781950719785,99064bcd-c27a-f111-ab0f-00224820105b,7bde293b-e8f6-5996-afcd-a4a5b8505373,"Help God, I Am Confused",Cheryl Travis,HARDCOVER,Hardback,9781950719785,,,2021-05-01,CURRENTLY_DISTRIBUTED,,CATALOG_EDITION,AC (USA),OPAQUE_LEGACY_CODE,Y,OPAQUE_LEGACY_CODE,1,OPAQUE_LEGACY_CODE,87,true
27578adc-c47a-f111-ab0f-7c1e525b15c2,a332e3c7-a7cb-562f-a654-75e0f4302ad1,identifier:9781950719792,971a04cd-c27a-f111-ab0f-000d3a14673b,682baa52-cb18-5e5c-a2d9-37d78d5abc48,Inspirations from God,Edith Clay,EBOOK,Ebook - EPUB,9781950719792,,B091BDVL63,2021-05-01,CURRENTLY_DISTRIBUTED,AMAZON_KINDLE,CATALOG_EDITION,AC (USA)/AC (EBC),OPAQUE_LEGACY_CODE,,,1,OPAQUE_LEGACY_CODE,88,true
fb494fdb-c47a-f111-ab0f-6045bdd69738,92d90bdd-4e90-5e23-a28c-d54353f8ad3a,identifier:9781950719808,971a04cd-c27a-f111-ab0f-000d3a14673b,682baa52-cb18-5e5c-a2d9-37d78d5abc48,Inspirations from God,Edith Clay,PAPERBACK,Paperback,9781950719808,,,2021-05-01,CURRENTLY_DISTRIBUTED,,CATALOG_EDITION,AC (USA),OPAQUE_LEGACY_CODE,Y,OPAQUE_LEGACY_CODE,1,OPAQUE_LEGACY_CODE,89,true
fcdd59dc-c47a-f111-ab0f-000d3a14673b,d3ccc615-de85-5578-a3d4-3b5afd59cf1c,identifier:9781950719815,6409d7cb-c27a-f111-ab0f-6045bdd69678,bb2da238-e5b5-58fc-a9a4-658e087992ae,"Help God, I Am Lonely",Cheryl Travis,EBOOK,Ebook,9781950719815,,B08XN4Y93R,2021-07-01,CURRENTLY_DISTRIBUTED,AMAZON_KINDLE,CATALOG_EDITION,AC (USA),OPAQUE_LEGACY_CODE,,,1,OPAQUE_LEGACY_CODE,90,true
13696bdc-c47a-f111-ab0f-6045bdd69678,b895756c-269e-501a-a6cd-f5d857833bd7,identifier:9781950719822,6409d7cb-c27a-f111-ab0f-6045bdd69678,bb2da238-e5b5-58fc-a9a4-658e087992ae,"Help God, I Am Lonely",Cheryl Travis,HARDCOVER,Hardback,9781950719822,,,2021-07-01,CURRENTLY_DISTRIBUTED,,CATALOG_EDITION,AC (USA),OPAQUE_LEGACY_CODE,Y,OPAQUE_LEGACY_CODE,1,OPAQUE_LEGACY_CODE,91,true
8a148ad7-c47a-f111-ab0f-00224820105b,a123ac6d-aae0-51ad-a393-14d22c16e9ec,identifier:9781950719839,9242c1c2-c37a-f111-ab0f-000d3a14673b,b524f9d8-bc38-5a3d-aff4-85984791f54d,Establishing Glory,"Jackie Smith, Jr.",EBOOK,Ebook,9781950719839,,B08SW6G5ZL,2021-02-14,CURRENTLY_DISTRIBUTED,AMAZON_KINDLE,REISSUE,AC (USA),OPAQUE_LEGACY_CODE,,,1,OPAQUE_LEGACY_CODE,92,true
fddd59dc-c47a-f111-ab0f-000d3a14673b,13904fee-42ee-5eac-a0ab-227d61727616,identifier:9781950719846,9242c1c2-c37a-f111-ab0f-000d3a14673b,b524f9d8-bc38-5a3d-aff4-85984791f54d,Establishing Glory,"Jackie Smith, Jr.",PAPERBACK,Paperback,9781950719846,,,2021-02-14,CURRENTLY_DISTRIBUTED,,REISSUE,AC (USA),OPAQUE_LEGACY_CODE,Y,OPAQUE_LEGACY_CODE,1,OPAQUE_LEGACY_CODE,93,true
32578adc-c47a-f111-ab0f-7c1e525b15c2,b6786cbd-8e3f-53fb-a87e-64d6e14aef10,identifier:9781950719853,574797d0-c27a-f111-ab0f-7c1e525b15c2,4d972da6-8fbe-5668-ab68-964096df3f94,Just What I Needed,Adrean Young,EBOOK,Ebook,9781950719853,,B08TYGCW2M,2021-03-01,CURRENTLY_DISTRIBUTED,AMAZON_KINDLE,CATALOG_EDITION,AC (USA),OPAQUE_LEGACY_CODE,,,1,OPAQUE_LEGACY_CODE,94,true
b181b9dd-c47a-f111-ab0f-00224820105b,ef9d4448-27b2-500c-af71-98a1b2f0815b,identifier:9781950719860,574797d0-c27a-f111-ab0f-7c1e525b15c2,4d972da6-8fbe-5668-ab68-964096df3f94,Just What I Needed,Adrean Young,PAPERBACK,Paperback,9781950719860,,,2021-03-01,CURRENTLY_DISTRIBUTED,,CATALOG_EDITION,AC (USA),OPAQUE_LEGACY_CODE,Y,OPAQUE_LEGACY_CODE,1,OPAQUE_LEGACY_CODE,95,true
b381b9dd-c47a-f111-ab0f-00224820105b,6ff51a3a-b5e9-5ab5-a1d6-a395fc29d3ca,identifier:9781950719877,1c3274cd-c27a-f111-ab0f-6045bdd69435,81af83ab-5cd3-5fb8-a325-8bc3640572cf,God's Nudge,Tekisha Wimbush,EBOOK,Ebook,9781950719877,,,2022-05-07,CURRENTLY_DISTRIBUTED,,CATALOG_EDITION,AC (USA),OPAQUE_LEGACY_CODE,,,1,OPAQUE_LEGACY_CODE,96,true
fedd59dc-c47a-f111-ab0f-000d3a14673b,39bade02-eefb-50b8-a352-58dc79ca2f79,identifier:9781950719884,1c3274cd-c27a-f111-ab0f-6045bdd69435,81af83ab-5cd3-5fb8-a325-8bc3640572cf,God's Nudge,Tekisha Wimbush,PAPERBACK,Paperback,9781950719884,,,2022-05-07,CURRENTLY_DISTRIBUTED,,CATALOG_EDITION,AC (USA),OPAQUE_LEGACY_CODE,,,1,OPAQUE_LEGACY_CODE,97,true
9f6ef3dc-c47a-f111-ab0f-6045bdd69435,73ffbece-6b86-53a9-ad33-e65c56b34acf,identifier:9781950719891,a01a04cd-c27a-f111-ab0f-000d3a14673b,d0621375-8f15-51d6-a8fb-b9fb3679f1ab,She,Darlene Carson,EBOOK,Ebook,9781950719891,,B08XC68LLN,2021-04-01,CURRENTLY_DISTRIBUTED,AMAZON_KINDLE,CATALOG_EDITION,AC (USA),OPAQUE_LEGACY_CODE,,,1,OPAQUE_LEGACY_CODE,98,true
114a4fdb-c47a-f111-ab0f-6045bdd69738,1c62f2ab-7a4d-5b5e-a1f0-a428865269ce,identifier:9781950719907,a01a04cd-c27a-f111-ab0f-000d3a14673b,d0621375-8f15-51d6-a8fb-b9fb3679f1ab,She,Darlene Carson,PAPERBACK,Paperback,9781950719907,,,2021-04-01,CURRENTLY_DISTRIBUTED,,CATALOG_EDITION,AC (USA),OPAQUE_LEGACY_CODE,Y,OPAQUE_LEGACY_CODE,1,OPAQUE_LEGACY_CODE,99,true
a36ef3dc-c47a-f111-ab0f-6045bdd69435,223cb090-cc0c-5ed1-aa93-9c2d8f85f2d7,identifier:9781950719914,69b21fc6-c27a-f111-ab0f-000d3a14673b,5e78d0f3-55ad-5337-ac5c-bc954820c888,365 Days of Transparency,Daphanny Baker,EBOOK,Ebook,9781950719914,,B08VVX7NNZ,2021-03-08,CURRENTLY_DISTRIBUTED,AMAZON_KINDLE,CATALOG_EDITION,AC (USA),OPAQUE_LEGACY_CODE,,,1,OPAQUE_LEGACY_CODE,100,true
3f578adc-c47a-f111-ab0f-7c1e525b15c2,5e160d99-7fa8-5108-aa44-5fecf2f802eb,identifier:9781950719921,69b21fc6-c27a-f111-ab0f-000d3a14673b,5e78d0f3-55ad-5337-ac5c-bc954820c888,365 Days of Transparency,Daphanny Baker,PAPERBACK,Paperback,9781950719921,,,2021-03-08,CURRENTLY_DISTRIBUTED,,CATALOG_EDITION,AC (USA),OPAQUE_LEGACY_CODE,Y,OPAQUE_LEGACY_CODE,1,OPAQUE_LEGACY_CODE,101,true
ffdd59dc-c47a-f111-ab0f-000d3a14673b,a7e0147d-ebaa-5512-a2d7-06d3762a3c83,identifier:9781950719938,991a04cd-c27a-f111-ab0f-000d3a14673b,d997610f-90a4-5368-a9ed-a83e060d9233,Love Lucy,Diane Johnson,EBOOK,Ebook,9781950719938,,B091CVHJH6,2021-05-01,CURRENTLY_DISTRIBUTED,AMAZON_KINDLE,CATALOG_EDITION,AC (USA),OPAQUE_LEGACY_CODE,,,1,OPAQUE_LEGACY_CODE,102,true
15696bdc-c47a-f111-ab0f-6045bdd69678,4f85d694-068b-590f-a2c5-f9c67ce269e2,identifier:9781950719945,991a04cd-c27a-f111-ab0f-000d3a14673b,d997610f-90a4-5368-a9ed-a83e060d9233,Love Lucy,Diane Johnson,PAPERBACK,Paperback,9781950719945,,,2021-05-01,CURRENTLY_DISTRIBUTED,,CATALOG_EDITION,AC (USA),OPAQUE_LEGACY_CODE,Y,OPAQUE_LEGACY_CODE,1,OPAQUE_LEGACY_CODE,103,true
16696bdc-c47a-f111-ab0f-6045bdd69678,3ecbda01-2ccc-519e-af12-73047d13dcd2,identifier:9781950719952,15e01ad3-c27a-f111-ab0f-6045bdd69678,4b3134b0-8d83-58e0-a092-a77ff43bd71a,Support Beyond the Cycle,Brandyn McElroy,EBOOK,Ebook,9781950719952,,B08ZZYLZ9J,2021-05-01,CURRENTLY_DISTRIBUTED,AMAZON_KINDLE,CATALOG_EDITION,AC (USA),OPAQUE_LEGACY_CODE,,,1,OPAQUE_LEGACY_CODE,104,true
a56ef3dc-c47a-f111-ab0f-6045bdd69435,757c1bb5-c7c8-5c6f-ace5-7ebaaaebe553,identifier:9781950719969,15e01ad3-c27a-f111-ab0f-6045bdd69678,4b3134b0-8d83-58e0-a092-a77ff43bd71a,Support Beyond the Cycle,Brandyn McElroy,PAPERBACK,Paperback,9781950719969,,,2021-05-01,CURRENTLY_DISTRIBUTED,,CATALOG_EDITION,AC (USA),OPAQUE_LEGACY_CODE,Y,OPAQUE_LEGACY_CODE,1,OPAQUE_LEGACY_CODE,105,true
a66ef3dc-c47a-f111-ab0f-6045bdd69435,a1f29cda-8eb8-5d0b-a60d-b7bc952103b6,identifier:9781950719976,835f72d0-c27a-f111-ab0f-6045bdd69738,8c30c7e9-8bb4-57f1-ad6d-90b05496e969,Love Is an Action Word,Kurt Broadnax,EBOOK,Ebook,9781950719976,,B096LBZPFX,2021-07-01,CURRENTLY_DISTRIBUTED,AMAZON_KINDLE,CATALOG_EDITION,AC (USA),OPAQUE_LEGACY_CODE,,,1,OPAQUE_LEGACY_CODE,106,true
07de59dc-c47a-f111-ab0f-000d3a14673b,6020c9de-3252-5114-a2ce-a63120c65926,identifier:9781950719983,835f72d0-c27a-f111-ab0f-6045bdd69738,8c30c7e9-8bb4-57f1-ad6d-90b05496e969,Love Is an Action Word,Kurt Broadnax,PAPERBACK,Paperback,9781950719983,,,2021-07-01,CURRENTLY_DISTRIBUTED,,CATALOG_EDITION,AC (USA),OPAQUE_LEGACY_CODE,Y,OPAQUE_LEGACY_CODE,1,OPAQUE_LEGACY_CODE,107,true
08de59dc-c47a-f111-ab0f-000d3a14673b,f6236cf1-c75d-5386-a977-d5e28f08b09a,identifier:9781950719990,614797d0-c27a-f111-ab0f-7c1e525b15c2,428e8c1e-3acb-57bc-ae7a-845951259032,Abortion!,Carolyn Pierce,EBOOK,Ebook,9781950719990,,,2021-07-01,CURRENTLY_DISTRIBUTED,,CATALOG_EDITION,AC (USA),OPAQUE_LEGACY_CODE,,,1,OPAQUE_LEGACY_CODE,108,true
c0fcf5db-c47a-f111-ab0f-000d3a1a9efa,ba476884-7fbd-5512-a687-6f603a2ea8c4,identifier:9781954414006,614797d0-c27a-f111-ab0f-7c1e525b15c2,428e8c1e-3acb-57bc-ae7a-845951259032,Abortion!,Carolyn Pierce,PAPERBACK,Paperback,9781954414006,,,2021-07-01,CURRENTLY_DISTRIBUTED,,CATALOG_EDITION,AC (USA),OPAQUE_LEGACY_CODE,Y,OPAQUE_LEGACY_CODE,1,OPAQUE_LEGACY_CODE,109,true
a285b9dd-c47a-f111-ab0f-00224820105b,4ebe4d33-e494-508d-a914-f8228d3bb947,identifier:9781954414013,994b00d4-c27a-f111-ab0f-00224820105b,ee3fd78d-9bc4-5e45-ae48-aea0df130596,Understanding the Misunderstood,Tia Benincase,EBOOK,Ebook,9781954414013,,B09DBN7JJ7,2021-10-01,CURRENTLY_DISTRIBUTED,AMAZON_KINDLE,CATALOG_EDITION,AC (USA),OPAQUE_LEGACY_CODE,,,1,OPAQUE_LEGACY_CODE,110,true
a385b9dd-c47a-f111-ab0f-00224820105b,dcbadd43-c9f2-5a73-aa93-d53b268f4668,identifier:9781954414020,994b00d4-c27a-f111-ab0f-00224820105b,ee3fd78d-9bc4-5e45-ae48-aea0df130596,Understanding the Misunderstood,Tia Benincase,HARDCOVER,Hardback,9781954414020,,,2021-10-01,CURRENTLY_DISTRIBUTED,,CATALOG_EDITION,AC (USA),OPAQUE_LEGACY_CODE,Y,OPAQUE_LEGACY_CODE,1,OPAQUE_LEGACY_CODE,111,true
21696bdc-c47a-f111-ab0f-6045bdd69678,2ace6e74-e58a-50d1-aecc-c1ee9dccecb4,identifier:9781954414037,901a04cd-c27a-f111-ab0f-000d3a14673b,9e3cf911-ef73-5339-af58-9740f5e11768,Bodacious,Nathaniel Short,EBOOK,Ebook,9781954414037,,,2021-07-01,CURRENTLY_DISTRIBUTED,,CATALOG_EDITION,AC (USA),OPAQUE_LEGACY_CODE,,,1,OPAQUE_LEGACY_CODE,112,true
0ade59dc-c47a-f111-ab0f-000d3a14673b,76223374-82dc-5daf-a514-dd1268643f57,identifier:9781954414044,901a04cd-c27a-f111-ab0f-000d3a14673b,9e3cf911-ef73-5339-af58-9740f5e11768,Bodacious,Nathaniel Short,PAPERBACK,Paperback,9781954414044,,,2021-07-01,CURRENTLY_DISTRIBUTED,,CATALOG_EDITION,AC (USA),OPAQUE_LEGACY_CODE,Y,OPAQUE_LEGACY_CODE,1,OPAQUE_LEGACY_CODE,113,true
ac6ef3dc-c47a-f111-ab0f-6045bdd69435,dd32b4ba-9b64-5b39-a23a-58da3748bb7e,identifier:9781954414051,7a064bcd-c27a-f111-ab0f-00224820105b,0dfd06f0-b8d3-540c-a957-c4088bb8b06f,Aligned!,Dennis Brown,EBOOK,Ebook,9781954414051,,,2022-02-01,CURRENTLY_DISTRIBUTED,,CATALOG_EDITION,AC (USA),OPAQUE_LEGACY_CODE,,,1,OPAQUE_LEGACY_CODE,114,true
ad6ef3dc-c47a-f111-ab0f-6045bdd69435,cb103db6-deff-5295-aa87-880a8e15a33e,identifier:9781954414068,7a064bcd-c27a-f111-ab0f-00224820105b,0dfd06f0-b8d3-540c-a957-c4088bb8b06f,Aligned!,Dennis Brown,PAPERBACK,Paperback,9781954414068,,,2022-02-01,CURRENTLY_DISTRIBUTED,,CATALOG_EDITION,AC (USA),OPAQUE_LEGACY_CODE,,,1,OPAQUE_LEGACY_CODE,115,true
c1fcf5db-c47a-f111-ab0f-000d3a1a9efa,f3bba19a-3ad1-5da0-aca9-c92795382aa5,identifier:9781954414075,f1084bcd-c27a-f111-ab0f-00224820105b,a7ea5100-f600-5fe6-a0be-ed385cfc7a8b,Pretty Wings,Natasha Gilchrist,EBOOK,Ebook,9781954414075,,B09GLJSG8P,2021-11-01,CURRENTLY_DISTRIBUTED,AMAZON_KINDLE,CATALOG_EDITION,AC (USA),OPAQUE_LEGACY_CODE,,,1,OPAQUE_LEGACY_CODE,116,true
af6ef3dc-c47a-f111-ab0f-6045bdd69435,2ef983e3-88e0-582a-aeaf-7ba79916fbcd,identifier:9781954414082,f1084bcd-c27a-f111-ab0f-00224820105b,a7ea5100-f600-5fe6-a0be-ed385cfc7a8b,Pretty Wings,Natasha Gilchrist,PAPERBACK,Paperback,9781954414082,,,2021-11-01,CURRENTLY_DISTRIBUTED,,CATALOG_EDITION,AC (USA),OPAQUE_LEGACY_CODE,Y,OPAQUE_LEGACY_CODE,1,OPAQUE_LEGACY_CODE,117,true
97fb08e0-c47a-f111-ab0f-000d3a9eacee,25e253e2-6d83-5a0f-a2ad-a4abdbeed9df,identifier:9781954414099,564797d0-c27a-f111-ab0f-7c1e525b15c2,efd1c14d-1b39-514e-ae0d-fb43d81e71bc,"Hop, Hop, Hop",Tawonna Mars,EBOOK,Ebook,9781954414099,,,2021-12-25,CURRENTLY_DISTRIBUTED,,CATALOG_EDITION,AC (USA),OPAQUE_LEGACY_CODE,,,1,OPAQUE_LEGACY_CODE,118,true
c2fcf5db-c47a-f111-ab0f-000d3a1a9efa,67ea4d87-71a3-5924-a7f7-96464a314b3d,identifier:9781954414105,564797d0-c27a-f111-ab0f-7c1e525b15c2,efd1c14d-1b39-514e-ae0d-fb43d81e71bc,"Hop, Hop, Hop",Tawonna Mars,PAPERBACK,Paperback,9781954414105,,,2021-12-25,CURRENTLY_DISTRIBUTED,,CATALOG_EDITION,AC (USA),OPAQUE_LEGACY_CODE,,,1,OPAQUE_LEGACY_CODE,119,true
24696bdc-c47a-f111-ab0f-6045bdd69678,5bcbc190-1ce3-5797-a093-11bb95561143,identifier:9781954414112,6f8904ca-c27a-f111-ab0f-6045bdd69738,c22326a1-0129-514f-ae71-36192bc227b8,A Blended Family,Shecara Norris,EBOOK,Ebook,9781954414112,,,2022-01-01,CURRENTLY_DISTRIBUTED,,CATALOG_EDITION,AC (USA),OPAQUE_LEGACY_CODE,,,1,OPAQUE_LEGACY_CODE,120,true
364a4fdb-c47a-f111-ab0f-6045bdd69738,71e70e0e-4548-5b91-a2f5-41c2d920348f,identifier:9781954414129,6f8904ca-c27a-f111-ab0f-6045bdd69738,c22326a1-0129-514f-ae71-36192bc227b8,A Blended Family,Shecara Norris,PAPERBACK,Paperback,9781954414129,,,2022-01-01,CURRENTLY_DISTRIBUTED,,CATALOG_EDITION,AC (USA),OPAQUE_LEGACY_CODE,Y,OPAQUE_LEGACY_CODE,1,OPAQUE_LEGACY_CODE,121,true
a485b9dd-c47a-f111-ab0f-00224820105b,ce329279-7703-5142-a73c-3ad857fae40b,identifier:9781954414136,d4f603d3-c27a-f111-ab0f-000d3a14673b,ef932806-f652-543a-a090-86f2059e7a60,More Than a Village,Carolyn Pierce,EBOOK,Ebook,9781954414136,,,2021-09-01,CURRENTLY_DISTRIBUTED,,CATALOG_EDITION,AC (USA),OPAQUE_LEGACY_CODE,,,1,OPAQUE_LEGACY_CODE,122,true
4f578adc-c47a-f111-ab0f-7c1e525b15c2,38ec054c-3962-521c-a9b8-6af9ef8c1c1d,identifier:9781954414143,d4f603d3-c27a-f111-ab0f-000d3a14673b,ef932806-f652-543a-a090-86f2059e7a60,More Than a Village,Carolyn Pierce,PAPERBACK,Paperback,9781954414143,,,2021-09-01,CURRENTLY_DISTRIBUTED,,CATALOG_EDITION,AC (USA),OPAQUE_LEGACY_CODE,,,1,OPAQUE_LEGACY_CODE,123,true
25de59dc-c47a-f111-ab0f-000d3a14673b,ced4bd26-40ef-5075-a427-df8aee8f58e0,identifier:9781954414150,7967a4c3-c37a-f111-ab0f-6045bdd69678,366c29d9-80d0-56f9-a213-3c4f16fd47d9,Connected!,Dennis Brown,EBOOK,Ebook,9781954414150,,B09DBQLTJL,2021-10-01,CURRENTLY_DISTRIBUTED,AMAZON_KINDLE,CATALOG_EDITION,AC (USA),OPAQUE_LEGACY_CODE,,,1,OPAQUE_LEGACY_CODE,124,true
c8fcf5db-c47a-f111-ab0f-000d3a1a9efa,3a9d5372-09f6-58a8-a81b-61f15005a127,identifier:9781954414167,7967a4c3-c37a-f111-ab0f-6045bdd69678,366c29d9-80d0-56f9-a213-3c4f16fd47d9,Connected!,Dennis Brown,PAPERBACK,Paperback,9781954414167,,,2021-10-01,CURRENTLY_DISTRIBUTED,,CATALOG_EDITION,AC (USA),OPAQUE_LEGACY_CODE,Y,OPAQUE_LEGACY_CODE,1,OPAQUE_LEGACY_CODE,125,true
2b696bdc-c47a-f111-ab0f-6045bdd69678,e7362075-4d3d-57e7-afb4-1da34b7c9874,identifier:9781954414174,903274cd-c27a-f111-ab0f-6045bdd69435,7583cfe6-13b2-5b7f-a45c-03f57c162697,Memoir of a Black Christian Nationalist,Shelley McIntosh,EBOOK,Ebook,9781954414174,,B09D8VNF1B,2021-11-20,CURRENTLY_DISTRIBUTED,AMAZON_KINDLE,CATALOG_EDITION,AC (USA),OPAQUE_LEGACY_CODE,,,1,OPAQUE_LEGACY_CODE,126,true
5f578adc-c47a-f111-ab0f-7c1e525b15c2,c556e8a9-0630-5387-a469-484a2d1e1116,identifier:9781954414181,903274cd-c27a-f111-ab0f-6045bdd69435,7583cfe6-13b2-5b7f-a45c-03f57c162697,Memoir of a Black Christian Nationalist,Shelley McIntosh,HARDCOVER,Hardback,9781954414181,,,2021-11-20,CURRENTLY_DISTRIBUTED,,CATALOG_EDITION,AC (USA),OPAQUE_LEGACY_CODE,Y,OPAQUE_LEGACY_CODE,1,OPAQUE_LEGACY_CODE,127,true
ebfb08e0-c47a-f111-ab0f-000d3a9eacee,82c5e213-eaea-5fb7-a3d8-cf22770649f6,identifier:9781954414198,903274cd-c27a-f111-ab0f-6045bdd69435,7583cfe6-13b2-5b7f-a45c-03f57c162697,Memoir of a Black Christian Nationalist,Shelley McIntosh,PAPERBACK,Paperback,9781954414198,,,2021-11-20,CURRENTLY_DISTRIBUTED,,CATALOG_EDITION,AC (USA),OPAQUE_LEGACY_CODE,,,1,OPAQUE_LEGACY_CODE,128,true
2d696bdc-c47a-f111-ab0f-6045bdd69678,8a262af5-b15a-5421-a085-bc159c8347da,identifier:9781954414204,9d42c1c2-c37a-f111-ab0f-000d3a14673b,307a4b93-3949-520b-a63a-363ce02ea0f2,Grandmothers Educating Minds,Toni Kleckley,EBOOK,Ebook,9781954414204,,,2022-05-08,CURRENTLY_DISTRIBUTED,,CATALOG_EDITION,AC (USA),OPAQUE_LEGACY_CODE,,,1,OPAQUE_LEGACY_CODE,129,true
6e9b5ee2-c47a-f111-ab0f-000d3a1a9efa,b50523d8-5e5e-572e-acaf-4545052febb1,identifier:9781954414211,9d42c1c2-c37a-f111-ab0f-000d3a14673b,307a4b93-3949-520b-a63a-363ce02ea0f2,Grandmothers Educating Minds,Toni Kleckley,PAPERBACK,Paperback,9781954414211,,,2022-05-08,CURRENTLY_DISTRIBUTED,,CATALOG_EDITION,AC (USA),OPAQUE_LEGACY_CODE,,,1,OPAQUE_LEGACY_CODE,130,true
af85b9dd-c47a-f111-ab0f-00224820105b,4d683ef9-fe43-5d26-aac3-dba7a95dcd13,identifier:9781954414228,a74b00d4-c27a-f111-ab0f-00224820105b,9bb844fb-20ea-53a5-a4c0-d72a7cf0c95a,You're Still Not Crazy,Carolyn Pierce,EBOOK,Ebook,9781954414228,,,2021-12-01,CURRENTLY_DISTRIBUTED,,CATALOG_EDITION,AC (USA),OPAQUE_LEGACY_CODE,,,1,OPAQUE_LEGACY_CODE,131,true
09fc08e0-c47a-f111-ab0f-000d3a9eacee,8b526757-e6ba-53af-a5dd-5bfcf9153c77,identifier:9781954414235,a74b00d4-c27a-f111-ab0f-00224820105b,9bb844fb-20ea-53a5-a4c0-d72a7cf0c95a,You're Still Not Crazy,Carolyn Pierce,PAPERBACK,Paperback,9781954414235,,,2021-12-01,CURRENTLY_DISTRIBUTED,,CATALOG_EDITION,AC (USA),OPAQUE_LEGACY_CODE,Y,OPAQUE_LEGACY_CODE,1,OPAQUE_LEGACY_CODE,132,true
b085b9dd-c47a-f111-ab0f-00224820105b,91c059a8-4ea8-55c7-a4fd-dea10d248344,identifier:9781954414242,9e8ffdd6-c27a-f111-ab0f-7c1e525b15c2,46eb7286-bedf-5efc-a67d-f82772243597,Why Faith Works for Some and Not for Others,Rodney Waller,EBOOK,Ebook,9781954414242,,,,NOT_CURRENTLY_DISTRIBUTED,,CATALOG_EDITION,AC (USA),OPAQUE_LEGACY_CODE,,,1,OPAQUE_LEGACY_CODE,133,true
7d9b5ee2-c47a-f111-ab0f-000d3a1a9efa,9962052d-82a3-5cd3-ae8b-a41367b4dd67,identifier:9781954414259,9e8ffdd6-c27a-f111-ab0f-7c1e525b15c2,46eb7286-bedf-5efc-a67d-f82772243597,Why Faith Works for Some and Not for Others,Rodney Waller,PAPERBACK,Paperback,9781954414259,,,,NOT_CURRENTLY_DISTRIBUTED,,CATALOG_EDITION,AC (USA),OPAQUE_LEGACY_CODE,I,OPAQUE_LEGACY_CODE,1,OPAQUE_LEGACY_CODE,134,true
00dddfe2-c47a-f111-ab0f-7c1e525b15c2,ad4b8b79-29e2-547a-aa65-af62ec9bf7bc,identifier:9781954414266,9a1a04cd-c27a-f111-ab0f-000d3a14673b,cf78cf41-d3d7-5966-a57e-d9f9b25864b4,Love of My Life,Thaddues Smith,EBOOK,Ebook,9781954414266,,,2022-08-01,CURRENTLY_DISTRIBUTED,,CATALOG_EDITION,AC (USA),OPAQUE_LEGACY_CODE,,,1,OPAQUE_LEGACY_CODE,135,true
2bfc08e0-c47a-f111-ab0f-000d3a9eacee,3da56e87-74ba-5d33-a218-6aac1f249495,identifier:9781954414273,9a1a04cd-c27a-f111-ab0f-000d3a14673b,cf78cf41-d3d7-5966-a57e-d9f9b25864b4,Love of My Life,Thaddues Smith,PAPERBACK,Paperback,9781954414273,,,2022-08-01,CURRENTLY_DISTRIBUTED,,CATALOG_EDITION,AC (USA),OPAQUE_LEGACY_CODE,Y,OPAQUE_LEGACY_CODE,1,OPAQUE_LEGACY_CODE,136,true
e1557be2-c47a-f111-ab0f-000d3a14673b,6240f9c6-fce3-5cb3-a42b-3425279ab36f,identifier:9781954414280,944b00d4-c27a-f111-ab0f-00224820105b,df924e7e-4ca6-555b-a3c6-8ee567799edb,The Journey,Rosetta Perry,EBOOK,Ebook,9781954414280,,,2021-12-25,CURRENTLY_DISTRIBUTED,,CATALOG_EDITION,AC (USA),OPAQUE_LEGACY_CODE,,,1,OPAQUE_LEGACY_CODE,137,true
7e9b5ee2-c47a-f111-ab0f-000d3a1a9efa,02b933b9-6b23-51ba-ab0e-a1112b36d4f6,identifier:9781954414297,944b00d4-c27a-f111-ab0f-00224820105b,df924e7e-4ca6-555b-a3c6-8ee567799edb,The Journey,Rosetta Perry,PAPERBACK,Paperback,9781954414297,,,2021-12-25,CURRENTLY_DISTRIBUTED,,CATALOG_EDITION,AC (USA),OPAQUE_LEGACY_CODE,Y,OPAQUE_LEGACY_CODE,1,OPAQUE_LEGACY_CODE,138,true
7f9b5ee2-c47a-f111-ab0f-000d3a1a9efa,58458b5a-cf61-5534-a63a-b088cc965709,identifier:9781954414303,3ee961cd-c37a-f111-ab0f-7c1e525b15c2,2fc813f5-5dea-5a51-a2d4-2f9b91f2061e,What Goes up Must Come down Let's Face It,Carol Roye,EBOOK,Ebook,9781954414303,,,2022-02-14,CURRENTLY_DISTRIBUTED,,CATALOG_EDITION,AC (USA),OPAQUE_LEGACY_CODE,,,1,OPAQUE_LEGACY_CODE,139,true
4e402ce3-c47a-f111-ab0f-6045bdd69435,66367955-91d9-569a-a257-cbce212b481b,identifier:9781954414310,3ee961cd-c37a-f111-ab0f-7c1e525b15c2,2fc813f5-5dea-5a51-a2d4-2f9b91f2061e,What Goes up Must Come down Let's Face It,Carol Roye,PAPERBACK,Paperback,9781954414310,,,2022-02-14,CURRENTLY_DISTRIBUTED,,CATALOG_EDITION,AC (USA),OPAQUE_LEGACY_CODE,Y,OPAQUE_LEGACY_CODE,1,OPAQUE_LEGACY_CODE,140,true
4726bee3-c47a-f111-ab0f-00224820105b,0d197cf4-aa8a-5ab4-abaa-f639b645f5c2,identifier:9781954414327,a12556cd-c37a-f111-ab0f-00224820105b,c98bfde9-f595-5209-a912-149bee37a47a,The Little Girl with the Plow!,Christina Banner,EBOOK,Digital online,9781954414327,,,2022-01-01,CURRENTLY_DISTRIBUTED,,CATALOG_EDITION,AC (USA),OPAQUE_LEGACY_CODE,,,1,OPAQUE_LEGACY_CODE,141,true
15dddfe2-c47a-f111-ab0f-7c1e525b15c2,f4a69e1b-65be-5e93-adff-7ec1ae9c18ab,identifier:9781954414334,a12556cd-c37a-f111-ab0f-00224820105b,c98bfde9-f595-5209-a912-149bee37a47a,The Little Girl with the Plow!,Christina Banner,PAPERBACK,Paperback,9781954414334,,,2022-01-01,CURRENTLY_DISTRIBUTED,,CATALOG_EDITION,AC (USA),OPAQUE_LEGACY_CODE,Y,OPAQUE_LEGACY_CODE,1,OPAQUE_LEGACY_CODE,142,true
98ab58e1-c47a-f111-ab0f-6045bdd69738,f4ce7291-e6e1-5a38-a778-f6fc1b7015fa,identifier:9781954414341,d6b91ac7-c37a-f111-ab0f-00224820105b,769d11bd-f226-5e1f-a207-0a170c5a8439,"Help God, I Am - the Collection",Cheryl Travis,EBOOK,Ebook,9781954414341,,,2022-09-01,CURRENTLY_DISTRIBUTED,,CATALOG_EDITION,AC (USA),OPAQUE_LEGACY_CODE,,,1,OPAQUE_LEGACY_CODE,143,true
5dfc08e0-c47a-f111-ab0f-000d3a9eacee,8309f63f-aca9-535e-ab3e-0e610d7b5d46,identifier:9781954414358,d6b91ac7-c37a-f111-ab0f-00224820105b,769d11bd-f226-5e1f-a207-0a170c5a8439,"Help God, I Am - the Collection",Cheryl Travis,PAPERBACK,Paperback,9781954414358,,,2022-09-01,CURRENTLY_DISTRIBUTED,,CATALOG_EDITION,AC (USA),OPAQUE_LEGACY_CODE,Y,OPAQUE_LEGACY_CODE,1,OPAQUE_LEGACY_CODE,144,true
5c402ce3-c47a-f111-ab0f-6045bdd69435,681ededc-4848-50b8-a8a7-a5b3cc36d51b,identifier:9781954414365,594797d0-c27a-f111-ab0f-7c1e525b15c2,dbbb6e4f-3d8c-5413-a4ee-8e2171431a0b,Mirror of Refining Insight,Marvin Grayson,EBOOK,Ebook,9781954414365,,,2022-07-01,CURRENTLY_DISTRIBUTED,,CATALOG_EDITION,AC (USA),OPAQUE_LEGACY_CODE,,,1,OPAQUE_LEGACY_CODE,145,true
f19680e2-c47a-f111-ab0f-6045bdd69678,15436555-830d-5813-a662-6c6e2d35e495,identifier:9781954414372,594797d0-c27a-f111-ab0f-7c1e525b15c2,dbbb6e4f-3d8c-5413-a4ee-8e2171431a0b,Mirror of Refining Insight,Marvin Grayson,PAPERBACK,Paperback,9781954414372,,,2022-07-01,CURRENTLY_DISTRIBUTED,,CATALOG_EDITION,AC (USA),OPAQUE_LEGACY_CODE,Y,OPAQUE_LEGACY_CODE,1,OPAQUE_LEGACY_CODE,146,true
909b5ee2-c47a-f111-ab0f-000d3a1a9efa,d393269c-561e-5e9a-a138-cee9f16a3cb1,identifier:9781954414389,778904ca-c27a-f111-ab0f-6045bdd69738,400e7917-c424-58d9-a558-5c7b77d4b43d,A Little Bit of Everything,Eryonna Barrino,EBOOK,Ebook,9781954414389,,,2022-02-12,CURRENTLY_DISTRIBUTED,,CATALOG_EDITION,AC (USA),OPAQUE_LEGACY_CODE,,,1,OPAQUE_LEGACY_CODE,147,true
67402ce3-c47a-f111-ab0f-6045bdd69435,627bcaa9-d0b0-5ad9-a4d8-616d958b034d,identifier:9781954414396,778904ca-c27a-f111-ab0f-6045bdd69738,400e7917-c424-58d9-a558-5c7b77d4b43d,A Little Bit of Everything,Eryonna Barrino,PAPERBACK,Paperback,9781954414396,,,2022-02-12,CURRENTLY_DISTRIBUTED,,CATALOG_EDITION,AC (USA),OPAQUE_LEGACY_CODE,Y,OPAQUE_LEGACY_CODE,1,OPAQUE_LEGACY_CODE,148,true
f59680e2-c47a-f111-ab0f-6045bdd69678,98277fc1-fbaa-5a36-a2aa-0eeeeede081b,identifier:9781954414402,6209d7cb-c27a-f111-ab0f-6045bdd69678,54568d11-b131-583b-ad35-0ba75b501189,God's Word for This World,Thomas Johnson,EBOOK,Ebook,9781954414402,,,2022-12-01,CURRENTLY_DISTRIBUTED,,CATALOG_EDITION,AC (USA),OPAQUE_LEGACY_CODE,,,1,OPAQUE_LEGACY_CODE,149,true
4b26bee3-c47a-f111-ab0f-00224820105b,b6343d1a-7376-5ef2-a667-ba7a85df6bbc,identifier:9781954414419,6209d7cb-c27a-f111-ab0f-6045bdd69678,54568d11-b131-583b-ad35-0ba75b501189,God's Word for This World,Thomas Johnson,PAPERBACK,Paperback,9781954414419,,,2022-12-01,CURRENTLY_DISTRIBUTED,,CATALOG_EDITION,AC (USA),OPAQUE_LEGACY_CODE,Y,OPAQUE_LEGACY_CODE,1,OPAQUE_LEGACY_CODE,150,true
eb557be2-c47a-f111-ab0f-000d3a14673b,3dec6607-c7ab-52d4-a93f-28f36a220a9d,identifier:9781954414426,6f8904ca-c27a-f111-ab0f-6045bdd69738,c22326a1-0129-514f-ae71-36192bc227b8,A Blended Family,Shecara Norris,HARDCOVER,Hardback,9781954414426,,,2022-01-01,CURRENTLY_DISTRIBUTED,,CATALOG_EDITION,AC (USA),OPAQUE_LEGACY_CODE,Y,OPAQUE_LEGACY_CODE,1,OPAQUE_LEGACY_CODE,151,true
f89680e2-c47a-f111-ab0f-6045bdd69678,f5b429f5-a4da-5db4-a47a-a07a20c05d09,identifier:9781954414433,f96286cf-c37a-f111-ab0f-000d3a14673b,b039fc76-d9a7-5633-aff9-7e0e854dd25a,The Doctrine of Last Things,Obadiah Harris,EBOOK,Ebook,9781954414433,,,2022-04-01,CURRENTLY_DISTRIBUTED,,CATALOG_EDITION,AC (USA),OPAQUE_LEGACY_CODE,,,1,OPAQUE_LEGACY_CODE,152,true
fb9680e2-c47a-f111-ab0f-6045bdd69678,a1ca400d-4afd-52c0-af7b-d0cca4e02c77,identifier:9781954414440,f96286cf-c37a-f111-ab0f-000d3a14673b,b039fc76-d9a7-5633-aff9-7e0e854dd25a,The Doctrine of Last Things,Obadiah Harris,PAPERBACK,Paperback,9781954414440,,,2022-04-01,CURRENTLY_DISTRIBUTED,,CATALOG_EDITION,AC (USA),OPAQUE_LEGACY_CODE,Y,OPAQUE_LEGACY_CODE,1,OPAQUE_LEGACY_CODE,153,true
b5ab58e1-c47a-f111-ab0f-6045bdd69738,863c6c90-e9f6-5e0f-a6f2-28e792d5ea7f,identifier:9781954414457,d5084bcd-c27a-f111-ab0f-00224820105b,98ed37d9-3ffa-555e-a7e5-f9c2068239db,My ABC's,Christy Grogg,EBOOK,Ebook - EPUB,9781954414457,,,2022-07-01,CURRENTLY_DISTRIBUTED,,CATALOG_EDITION,AC (USA),OPAQUE_LEGACY_CODE,,,1,OPAQUE_LEGACY_CODE,154,true
919b5ee2-c47a-f111-ab0f-000d3a1a9efa,aa89d309-91b4-520c-af64-0d2768e48665,identifier:9781954414464,d5084bcd-c27a-f111-ab0f-00224820105b,98ed37d9-3ffa-555e-a7e5-f9c2068239db,My ABC's,Christy Grogg,PAPERBACK,Paperback,9781954414464,,,2022-07-01,CURRENTLY_DISTRIBUTED,,CATALOG_EDITION,AC (USA),OPAQUE_LEGACY_CODE,Y,OPAQUE_LEGACY_CODE,1,OPAQUE_LEGACY_CODE,155,true
6028bee3-c47a-f111-ab0f-00224820105b,a04c818d-27aa-5322-ace9-ce45c93a21c8,identifier:9781954414471,c3f603d3-c27a-f111-ab0f-000d3a14673b,f42d8bad-5328-5bab-a5d2-99d41a4da1d8,The Master's Piece,Sylvia Benson,EBOOK,Ebook - EPUB,9781954414471,,,2022-08-01,CURRENTLY_DISTRIBUTED,,CATALOG_EDITION,AC (USA),OPAQUE_LEGACY_CODE,,,1,OPAQUE_LEGACY_CODE,156,true
91402ce3-c47a-f111-ab0f-6045bdd69435,1102266f-4166-5cef-a2d8-7baf7b6cea90,identifier:9781954414488,c3f603d3-c27a-f111-ab0f-000d3a14673b,f42d8bad-5328-5bab-a5d2-99d41a4da1d8,The Master's Piece,Sylvia Benson,PAPERBACK,Paperback,9781954414488,,,2022-08-01,CURRENTLY_DISTRIBUTED,,CATALOG_EDITION,AC (USA),OPAQUE_LEGACY_CODE,Y,OPAQUE_LEGACY_CODE,1,OPAQUE_LEGACY_CODE,157,true
049780e2-c47a-f111-ab0f-6045bdd69678,62d99ad3-53cf-5475-af63-431ce11de292,identifier:9781954414495,0b6386cf-c37a-f111-ab0f-000d3a14673b,99c1b020-fd4a-5e26-ad65-0fd7f6106834,The I Am in Me,Tekisha Wimbush,EBOOK,Digital online,9781954414495,,,2022-10-15,CURRENTLY_DISTRIBUTED,,CATALOG_EDITION,AC (USA),OPAQUE_LEGACY_CODE,,,1,OPAQUE_LEGACY_CODE,158,true
9a9b5ee2-c47a-f111-ab0f-000d3a1a9efa,eca986aa-4568-5e3c-a584-0eb5f8905e1d,identifier:9781954414501,0b6386cf-c37a-f111-ab0f-000d3a14673b,99c1b020-fd4a-5e26-ad65-0fd7f6106834,The I Am in Me,Tekisha Wimbush,PAPERBACK,Paperback,9781954414501,,,2022-10-15,CURRENTLY_DISTRIBUTED,,CATALOG_EDITION,AC (USA),OPAQUE_LEGACY_CODE,Y,OPAQUE_LEGACY_CODE,1,OPAQUE_LEGACY_CODE,159,true
2bdddfe2-c47a-f111-ab0f-7c1e525b15c2,85b30bdf-9bfc-5bec-a058-365e0eb0d872,identifier:9781954414518,3d37c9d0-c37a-f111-ab0f-6045bdd69678,658ad300-150c-53f4-a550-6d839b1e60c6,The I Am in Me Part 2,Tekisha Wimbush,EBOOK,Ebook,9781954414518,,,2023-05-15,CURRENTLY_DISTRIBUTED,,CATALOG_EDITION,AC (USA),OPAQUE_LEGACY_CODE,,,1,OPAQUE_LEGACY_CODE,160,true
bfab58e1-c47a-f111-ab0f-6045bdd69738,99129ca5-eeae-5c36-af1c-fe701a540ab5,identifier:9781954414525,3d37c9d0-c37a-f111-ab0f-6045bdd69678,658ad300-150c-53f4-a550-6d839b1e60c6,The I Am in Me Part 2,Tekisha Wimbush,PAPERBACK,Paperback,9781954414525,,,2023-05-15,CURRENTLY_DISTRIBUTED,,CATALOG_EDITION,AC (USA),OPAQUE_LEGACY_CODE,Y,OPAQUE_LEGACY_CODE,1,OPAQUE_LEGACY_CODE,161,true
b3402ce3-c47a-f111-ab0f-6045bdd69435,b9627338-ca55-59b6-a631-bbb246d8047b,identifier:9781954414532,79064bcd-c27a-f111-ab0f-00224820105b,8d8fb989-27e3-5717-a782-e5d6c697f660,According to Mark,Alice Pryor,EBOOK,Digital online,9781954414532,,,2022-09-16,CURRENTLY_DISTRIBUTED,,CATALOG_EDITION,AC (USA),OPAQUE_LEGACY_CODE,,,1,OPAQUE_LEGACY_CODE,162,true
c9ab58e1-c47a-f111-ab0f-6045bdd69738,4f3ef679-d41f-508d-a60a-fb0e65b3b4d8,identifier:9781954414549,79064bcd-c27a-f111-ab0f-00224820105b,8d8fb989-27e3-5717-a782-e5d6c697f660,According to Mark,Alice Pryor,PAPERBACK,Paperback,9781954414549,,,2022-09-16,CURRENTLY_DISTRIBUTED,,CATALOG_EDITION,AC (USA),OPAQUE_LEGACY_CODE,Y,OPAQUE_LEGACY_CODE,1,OPAQUE_LEGACY_CODE,163,true
069780e2-c47a-f111-ab0f-6045bdd69678,96231981-7d42-577d-a208-21420fd51edb,identifier:9781954414556,604797d0-c27a-f111-ab0f-7c1e525b15c2,c8e90cfb-4d6c-5f98-a8be-8c221876fb24,Words of a Troubled Soul,David Williams,EBOOK,Ebook - EPUB,9781954414556,,,2023-01-15,CURRENTLY_DISTRIBUTED,,CATALOG_EDITION,AC (USA),OPAQUE_LEGACY_CODE,,,1,OPAQUE_LEGACY_CODE,164,true
2775c7e6-c47a-f111-ab0f-000d3a9eacee,cc12a243-5fe6-5e85-afb4-e068c62d0495,identifier:9781954414563,604797d0-c27a-f111-ab0f-7c1e525b15c2,c8e90cfb-4d6c-5f98-a8be-8c221876fb24,Words of a Troubled Soul,David Williams,PAPERBACK,Paperback,9781954414563,,,2023-01-15,CURRENTLY_DISTRIBUTED,,CATALOG_EDITION,AC (USA),OPAQUE_LEGACY_CODE,Y,OPAQUE_LEGACY_CODE,1,OPAQUE_LEGACY_CODE,165,true
08567be2-c47a-f111-ab0f-000d3a14673b,5ae407c8-d9a4-574a-a14c-9bffcba55522,identifier:9781954414570,7b064bcd-c27a-f111-ab0f-00224820105b,eb551dfc-6ed4-5a07-a82d-007fd41bfea8,Almost Happy,Jaylonna Stevette,EBOOK,Ebook - EPUB,9781954414570,,,2023-05-15,CURRENTLY_DISTRIBUTED,,CATALOG_EDITION,AC (USA)/AC (EBC),OPAQUE_LEGACY_CODE,,,1,OPAQUE_LEGACY_CODE,166,true
ca402ce3-c47a-f111-ab0f-6045bdd69435,5eec00ad-d1d1-5375-a13c-5c739ec7e06b,identifier:9781954414587,7b064bcd-c27a-f111-ab0f-00224820105b,eb551dfc-6ed4-5a07-a82d-007fd41bfea8,Almost Happy,Jaylonna Stevette,PAPERBACK,Paperback,9781954414587,,,2023-05-15,CURRENTLY_DISTRIBUTED,,CATALOG_EDITION,AC (USA),OPAQUE_LEGACY_CODE,Y,OPAQUE_LEGACY_CODE,1,OPAQUE_LEGACY_CODE,167,true
2a75c7e6-c47a-f111-ab0f-000d3a9eacee,e55a9e05-b4c7-51d0-aa64-307f0a9ee6c5,identifier:9781954414594,7b064bcd-c27a-f111-ab0f-00224820105b,eb551dfc-6ed4-5a07-a82d-007fd41bfea8,Almost Happy,Jaylonna Stevette,AUDIOBOOK,Downloadable audio file,9781954414594,,,2023-05-15,CURRENTLY_DISTRIBUTED,,CATALOG_EDITION,AC (USA),OPAQUE_LEGACY_CODE,,,1,OPAQUE_LEGACY_CODE,168,true
9b9b5ee2-c47a-f111-ab0f-000d3a1a9efa,130a789d-fe2c-58a7-aad5-5831335936ce,identifier:9781954414600,d6f603d3-c27a-f111-ab0f-000d3a14673b,72e55446-e623-5d1a-ae3a-3c39ed480571,The Flame,Dennis Brown,EBOOK,Ebook,9781954414600,,,,CURRENTLY_DISTRIBUTED,,CATALOG_EDITION,AC (USA),OPAQUE_LEGACY_CODE,,,1,OPAQUE_LEGACY_CODE,169,true
ea402ce3-c47a-f111-ab0f-6045bdd69435,8d726990-d733-50b8-a6c3-5607f70fe973,identifier:9781954414617,885f72d0-c27a-f111-ab0f-6045bdd69738,0e0a4291-c83c-5f11-a809-4161674a5189,The Healed Me,Maurche Reed,EBOOK,Digital online,9781954414617,,,2023-05-01,CURRENTLY_DISTRIBUTED,,CATALOG_EDITION,AC (USA),OPAQUE_LEGACY_CODE,,,1,OPAQUE_LEGACY_CODE,170,true
0d567be2-c47a-f111-ab0f-000d3a14673b,e0f2a65d-fbd4-5609-a9bc-111c8211903f,identifier:9781954414624,885f72d0-c27a-f111-ab0f-6045bdd69738,0e0a4291-c83c-5f11-a809-4161674a5189,The Healed Me,Maurche Reed,PAPERBACK,Paperback,9781954414624,,,2023-05-01,CURRENTLY_DISTRIBUTED,,CATALOG_EDITION,AC (USA),OPAQUE_LEGACY_CODE,Y,OPAQUE_LEGACY_CODE,1,OPAQUE_LEGACY_CODE,171,true
4d2ebee3-c47a-f111-ab0f-00224820105b,fc6699d8-2bc3-5d1b-a5b0-d02554a1c339,identifier:9781954414631,8f5f72d0-c27a-f111-ab0f-6045bdd69738,075ec02c-65e5-52a2-aa12-f1ece84252e5,The Never Before Told Story of the Gelatin Monster,Shaniqua Williams,EBOOK,Digital online,9781954414631,,,2023-05-15,CURRENTLY_DISTRIBUTED,,CATALOG_EDITION,AC (USA),OPAQUE_LEGACY_CODE,,,1,OPAQUE_LEGACY_CODE,172,true
3ddddfe2-c47a-f111-ab0f-7c1e525b15c2,8e4429f7-3836-580a-a1e5-49aed38a777b,identifier:9781954414648,8f5f72d0-c27a-f111-ab0f-6045bdd69738,075ec02c-65e5-52a2-aa12-f1ece84252e5,The Never Before Told Story of the Gelatin Monster,Shaniqua Williams,PAPERBACK,Paperback,9781954414648,,,2023-05-15,CURRENTLY_DISTRIBUTED,,CATALOG_EDITION,AC (USA),OPAQUE_LEGACY_CODE,Y,OPAQUE_LEGACY_CODE,1,OPAQUE_LEGACY_CODE,173,true
c78f78e8-c47a-f111-ab0f-000d3a1a9efa,e0ee1171-8788-5303-a6b2-965d8758d2fa,identifier:9781954414655,935f72d0-c27a-f111-ab0f-6045bdd69738,365c1e5d-6d47-5a9f-a260-657cdb2a5b35,Warrior's Breed,Dean Wilson,EBOOK,Digital online,9781954414655,,,2023-10-01,CURRENTLY_DISTRIBUTED,,CATALOG_EDITION,AC (USA),OPAQUE_LEGACY_CODE,,,1,OPAQUE_LEGACY_CODE,174,true
a9735fe7-c47a-f111-ab0f-6045bdd69738,71696a42-ec9f-58b1-aa71-1411d6f21f7a,identifier:9781954414662,935f72d0-c27a-f111-ab0f-6045bdd69738,365c1e5d-6d47-5a9f-a260-657cdb2a5b35,Warrior's Breed,Dean Wilson,PAPERBACK,Paperback,9781954414662,,,2023-10-01,CURRENTLY_DISTRIBUTED,,CATALOG_EDITION,AC (USA),OPAQUE_LEGACY_CODE,,,1,OPAQUE_LEGACY_CODE,175,true
c88f78e8-c47a-f111-ab0f-000d3a1a9efa,4d2350ea-795e-5e72-ad48-24e7c77af707,identifier:9781954414679,19e01ad3-c27a-f111-ab0f-6045bdd69678,5052cd3b-f2f9-5385-ad1b-d1730b577e3e,The Princess and the Black-eyed Pea,Deborah Eiland,EBOOK,Digital online,9781954414679,,,2023-03-01,CURRENTLY_DISTRIBUTED,,CATALOG_EDITION,AC (USA),OPAQUE_LEGACY_CODE,,,1,OPAQUE_LEGACY_CODE,176,true
5030bee3-c47a-f111-ab0f-00224820105b,6653b073-532a-5e90-a0ef-9e44775bb702,identifier:9781954414686,19e01ad3-c27a-f111-ab0f-6045bdd69678,5052cd3b-f2f9-5385-ad1b-d1730b577e3e,The Princess and the Black-eyed Pea,Deborah Eiland,HARDCOVER,Hardback,9781954414686,,,2023-03-01,CURRENTLY_DISTRIBUTED,,CATALOG_EDITION,AC (USA),OPAQUE_LEGACY_CODE,Y,OPAQUE_LEGACY_CODE,1,OPAQUE_LEGACY_CODE,177,true
ca8f78e8-c47a-f111-ab0f-000d3a1a9efa,ac51d50d-af87-5e22-aad9-036e5eb04f27,identifier:9781954414693,19e01ad3-c27a-f111-ab0f-6045bdd69678,5052cd3b-f2f9-5385-ad1b-d1730b577e3e,The Princess and the Black-eyed Pea,Deborah Eiland,PAPERBACK,Paperback,9781954414693,,,2023-03-01,CURRENTLY_DISTRIBUTED,,CATALOG_EDITION,AC (USA),OPAQUE_LEGACY_CODE,Y,OPAQUE_LEGACY_CODE,1,OPAQUE_LEGACY_CODE,178,true
5230bee3-c47a-f111-ab0f-00224820105b,0fcf85c4-d7f4-5610-a829-3b869b425dda,identifier:9781954414709,998797ca-c27a-f111-ab0f-7c1e525b15c2,96a3dbf1-7894-5ad3-ac54-ed8e90203410,BEE Careful,Deborah Eiland,EBOOK,Digital online,9781954414709,,,2023-07-01,CURRENTLY_DISTRIBUTED,,PARALLEL_EDITION,AC (USA),OPAQUE_LEGACY_CODE,,,1,OPAQUE_LEGACY_CODE,179,true
7e348ce8-c47a-f111-ab0f-6045bdd69678,961929c5-59de-5023-a71c-1f78c33a783f,identifier:9781954414716,998797ca-c27a-f111-ab0f-7c1e525b15c2,96a3dbf1-7894-5ad3-ac54-ed8e90203410,BEE Careful,Deborah Eiland,HARDCOVER,Hardback,9781954414716,,,2023-07-01,CURRENTLY_DISTRIBUTED,,PARALLEL_EDITION,AC (USA),OPAQUE_LEGACY_CODE,I,OPAQUE_LEGACY_CODE,1,OPAQUE_LEGACY_CODE,180,true
248d99e9-c47a-f111-ab0f-6045bdd69435,d534bbca-9f36-5941-ae09-712bd64610cc,identifier:9781954414723,998797ca-c27a-f111-ab0f-7c1e525b15c2,96a3dbf1-7894-5ad3-ac54-ed8e90203410,BEE Careful,Deborah Eiland,PAPERBACK,Paperback,9781954414723,,,2023-07-01,CURRENTLY_DISTRIBUTED,,PARALLEL_EDITION,AC (USA),OPAQUE_LEGACY_CODE,I,OPAQUE_LEGACY_CODE,1,OPAQUE_LEGACY_CODE,181,true
7f348ce8-c47a-f111-ab0f-6045bdd69678,96135764-fa68-5d25-a058-dd5e0ab7ba26,identifier:9781954414730,3e09d7cb-c27a-f111-ab0f-6045bdd69678,e156f9c3-90ad-5a95-a477-b514473538b5,7 Step Jumpstart to Becoming Your Best Self,Ericka Johnson Settles,EBOOK,Digital online,9781954414730,,,2023-04-01,CURRENTLY_DISTRIBUTED,,CATALOG_EDITION,AC (USA),OPAQUE_LEGACY_CODE,,,1,OPAQUE_LEGACY_CODE,182,true
81348ce8-c47a-f111-ab0f-6045bdd69678,73cafdfa-c694-53e3-aece-1a0f0d21d851,identifier:9781954414747,3e09d7cb-c27a-f111-ab0f-6045bdd69678,e156f9c3-90ad-5a95-a477-b514473538b5,7 Step Jumpstart to Becoming Your Best Self,Ericka Johnson Settles,PAPERBACK,Paperback,9781954414747,,,2023-04-01,CURRENTLY_DISTRIBUTED,,CATALOG_EDITION,AC (USA),OPAQUE_LEGACY_CODE,Y,OPAQUE_LEGACY_CODE,1,OPAQUE_LEGACY_CODE,183,true
adcddae8-c47a-f111-ab0f-7c1e525b15c2,40e7bc64-1740-517a-a235-f294cae3d6ba,identifier:9781954414754,3e09d7cb-c27a-f111-ab0f-6045bdd69678,e156f9c3-90ad-5a95-a477-b514473538b5,7 Step Jumpstart to Becoming Your Best Self,Ericka Johnson Settles,EBOOK,Digital online,9781954414754,,,2023-04-01,CURRENTLY_DISTRIBUTED,,CATALOG_EDITION,AC (USA),OPAQUE_LEGACY_CODE,,,1,OPAQUE_LEGACY_CODE,184,true
aae9cbe8-c47a-f111-ab0f-000d3a14673b,059adff2-3afb-5e7c-a5e3-328ddf438182,identifier:9781954414761,aa084bcd-c27a-f111-ab0f-00224820105b,8414b797-9a24-52d4-ab52-61b0e13d9f7f,Kingdom Equipment 101,Terry Stephens,EBOOK,Digital online,9781954414761,,,2023-05-15,CURRENTLY_DISTRIBUTED,,CATALOG_EDITION,AC (USA),OPAQUE_LEGACY_CODE,,,1,OPAQUE_LEGACY_CODE,185,true
b0e9cbe8-c47a-f111-ab0f-000d3a14673b,b78ecf2a-a190-57c3-aabb-9f9228d65e75,identifier:9781954414778,aa084bcd-c27a-f111-ab0f-00224820105b,8414b797-9a24-52d4-ab52-61b0e13d9f7f,Kingdom Equipment 101,Terry Stephens,PAPERBACK,Paperback,9781954414778,,,2023-05-15,CURRENTLY_DISTRIBUTED,,CATALOG_EDITION,AC (USA),OPAQUE_LEGACY_CODE,Y,OPAQUE_LEGACY_CODE,1,OPAQUE_LEGACY_CODE,186,true
afcddae8-c47a-f111-ab0f-7c1e525b15c2,78625b6a-ec54-537c-a7c5-ce8b11562cde,identifier:9781954414785,236386cf-c37a-f111-ab0f-000d3a14673b,63069418-e719-5a02-aeac-b9b2e4ce4560,"Your brain has too much what, mommy??",Essence Easley,PAPERBACK,Paperback,9781954414785,,,2023-12-06,CURRENTLY_DISTRIBUTED,,CATALOG_EDITION,AC (USA),OPAQUE_LEGACY_CODE,,,1,OPAQUE_LEGACY_CODE,187,true
da8f78e8-c47a-f111-ab0f-000d3a1a9efa,58fa152c-ec9a-55e4-a74e-1fea4ff90b71,identifier:9781954414792,236386cf-c37a-f111-ab0f-000d3a14673b,63069418-e719-5a02-aeac-b9b2e4ce4560,"Your brain has too much what, mommy??",Essence Easley,EBOOK,Digital online,9781954414792,,,2023-12-06,CURRENTLY_DISTRIBUTED,,CATALOG_EDITION,AC (USA),OPAQUE_LEGACY_CODE,,,1,OPAQUE_LEGACY_CODE,188,true
b3cddae8-c47a-f111-ab0f-7c1e525b15c2,9ca20879-537e-500e-a468-8e5bf56d7e4b,identifier:9781954414808,998797ca-c27a-f111-ab0f-7c1e525b15c2,95274f57-aaba-5aff-ac3b-f7117615033a,BEE Careful,Deborah Eiland,PAPERBACK,Paperback,9781954414808,,,2023-07-01,CURRENTLY_DISTRIBUTED,,PARALLEL_EDITION,AC (USA),OPAQUE_LEGACY_CODE,Y,OPAQUE_LEGACY_CODE,1,OPAQUE_LEGACY_CODE,189,true
3975c7e6-c47a-f111-ab0f-000d3a9eacee,772c54da-fc7c-5de2-a7c7-ee60f38fc647,identifier:9781954414815,998797ca-c27a-f111-ab0f-7c1e525b15c2,95274f57-aaba-5aff-ac3b-f7117615033a,BEE Careful,Deborah Eiland,HARDCOVER,Hardback,9781954414815,,,2023-07-01,CURRENTLY_DISTRIBUTED,,PARALLEL_EDITION,AC (USA),OPAQUE_LEGACY_CODE,Y,OPAQUE_LEGACY_CODE,1,OPAQUE_LEGACY_CODE,190,true
b7e9cbe8-c47a-f111-ab0f-000d3a14673b,e5f002ef-e336-579d-ad0a-1c52d4f9e2f7,identifier:9781954414822,998797ca-c27a-f111-ab0f-7c1e525b15c2,95274f57-aaba-5aff-ac3b-f7117615033a,BEE Careful,Deborah Eiland,EBOOK,Digital online,9781954414822,,,2023-07-01,CURRENTLY_DISTRIBUTED,,PARALLEL_EDITION,AC (USA),OPAQUE_LEGACY_CODE,,,1,OPAQUE_LEGACY_CODE,191,true
b6735fe7-c47a-f111-ab0f-6045bdd69738,d3317ccb-bd72-51c2-afae-25b577641911,identifier:9781954414839,885f72d0-c27a-f111-ab0f-6045bdd69738,0e0a4291-c83c-5f11-a809-4161674a5189,The Healed Me,Maurche Reed,HARDCOVER,Hardback,9781954414839,,,2023-05-01,CURRENTLY_DISTRIBUTED,,CATALOG_EDITION,AC (USA),OPAQUE_LEGACY_CODE,Y,OPAQUE_LEGACY_CODE,1,OPAQUE_LEGACY_CODE,192,true
db8f78e8-c47a-f111-ab0f-000d3a1a9efa,86e0b18e-4f60-5015-af6e-23bba9e702c1,identifier:9781954414846,a05f72d0-c27a-f111-ab0f-6045bdd69738,8e10e9c9-5d1e-5a19-ade2-76eb85b17cd5,Naughty Tales,Jaylonna Stevette,PAPERBACK,Paperback,9781954414846,,,,NOT_CURRENTLY_DISTRIBUTED,,CATALOG_EDITION,AC (USA),OPAQUE_LEGACY_CODE,,,1,OPAQUE_LEGACY_CODE,193,true
1285e8e9-c47a-f111-ab0f-00224820105b,e69c65de-33e0-541f-affb-8abea28a9f68,identifier:9781954414853,a05f72d0-c27a-f111-ab0f-6045bdd69738,8e10e9c9-5d1e-5a19-ade2-76eb85b17cd5,Naughty Tales,Jaylonna Stevette,EBOOK,Digital online,9781954414853,,,,NOT_CURRENTLY_DISTRIBUTED,,CATALOG_EDITION,AC (USA),OPAQUE_LEGACY_CODE,,,1,OPAQUE_LEGACY_CODE,194,true
95348ce8-c47a-f111-ab0f-6045bdd69678,137e9298-6111-596d-a475-1d8d4488c988,identifier:9781954414860,5c4797d0-c27a-f111-ab0f-7c1e525b15c2,8f4abb92-3652-582f-a8c0-d5a0de9cbc73,Ordinary People Searching for Greatness,Earline Neal,PAPERBACK,Paperback,9781954414860,,,2023-08-01,CURRENTLY_DISTRIBUTED,,CATALOG_EDITION,AC (USA),OPAQUE_LEGACY_CODE,,,1,OPAQUE_LEGACY_CODE,195,true
bc735fe7-c47a-f111-ab0f-6045bdd69738,272b2b50-ad46-5b83-ad83-024b79642722,identifier:9781954414877,5c4797d0-c27a-f111-ab0f-7c1e525b15c2,8f4abb92-3652-582f-a8c0-d5a0de9cbc73,Ordinary People Searching for Greatness,Earline Neal,HARDCOVER,Hardback,9781954414877,,,2023-08-01,CURRENTLY_DISTRIBUTED,,CATALOG_EDITION,AC (USA),OPAQUE_LEGACY_CODE,Y,OPAQUE_LEGACY_CODE,1,OPAQUE_LEGACY_CODE,196,true
f08f78e8-c47a-f111-ab0f-000d3a1a9efa,f76e360b-0d1a-5ec1-a9ae-af92ea6ff106,identifier:9781954414884,5c4797d0-c27a-f111-ab0f-7c1e525b15c2,8f4abb92-3652-582f-a8c0-d5a0de9cbc73,Ordinary People Searching for Greatness,Earline Neal,EBOOK,Digital online,9781954414884,,,2023-08-01,CURRENTLY_DISTRIBUTED,,CATALOG_EDITION,AC (USA),OPAQUE_LEGACY_CODE,,,1,OPAQUE_LEGACY_CODE,197,true
348d99e9-c47a-f111-ab0f-6045bdd69435,c80ca0ac-6b59-5635-a3ac-cb6a72503784,identifier:9781954414891,928904ca-c27a-f111-ab0f-6045bdd69738,9166a950-30f1-5785-ad93-6e790c3327d2,Biblical Prescriptions for Life's Troubles,Terry Stephens,PAPERBACK,Paperback,9781954414891,,,2023-07-01,CURRENTLY_DISTRIBUTED,,CATALOG_EDITION,AC (USA),OPAQUE_LEGACY_CODE,Y,OPAQUE_LEGACY_CODE,1,OPAQUE_LEGACY_CODE,198,true
358d99e9-c47a-f111-ab0f-6045bdd69435,a6b83535-c3fa-5b46-a868-a5d812148b29,identifier:9781954414907,928904ca-c27a-f111-ab0f-6045bdd69738,9166a950-30f1-5785-ad93-6e790c3327d2,Biblical Prescriptions for Life's Troubles,Terry Stephens,EBOOK,Digital online,9781954414907,,,2023-07-01,CURRENTLY_DISTRIBUTED,,CATALOG_EDITION,AC (USA),OPAQUE_LEGACY_CODE,,,1,OPAQUE_LEGACY_CODE,199,true
96348ce8-c47a-f111-ab0f-6045bdd69678,ea02e7de-aee3-5633-acc1-7a79cf9dd882,identifier:9781954414914,80064bcd-c27a-f111-ab0f-00224820105b,c30b2e03-4203-5743-a849-d358cb4a6812,Discipline and Direction,Terry Stephens,PAPERBACK,Paperback,9781954414914,,,2023-12-01,CURRENTLY_DISTRIBUTED,,CATALOG_EDITION,AC (USA),OPAQUE_LEGACY_CODE,,,1,OPAQUE_LEGACY_CODE,200,true
d0cddae8-c47a-f111-ab0f-7c1e525b15c2,6839fa08-c265-5a0b-aafa-23c34d4a2b29,identifier:9781954414921,80064bcd-c27a-f111-ab0f-00224820105b,c30b2e03-4203-5743-a849-d358cb4a6812,Discipline and Direction,Terry Stephens,EBOOK,Digital online,9781954414921,,,2023-12-01,CURRENTLY_DISTRIBUTED,,CATALOG_EDITION,AC (USA),OPAQUE_LEGACY_CODE,,,1,OPAQUE_LEGACY_CODE,201,true
3a8d99e9-c47a-f111-ab0f-6045bdd69435,6ba53208-fac0-502d-ae15-e12239de0a78,identifier:9781954414938,554797d0-c27a-f111-ab0f-7c1e525b15c2,37fbdd81-d1c7-5e95-a347-255dc5e30a48,Hodge Podge of Life,Mildred Beard,PAPERBACK,Paperback,9781954414938,,,2023-11-01,CURRENTLY_DISTRIBUTED,,CATALOG_EDITION,AC (USA),OPAQUE_LEGACY_CODE,,,1,OPAQUE_LEGACY_CODE,202,true
c1735fe7-c47a-f111-ab0f-6045bdd69738,0fb3d8d2-ec7a-5988-a667-eff4ca7cc311,identifier:9781954414945,554797d0-c27a-f111-ab0f-7c1e525b15c2,37fbdd81-d1c7-5e95-a347-255dc5e30a48,Hodge Podge of Life,Mildred Beard,EBOOK,Digital online,9781954414945,,,2023-11-01,CURRENTLY_DISTRIBUTED,,CATALOG_EDITION,AC (USA),OPAQUE_LEGACY_CODE,,,1,OPAQUE_LEGACY_CODE,203,true
1985e8e9-c47a-f111-ab0f-00224820105b,b81f19d6-a1ef-51da-a3a1-634ecfd3f8cc,identifier:9781954414952,65137ed6-c27a-f111-ab0f-6045bdd69738,c6901cbe-3d73-58e8-a269-12621a87fc84,When Zuri Came to Earth,Gwendolyn Rucker-Carr,EBOOK,Digital online,9781954414952,,,,NOT_CURRENTLY_DISTRIBUTED,,CATALOG_EDITION,AC (USA),OPAQUE_LEGACY_CODE,,,1,OPAQUE_LEGACY_CODE,204,true
1a85e8e9-c47a-f111-ab0f-00224820105b,c0cd5b49-c04f-5242-a9bc-75c4fdbd4dd4,identifier:9781954414969,9a1a04cd-c27a-f111-ab0f-000d3a14673b,cf78cf41-d3d7-5966-a57e-d9f9b25864b4,Love of My Life,Thaddues Smith,HARDCOVER,Hardback,9781954414969,,,2022-08-01,CURRENTLY_DISTRIBUTED,,CATALOG_EDITION,AC (USA),OPAQUE_LEGACY_CODE,,,1,OPAQUE_LEGACY_CODE,205,true
1c85e8e9-c47a-f111-ab0f-00224820105b,6a7b5250-048a-5f9b-a72d-32f210838c14,identifier:9781954414976,594797d0-c27a-f111-ab0f-7c1e525b15c2,dbbb6e4f-3d8c-5413-a4ee-8e2171431a0b,Mirror of Refining Insight,Marvin Grayson,HARDCOVER,Hardback,9781954414976,,,2022-07-01,CURRENTLY_DISTRIBUTED,,CATALOG_EDITION,AC (USA),OPAQUE_LEGACY_CODE,,,1,OPAQUE_LEGACY_CODE,206,true
418d99e9-c47a-f111-ab0f-6045bdd69435,e61bcf3a-1905-5a10-a36e-3a80485e6c6f,identifier:9781954414983,6909d7cb-c27a-f111-ab0f-6045bdd69678,073205b4-b752-5514-ae1d-3eb08e1903b9,Let Me Tell You about It,Lisa Clark,PAPERBACK,Paperback,9781954414983,,,2022-09-01,CURRENTLY_DISTRIBUTED,,CATALOG_EDITION,AC (USA),OPAQUE_LEGACY_CODE,Y,OPAQUE_LEGACY_CODE,1,OPAQUE_LEGACY_CODE,207,true
1e85e8e9-c47a-f111-ab0f-00224820105b,5756ad1c-f1fc-529e-adc4-12b5a2f77133,identifier:9781954414990,6909d7cb-c27a-f111-ab0f-6045bdd69678,073205b4-b752-5514-ae1d-3eb08e1903b9,Let Me Tell You about It,Lisa Clark,EBOOK,Digital online,9781954414990,,,2022-09-01,CURRENTLY_DISTRIBUTED,,CATALOG_EDITION,AC (USA),OPAQUE_LEGACY_CODE,,,1,OPAQUE_LEGACY_CODE,208,true
bde9cbe8-c47a-f111-ab0f-000d3a14673b,e502d02c-3402-54f3-a39e-f0cfcc2dcc70,identifier:9781961475007,79064bcd-c27a-f111-ab0f-00224820105b,8d8fb989-27e3-5717-a782-e5d6c697f660,According to Mark,Alice Pryor,HARDCOVER,Hardback,9781961475007,,,2022-09-16,CURRENTLY_DISTRIBUTED,,CATALOG_EDITION,AC (USA),OPAQUE_LEGACY_CODE,,,1,OPAQUE_LEGACY_CODE,209,true
ddad58ed-c47a-f111-ab0f-000d3a9eacee,926d7574-1692-51b2-ab40-0d92d9cde2ea,identifier:9781961475014,c3f603d3-c27a-f111-ab0f-000d3a14673b,f42d8bad-5328-5bab-a5d2-99d41a4da1d8,The Master's Piece,Sylvia Benson,HARDCOVER,Hardback,9781961475014,,,2022-08-01,CURRENTLY_DISTRIBUTED,,CATALOG_EDITION,AC (USA),OPAQUE_LEGACY_CODE,,,1,OPAQUE_LEGACY_CODE,210,true
1f85e8e9-c47a-f111-ab0f-00224820105b,6106ee85-62f6-56d2-a45c-026bb1a04e10,identifier:9781961475021,604797d0-c27a-f111-ab0f-7c1e525b15c2,c8e90cfb-4d6c-5f98-a8be-8c221876fb24,Words of a Troubled Soul,David Williams,HARDCOVER,Hardback,9781961475021,,,2023-01-15,CURRENTLY_DISTRIBUTED,,CATALOG_EDITION,AC (USA),OPAQUE_LEGACY_CODE,,,1,OPAQUE_LEGACY_CODE,211,true
109078e8-c47a-f111-ab0f-000d3a1a9efa,d1d25344-9ebd-5c22-a5e8-f6ba7a244222,identifier:9781961475038,9242c1c2-c37a-f111-ab0f-000d3a14673b,51d54ba2-50cd-5df9-a11e-9d3cec30fc9a,Establishing Glory,"Jackie Smith, Jr.",PAPERBACK,Paperback,9781961475038,,,,NOT_CURRENTLY_DISTRIBUTED,,PARALLEL_EDITION,AC (USA),OPAQUE_LEGACY_CODE,I,OPAQUE_LEGACY_CODE,1,OPAQUE_LEGACY_CODE,212,true
5be9b4ed-c47a-f111-ab0f-6045bdd69738,2ab88819-27c0-5ad9-a76a-820dc555b5ae,identifier:9781961475045,9242c1c2-c37a-f111-ab0f-000d3a14673b,51d54ba2-50cd-5df9-a11e-9d3cec30fc9a,Establishing Glory,"Jackie Smith, Jr.",HARDCOVER,Hardback,9781961475045,,,,NOT_CURRENTLY_DISTRIBUTED,,PARALLEL_EDITION,AC (USA),OPAQUE_LEGACY_CODE,I,OPAQUE_LEGACY_CODE,1,OPAQUE_LEGACY_CODE,213,true
bee9cbe8-c47a-f111-ab0f-000d3a14673b,472ea868-eec3-537d-ae1b-5bdbb975e0ce,identifier:9781961475052,9242c1c2-c37a-f111-ab0f-000d3a14673b,51d54ba2-50cd-5df9-a11e-9d3cec30fc9a,Establishing Glory,"Jackie Smith, Jr.",EBOOK,Digital online,9781961475052,,,,NOT_CURRENTLY_DISTRIBUTED,,PARALLEL_EDITION,AC (USA),OPAQUE_LEGACY_CODE,,,1,OPAQUE_LEGACY_CODE,214,true
5ee9b4ed-c47a-f111-ab0f-6045bdd69738,2eed9316-9e9a-527e-a946-0c80c28dc522,identifier:9781961475069,b73274cd-c27a-f111-ab0f-6045bdd69435,f60c8b2b-9066-5483-a4d1-987c3ec74d3d,Seasons of Life,Kurt Broadnax,PAPERBACK,Paperback,9781961475069,,,2023-12-15,CURRENTLY_DISTRIBUTED,,CATALOG_EDITION,AC (USA),OPAQUE_LEGACY_CODE,,,1,OPAQUE_LEGACY_CODE,215,true
ddcddae8-c47a-f111-ab0f-7c1e525b15c2,a5e36ae7-1d44-5a6a-af9a-c0bb6799e6bf,identifier:9781961475076,b73274cd-c27a-f111-ab0f-6045bdd69435,f60c8b2b-9066-5483-a4d1-987c3ec74d3d,Seasons of Life,Kurt Broadnax,EBOOK,Digital (delivered electronically),9781961475076,,,2023-12-15,CURRENTLY_DISTRIBUTED,,CATALOG_EDITION,AC (USA)/AC (EBC),OPAQUE_LEGACY_CODE,,,1,OPAQUE_LEGACY_CODE,216,true
67e9b4ed-c47a-f111-ab0f-6045bdd69738,17af5892-87bf-5b54-a91b-065498877401,identifier:9781961475083,7f67a4c3-c37a-f111-ab0f-6045bdd69678,41dc9063-3473-5e52-ac97-6ec6c3ad0954,God’s Business Plan,Terry Stephens,EBOOK,Digital (delivered electronically),9781961475083,,,2023-06-01,CURRENTLY_DISTRIBUTED,,CATALOG_EDITION,AC (USA)/AC (EBC),OPAQUE_LEGACY_CODE,,,1,OPAQUE_LEGACY_CODE,217,true
6ce9b4ed-c47a-f111-ab0f-6045bdd69738,dc5d2ae1-99ec-5777-a42f-a06320210cf9,identifier:9781961475090,ab084bcd-c27a-f111-ab0f-00224820105b,1d425c3b-359d-5de8-afae-32bc63ab47f7,Lady Daphanny's Altar,Daphanny Baker,PAPERBACK,Paperback,9781961475090,,,2024-03-08,CURRENTLY_DISTRIBUTED,,CATALOG_EDITION,AC (USA),OPAQUE_LEGACY_CODE,,,1,OPAQUE_LEGACY_CODE,218,true
e4cddae8-c47a-f111-ab0f-7c1e525b15c2,8b42fea9-c97e-5eee-ac0f-9fe0fa425f87,identifier:9781961475106,ab084bcd-c27a-f111-ab0f-00224820105b,1d425c3b-359d-5de8-afae-32bc63ab47f7,Lady Daphanny's Altar,Daphanny Baker,EBOOK,Digital (delivered electronically),9781961475106,,,2024-03-08,CURRENTLY_DISTRIBUTED,,CATALOG_EDITION,AC (USA)/AC (EBC),OPAQUE_LEGACY_CODE,,,1,OPAQUE_LEGACY_CODE,219,true
6ee9b4ed-c47a-f111-ab0f-6045bdd69738,d0c7b05a-6642-521a-a0ea-085b24c7da5a,identifier:9781961475113,d6f603d3-c27a-f111-ab0f-000d3a14673b,72e55446-e623-5d1a-ae3a-3c39ed480571,The Flame,Dennis Brown,PAPERBACK,Paperback,9781961475113,,,,CURRENTLY_DISTRIBUTED,,CATALOG_EDITION,AC (USA),OPAQUE_LEGACY_CODE,I,OPAQUE_LEGACY_CODE,1,OPAQUE_LEGACY_CODE,220,true
e401ddee-c47a-f111-ab0f-7c1e525b15c2,4827aa45-01c3-5377-ac73-114880b91279,identifier:9781961475120,5d4797d0-c27a-f111-ab0f-7c1e525b15c2,c1f8c1f2-c5c3-56d8-aa98-39e149daf702,The Great Hair Restart,Karen Hill,EBOOK,Digital (delivered electronically),9781961475120,,,2024-05-01,CURRENTLY_DISTRIBUTED,,ORIGINAL_EDITION,AC (USA)/AC (EBC),OPAQUE_LEGACY_CODE,,,1,OPAQUE_LEGACY_CODE,221,true
ab26c5ee-c47a-f111-ab0f-6045bdd69678,3b882b23-4825-5099-a758-f72b3a3da5aa,identifier:9781961475137,5d4797d0-c27a-f111-ab0f-7c1e525b15c2,c1f8c1f2-c5c3-56d8-aa98-39e149daf702,The Great Hair Restart,Karen Hill,PAPERBACK,Paperback,9781961475137,,,2024-05-01,CURRENTLY_DISTRIBUTED,,ORIGINAL_EDITION,AC (USA),OPAQUE_LEGACY_CODE,Y,OPAQUE_LEGACY_CODE,1,OPAQUE_LEGACY_CODE,222,true
fd8ce8e9-c47a-f111-ab0f-00224820105b,a4596ceb-f263-56ee-a591-735a30876f04,identifier:9781961475144,5d4797d0-c27a-f111-ab0f-7c1e525b15c2,c1f8c1f2-c5c3-56d8-aa98-39e149daf702,The Great Hair Restart,Karen Hill,HARDCOVER,Hardback,9781961475144,,,2024-05-01,CURRENTLY_DISTRIBUTED,,ORIGINAL_EDITION,AC (USA),OPAQUE_LEGACY_CODE,,,1,OPAQUE_LEGACY_CODE,223,true
018de8e9-c47a-f111-ab0f-00224820105b,45638b61-19f6-5f83-a4e4-c4786874c3ac,identifier:9781961475151,930f6fd3-c27a-f111-ab0f-6045bdd69435,1dd8123c-e2e9-5da5-a006-7fec0d96c7ff,The Messenger,Daphanny Baker,PAPERBACK,Paperback,9781961475151,,,2024-03-08,CURRENTLY_DISTRIBUTED,,CATALOG_EDITION,AC (USA),OPAQUE_LEGACY_CODE,Y,OPAQUE_LEGACY_CODE,1,OPAQUE_LEGACY_CODE,224,true
f701ddee-c47a-f111-ab0f-7c1e525b15c2,2ae5d696-d520-5fd7-a0b2-724a25d3840f,identifier:9781961475168,930f6fd3-c27a-f111-ab0f-6045bdd69435,1dd8123c-e2e9-5da5-a006-7fec0d96c7ff,The Messenger,Daphanny Baker,EBOOK,Digital (delivered electronically),9781961475168,,,2024-03-08,CURRENTLY_DISTRIBUTED,,CATALOG_EDITION,AC (USA)/AC (EBC),OPAQUE_LEGACY_CODE,,,1,OPAQUE_LEGACY_CODE,225,true
ad26c5ee-c47a-f111-ab0f-6045bdd69678,02e5b9f3-e841-50d8-af17-bac3bef38acb,identifier:9781961475175,cc4b00d4-c27a-f111-ab0f-00224820105b,99343a2d-27ed-5e29-a0a4-6b963c3f9edb,Divinely Inspired,Regina Scales,PAPERBACK,Paperback,9781961475175,,,2024-09-01,CURRENTLY_DISTRIBUTED,,CATALOG_EDITION,AC (USA),OPAQUE_LEGACY_CODE,Y,OPAQUE_LEGACY_CODE,1,OPAQUE_LEGACY_CODE,226,true
fc01ddee-c47a-f111-ab0f-7c1e525b15c2,25bda87c-0f8c-5e5b-a6cb-2375fb668108,identifier:9781961475182,cc4b00d4-c27a-f111-ab0f-00224820105b,99343a2d-27ed-5e29-a0a4-6b963c3f9edb,Divinely Inspired,Regina Scales,EBOOK,Digital (delivered electronically),9781961475182,,,2024-09-01,CURRENTLY_DISTRIBUTED,,CATALOG_EDITION,AC (USA)/AC (EBC),OPAQUE_LEGACY_CODE,,,1,OPAQUE_LEGACY_CODE,227,true
050a92ef-c47a-f111-ab0f-6045bdd69435,d7e4442d-818d-5196-a41d-9b6dc2e974df,identifier:9781961475199,9242c1c2-c37a-f111-ab0f-000d3a14673b,51d54ba2-50cd-5df9-a11e-9d3cec30fc9a,Establishing Glory,"Jackie Smith, Jr.",AUDIOBOOK,Downloadable audio file,9781961475199,,,,CURRENTLY_DISTRIBUTED,,PARALLEL_EDITION,AC (USA),OPAQUE_LEGACY_CODE,,,1,OPAQUE_LEGACY_CODE,228,true
f9a340ef-c47a-f111-ab0f-000d3a1a9efa,58f06a38-e8a7-5f38-a9d8-c9dab209cfa7,identifier:9781961475205,cc4b00d4-c27a-f111-ab0f-00224820105b,99343a2d-27ed-5e29-a0a4-6b963c3f9edb,Divinely Inspired,Regina Scales,HARDCOVER,Hardback,9781961475205,,,2024-09-01,CURRENTLY_DISTRIBUTED,,CATALOG_EDITION,AC (USA),OPAQUE_LEGACY_CODE,Y,OPAQUE_LEGACY_CODE,1,OPAQUE_LEGACY_CODE,229,true
070a92ef-c47a-f111-ab0f-6045bdd69435,f84d29d5-0972-5821-a762-569ca0e20ea0,identifier:9781961475212,60137ed6-c27a-f111-ab0f-6045bdd69738,a4f2b6f4-96c8-52bd-a7a4-a5f3f360f241,Taylor Made,Will Harris,PAPERBACK,Paperback,9781961475212,,,2024-07-20,CURRENTLY_DISTRIBUTED,,CATALOG_EDITION,AC (USA),OPAQUE_LEGACY_CODE,Y,OPAQUE_LEGACY_CODE,1,OPAQUE_LEGACY_CODE,230,true
ae26c5ee-c47a-f111-ab0f-6045bdd69678,7ddcef6f-9bb3-5737-a48e-c31bc69470a9,identifier:9781961475229,60137ed6-c27a-f111-ab0f-6045bdd69738,a4f2b6f4-96c8-52bd-a7a4-a5f3f360f241,Taylor Made,Will Harris,EBOOK,Digital (delivered electronically),9781961475229,,,2024-07-20,CURRENTLY_DISTRIBUTED,,CATALOG_EDITION,AC (USA)/AC (EBC),OPAQUE_LEGACY_CODE,,,1,OPAQUE_LEGACY_CODE,231,true
090a92ef-c47a-f111-ab0f-6045bdd69435,1e56c918-afe5-5609-a040-71b80ed0fffd,identifier:9781961475236,24e01ad3-c27a-f111-ab0f-6045bdd69678,1c0dbd80-3a4c-51e9-a861-bfa01f969371,From Stylist to CEO,Karen Hill,PAPERBACK,Paperback,9781961475236,,,,CURRENTLY_DISTRIBUTED,,CATALOG_EDITION,AC (USA),OPAQUE_LEGACY_CODE,I,OPAQUE_LEGACY_CODE,1,OPAQUE_LEGACY_CODE,232,true
0c0a92ef-c47a-f111-ab0f-6045bdd69435,b7cf308f-1d3a-5711-a8fa-5427befd7370,identifier:9781961475243,24e01ad3-c27a-f111-ab0f-6045bdd69678,1c0dbd80-3a4c-51e9-a861-bfa01f969371,From Stylist to CEO,Karen Hill,HARDCOVER,Hardback,9781961475243,,,,CURRENTLY_DISTRIBUTED,,CATALOG_EDITION,AC (USA),OPAQUE_LEGACY_CODE,I,OPAQUE_LEGACY_CODE,1,OPAQUE_LEGACY_CODE,233,true
78fcf8ee-c47a-f111-ab0f-000d3a14673b,94d5d3cc-28c7-59f4-a60d-1f4febea9a8a,identifier:9781961475250,24e01ad3-c27a-f111-ab0f-6045bdd69678,1c0dbd80-3a4c-51e9-a861-bfa01f969371,From Stylist to CEO,Karen Hill,EBOOK,Digital online,9781961475250,,,,CURRENTLY_DISTRIBUTED,,CATALOG_EDITION,AC (USA),OPAQUE_LEGACY_CODE,,,1,OPAQUE_LEGACY_CODE,234,true
cce11ef0-c47a-f111-ab0f-00224820105b,22f78ff6-4f28-5281-ad18-c2371cd841fd,identifier:9781961475267,5d4797d0-c27a-f111-ab0f-7c1e525b15c2,964d2fc5-2622-5325-ab28-c401abac2ea4,The Great Hair Restart,Karen Hill,PAPERBACK,Paperback,9781961475267,,,2025-04-01,CURRENTLY_DISTRIBUTED,,NEW_EDITION,AC (USA),OPAQUE_LEGACY_CODE,Y,OPAQUE_LEGACY_CODE,1,OPAQUE_LEGACY_CODE,235,true
b026c5ee-c47a-f111-ab0f-6045bdd69678,4949f8df-8734-5fd0-a999-124ab66e93af,identifier:9781961475274,5d4797d0-c27a-f111-ab0f-7c1e525b15c2,964d2fc5-2622-5325-ab28-c401abac2ea4,The Great Hair Restart,Karen Hill,HARDCOVER,Hardback,9781961475274,,,2025-04-01,CURRENTLY_DISTRIBUTED,,NEW_EDITION,AC (USA),OPAQUE_LEGACY_CODE,Y,OPAQUE_LEGACY_CODE,1,OPAQUE_LEGACY_CODE,236,true
7bfcf8ee-c47a-f111-ab0f-000d3a14673b,d6314855-baf5-5b6f-aa6d-d46eb681da3b,identifier:9781961475281,5d4797d0-c27a-f111-ab0f-7c1e525b15c2,964d2fc5-2622-5325-ab28-c401abac2ea4,The Great Hair Restart,Karen Hill,EBOOK,Digital (delivered electronically),9781961475281,,,2025-04-01,CURRENTLY_DISTRIBUTED,,NEW_EDITION,AC (USA)/AC (EBC),OPAQUE_LEGACY_CODE,,,1,OPAQUE_LEGACY_CODE,237,true
b126c5ee-c47a-f111-ab0f-6045bdd69678,df743497-bc7a-55d5-ad19-db46440e904d,identifier:9781961475298,60137ed6-c27a-f111-ab0f-6045bdd69738,a4f2b6f4-96c8-52bd-a7a4-a5f3f360f241,Taylor Made,Will Harris,HARDCOVER,Hardback,9781961475298,,,2024-07-20,CURRENTLY_DISTRIBUTED,,CATALOG_EDITION,AC (USA),OPAQUE_LEGACY_CODE,Y,OPAQUE_LEGACY_CODE,1,OPAQUE_LEGACY_CODE,238,true
0c02ddee-c47a-f111-ab0f-7c1e525b15c2,6e3d50d4-9d2e-5fd1-a51d-4e889d2a7939,identifier:9781961475304,60137ed6-c27a-f111-ab0f-6045bdd69738,a4f2b6f4-96c8-52bd-a7a4-a5f3f360f241,Taylor Made,Will Harris,AUDIOBOOK,Downloadable audio file,9781961475304,,,2024-07-20,CURRENTLY_DISTRIBUTED,,CATALOG_EDITION,AC (USA),OPAQUE_LEGACY_CODE,,,1,OPAQUE_LEGACY_CODE,239,true
84fcf8ee-c47a-f111-ab0f-000d3a14673b,0b7a43c6-129c-5001-ae8c-67e5450ee57d,identifier:9781961475311,624797d0-c27a-f111-ab0f-7c1e525b15c2,ab7ddc6b-2da4-537a-a7ec-a5d7fae4cae4,Have You Considered My Servant?,Jaylonna Stevette,PAPERBACK,Paperback,9781961475311,,,2024-08-15,CURRENTLY_DISTRIBUTED,,CATALOG_EDITION,AC (USA),OPAQUE_LEGACY_CODE,Y,OPAQUE_LEGACY_CODE,1,OPAQUE_LEGACY_CODE,240,true
3eae58ed-c47a-f111-ab0f-000d3a9eacee,7ca10e51-1afd-5fd1-a32a-a09dc4ea0f5c,identifier:9781961475328,624797d0-c27a-f111-ab0f-7c1e525b15c2,ab7ddc6b-2da4-537a-a7ec-a5d7fae4cae4,Have You Considered My Servant?,Jaylonna Stevette,EBOOK,Digital (delivered electronically),9781961475328,,,2024-08-15,CURRENTLY_DISTRIBUTED,,CATALOG_EDITION,AC (USA)/AC (EBC),OPAQUE_LEGACY_CODE,,,1,OPAQUE_LEGACY_CODE,241,true
140a92ef-c47a-f111-ab0f-6045bdd69435,e11eb86e-5f63-5c0c-a2db-66fda776e86a,identifier:9781961475335,c70f6fd3-c27a-f111-ab0f-6045bdd69435,50b19d93-8fe4-53a1-a357-409dcc21ca55,Delicious Ideas!,Agape International Cathedral,PAPERBACK,Paperback,9781961475335,,,2025-02-01,CURRENTLY_DISTRIBUTED,,CATALOG_EDITION,AC (USA),OPAQUE_LEGACY_CODE,Y,OPAQUE_LEGACY_CODE,1,OPAQUE_LEGACY_CODE,242,true
1302ddee-c47a-f111-ab0f-7c1e525b15c2,bc073859-3f63-5139-a7ee-34cc12468bd0,identifier:9781961475342,c70f6fd3-c27a-f111-ab0f-6045bdd69435,50b19d93-8fe4-53a1-a357-409dcc21ca55,Delicious Ideas!,Agape International Cathedral,HARDCOVER,Hardback,9781961475342,,,2025-02-01,CURRENTLY_DISTRIBUTED,,CATALOG_EDITION,AC (USA),OPAQUE_LEGACY_CODE,,,1,OPAQUE_LEGACY_CODE,243,true
b526c5ee-c47a-f111-ab0f-6045bdd69678,a823701a-4feb-59ac-a543-1a856edd0354,identifier:9781961475359,c70f6fd3-c27a-f111-ab0f-6045bdd69435,50b19d93-8fe4-53a1-a357-409dcc21ca55,Delicious Ideas!,Agape International Cathedral,EBOOK,Digital (delivered electronically),9781961475359,,,2025-02-01,CURRENTLY_DISTRIBUTED,,CATALOG_EDITION,AC (USA)/AC (EBC),OPAQUE_LEGACY_CODE,,,1,OPAQUE_LEGACY_CODE,244,true
43ae58ed-c47a-f111-ab0f-000d3a9eacee,b0e557e9-a978-5a97-a953-ed69cc3a871a,identifier:9781961475366,d0f603d3-c27a-f111-ab0f-000d3a14673b,219695d3-de2c-5192-ad07-5c45810b16dd,27 Days to Overcoming Depression,Donjia Walls,PAPERBACK,Paperback,9781961475366,,,2025-02-01,CURRENTLY_DISTRIBUTED,,CATALOG_EDITION,AC (USA),OPAQUE_LEGACY_CODE,Y,OPAQUE_LEGACY_CODE,1,OPAQUE_LEGACY_CODE,245,true
25a440ef-c47a-f111-ab0f-000d3a1a9efa,8c96d589-8b27-5458-a3d1-2357ac4f1b1d,identifier:9781961475373,903274cd-c27a-f111-ab0f-6045bdd69435,7583cfe6-13b2-5b7f-a45c-03f57c162697,Memoir of a Black Christian Nationalist,Shelley McIntosh,AUDIOBOOK,Downloadable audio file,9781961475373,,,2021-11-20,CURRENTLY_DISTRIBUTED,,CATALOG_EDITION,AC (USA),OPAQUE_LEGACY_CODE,,,1,OPAQUE_LEGACY_CODE,246,true
b626c5ee-c47a-f111-ab0f-6045bdd69678,fa3cdb08-95a9-59a0-a775-2f8109c232ad,identifier:9781961475380,9d8ffdd6-c27a-f111-ab0f-7c1e525b15c2,ecaff490-614a-5f49-a783-85ced783582b,War Mother,Winter Dockery,PAPERBACK,Paperback,9781961475380,,,2025-06-01,CURRENTLY_DISTRIBUTED,,CATALOG_EDITION,AC (USA),OPAQUE_LEGACY_CODE,Y,OPAQUE_LEGACY_CODE,1,OPAQUE_LEGACY_CODE,247,true
26a440ef-c47a-f111-ab0f-000d3a1a9efa,89677e21-d49a-5034-a0af-6cd8a85d7a64,identifier:9781961475397,9d8ffdd6-c27a-f111-ab0f-7c1e525b15c2,ecaff490-614a-5f49-a783-85ced783582b,War Mother,Winter Dockery,EBOOK,Digital (delivered electronically),9781961475397,,,2025-06-01,CURRENTLY_DISTRIBUTED,,CATALOG_EDITION,AC (USA)/AC (EBC),OPAQUE_LEGACY_CODE,,,1,OPAQUE_LEGACY_CODE,248,true
180a92ef-c47a-f111-ab0f-6045bdd69435,173adbc1-e173-56a8-ae04-8436e0fb0c1d,identifier:9781961475403,26e01ad3-c27a-f111-ab0f-6045bdd69678,734eaed3-9726-57ca-ab7a-393f89724293,Jalen Becomes a Big Brother,Deborah Eiland,PAPERBACK,Paperback,9781961475403,,,2025-07-15,CURRENTLY_DISTRIBUTED,,CATALOG_EDITION,AC (USA),OPAQUE_LEGACY_CODE,Y,OPAQUE_LEGACY_CODE,1,OPAQUE_LEGACY_CODE,249,true
b726c5ee-c47a-f111-ab0f-6045bdd69678,762c560b-689e-5bc9-a11a-de8411556c8f,identifier:9781961475410,26e01ad3-c27a-f111-ab0f-6045bdd69678,734eaed3-9726-57ca-ab7a-393f89724293,Jalen Becomes a Big Brother,Deborah Eiland,HARDCOVER,Hardback,9781961475410,,,2025-07-15,CURRENTLY_DISTRIBUTED,,CATALOG_EDITION,AC (USA),OPAQUE_LEGACY_CODE,Y,OPAQUE_LEGACY_CODE,1,OPAQUE_LEGACY_CODE,250,true
8bfcf8ee-c47a-f111-ab0f-000d3a14673b,b93cbf52-8640-59b2-ac86-6f3ec9850870,identifier:9781961475427,26e01ad3-c27a-f111-ab0f-6045bdd69678,734eaed3-9726-57ca-ab7a-393f89724293,Jalen Becomes a Big Brother,Deborah Eiland,EBOOK,Ebook - EPUB,9781961475427,,,2025-07-15,CURRENTLY_DISTRIBUTED,,CATALOG_EDITION,AC (USA)/AC (EBC),OPAQUE_LEGACY_CODE,,,1,OPAQUE_LEGACY_CODE,251,true
1902ddee-c47a-f111-ab0f-7c1e525b15c2,9ad3a8f4-81a2-5576-abf4-5dda4bd250b2,identifier:9781961475434,d5f603d3-c27a-f111-ab0f-000d3a14673b,96ec3c83-7f0e-54ef-aeb9-2ac0872d5bf9,Rhyming It up with Church Stuff,Juanita Travis,PAPERBACK,Paperback,9781961475434,,,2025-07-01,CURRENTLY_DISTRIBUTED,,CATALOG_EDITION,AC (USA),OPAQUE_LEGACY_CODE,Y,OPAQUE_LEGACY_CODE,1,OPAQUE_LEGACY_CODE,252,true
1a02ddee-c47a-f111-ab0f-7c1e525b15c2,dffd781d-94a0-5c4b-ae2c-cbe0af2516ad,identifier:9781961475441,d5f603d3-c27a-f111-ab0f-000d3a14673b,96ec3c83-7f0e-54ef-aeb9-2ac0872d5bf9,Rhyming It up with Church Stuff,Juanita Travis,EBOOK,Digital (delivered electronically),9781961475441,,,2025-07-01,CURRENTLY_DISTRIBUTED,,CATALOG_EDITION,AC (USA)/AC (EBC),OPAQUE_LEGACY_CODE,,,1,OPAQUE_LEGACY_CODE,253,true
2fa440ef-c47a-f111-ab0f-000d3a1a9efa,5fe52cb3-93df-5e02-a30f-1abf220395f4,identifier:9781961475458,66137ed6-c27a-f111-ab0f-6045bdd69738,90f35cec-01c0-5e42-ac1a-571bdaa8688e,Your Peace Is a Priority,Kiena Hughley,PAPERBACK,Paperback,9781961475458,,,2025-08-19,CURRENTLY_DISTRIBUTED,,CATALOG_EDITION,AC (USA),OPAQUE_LEGACY_CODE,Y,OPAQUE_LEGACY_CODE,1,OPAQUE_LEGACY_CODE,254,true
cde51ef0-c47a-f111-ab0f-00224820105b,db5ed20b-1f61-5049-a776-cc9212e43fa2,identifier:9781961475465,66137ed6-c27a-f111-ab0f-6045bdd69738,90f35cec-01c0-5e42-ac1a-571bdaa8688e,Your Peace Is a Priority,Kiena Hughley,EBOOK,Digital (delivered electronically),9781961475465,,,2025-08-19,CURRENTLY_DISTRIBUTED,,CATALOG_EDITION,AC (USA)/AC (EBC),OPAQUE_LEGACY_CODE,,,1,OPAQUE_LEGACY_CODE,255,true
1d02ddee-c47a-f111-ab0f-7c1e525b15c2,06b4fed0-c762-5132-abae-92b186759551,identifier:9781961475472,992156cd-c37a-f111-ab0f-00224820105b,02077c02-e65b-5056-adf9-14386f03df16,Peaches Can Do It!,Daphanny Baker,PAPERBACK,Paperback,9781961475472,,,2025-08-19,CURRENTLY_DISTRIBUTED,,CATALOG_EDITION,AC (USA),OPAQUE_LEGACY_CODE,,,1,OPAQUE_LEGACY_CODE,256,true
3fa105f4-c47a-f111-ab0f-6045bdd69738,dea10879-6619-5b49-af6c-e69e66152308,identifier:9781961475489,992156cd-c37a-f111-ab0f-00224820105b,02077c02-e65b-5056-adf9-14386f03df16,Peaches Can Do It!,Daphanny Baker,EBOOK,Digital online,9781961475489,,,2025-08-19,CURRENTLY_DISTRIBUTED,,CATALOG_EDITION,AC (USA),OPAQUE_LEGACY_CODE,,,1,OPAQUE_LEGACY_CODE,257,true
2002ddee-c47a-f111-ab0f-7c1e525b15c2,97993079-df2d-5a78-aff4-51cb86eb7043,identifier:9781961475496,df0f6fd3-c27a-f111-ab0f-6045bdd69435,d3173605-2111-530a-ac01-79278ab9a39b,Inner Peace Through Life's Storms,KD Heard,PAPERBACK,Paperback,9781961475496,,,,CURRENTLY_DISTRIBUTED,,CATALOG_EDITION,AC (USA),OPAQUE_LEGACY_CODE,,,1,OPAQUE_LEGACY_CODE,258,true
270a92ef-c47a-f111-ab0f-6045bdd69435,1879e6e5-ef82-528a-aa9f-c63d49bef095,identifier:9781961475502,df0f6fd3-c27a-f111-ab0f-6045bdd69435,d3173605-2111-530a-ac01-79278ab9a39b,Inner Peace Through Life's Storms,KD Heard,EBOOK,Digital online,9781961475502,,,,CURRENTLY_DISTRIBUTED,,CATALOG_EDITION,AC (USA),OPAQUE_LEGACY_CODE,,,1,OPAQUE_LEGACY_CODE,259,true
dbe51ef0-c47a-f111-ab0f-00224820105b,11c627d2-57f5-506d-aa92-892fc0149e1e,identifier:9781961475519,d9f603d3-c27a-f111-ab0f-000d3a14673b,68349e13-5a3f-56a5-a1d8-ce8691c05ef7,Warriors and Angels,Shelley McIntosh,PAPERBACK,Paperback,9781961475519,,,2025-11-14,CURRENTLY_DISTRIBUTED,,CATALOG_EDITION,AC (USA),OPAQUE_LEGACY_CODE,,,1,OPAQUE_LEGACY_CODE,260,true
c326c5ee-c47a-f111-ab0f-6045bdd69678,08d6ad20-1c4b-507c-ade6-094b8e06bc54,identifier:9781961475526,d9f603d3-c27a-f111-ab0f-000d3a14673b,68349e13-5a3f-56a5-a1d8-ce8691c05ef7,Warriors and Angels,Shelley McIntosh,EBOOK,Digital (delivered electronically),9781961475526,,,2025-11-14,CURRENTLY_DISTRIBUTED,,CATALOG_EDITION,AC (USA)/AC (EBC),OPAQUE_LEGACY_CODE,,,1,OPAQUE_LEGACY_CODE,261,true
8dfcf8ee-c47a-f111-ab0f-000d3a14673b,9813eb20-4edc-5751-a096-49a0083a1c2d,identifier:9781961475533,07106fd3-c27a-f111-ab0f-6045bdd69435,4b7cb25f-f586-5d82-a91e-b781a6cde939,The Paper Champ,Felix Catheline,PAPERBACK,Paperback,9781961475533,,,2025-11-14,CURRENTLY_DISTRIBUTED,,CATALOG_EDITION,AC (USA),OPAQUE_LEGACY_CODE,,,1,OPAQUE_LEGACY_CODE,262,true
fb88eef3-c47a-f111-ab0f-000d3a9eacee,fb9b4108-0452-5958-a317-9e79f6dbb202,identifier:9781961475540,07106fd3-c27a-f111-ab0f-6045bdd69435,4b7cb25f-f586-5d82-a91e-b781a6cde939,The Paper Champ,Felix Catheline,EBOOK,Digital (delivered electronically),9781961475540,,,2025-11-14,CURRENTLY_DISTRIBUTED,,CATALOG_EDITION,AC (USA)/AC (EBC),OPAQUE_LEGACY_CODE,,,1,OPAQUE_LEGACY_CODE,263,true
76aff4f4-c47a-f111-ab0f-7c1e525b15c2,31116f4b-9511-5578-a821-a8db82576008,identifier:9781961475557,62137ed6-c27a-f111-ab0f-6045bdd69738,9238bfac-8093-5f52-ad20-e916aab41c2e,"The Sun, the Shadow, and the Silence",R. Dorian Night,PAPERBACK,Paperback,9781961475557,,,2025-12-03,CURRENTLY_DISTRIBUTED,,CATALOG_EDITION,AC (USA),OPAQUE_LEGACY_CODE,,,1,OPAQUE_LEGACY_CODE,264,true
658edcf4-c47a-f111-ab0f-6045bdd69678,9bb2644e-693a-5481-a86b-d6dc90832765,identifier:9781961475564,62137ed6-c27a-f111-ab0f-6045bdd69738,9238bfac-8093-5f52-ad20-e916aab41c2e,"The Sun, the Shadow, and the Silence",R. Dorian Night,EBOOK,Digital (delivered electronically),9781961475564,,,2025-12-03,CURRENTLY_DISTRIBUTED,,CATALOG_EDITION,AC (USA)/AC (EBC),OPAQUE_LEGACY_CODE,,,1,OPAQUE_LEGACY_CODE,265,true
dce51ef0-c47a-f111-ab0f-00224820105b,8a4a7c09-09e7-555a-a2ea-af7514dfaafc,identifier:9781961475571,34926ac0-c37a-f111-ab0f-00224820105b,89b96613-edaa-5bfc-a104-368ebb8a3d7c,100 Wisdom Lessons for Life and Living,J Derrick Johnson,PAPERBACK,Paperback,9781961475571,,,2026-04-14,CURRENTLY_DISTRIBUTED,,CATALOG_EDITION,AC (USA),OPAQUE_LEGACY_CODE,,,1,OPAQUE_LEGACY_CODE,266,true
0189eef3-c47a-f111-ab0f-000d3a9eacee,436f577d-10d5-504a-a5e6-2712deb4803c,identifier:9781961475588,34926ac0-c37a-f111-ab0f-00224820105b,89b96613-edaa-5bfc-a104-368ebb8a3d7c,100 Wisdom Lessons for Life and Living,J Derrick Johnson,HARDCOVER,Hardback,9781961475588,,,2026-04-14,CURRENTLY_DISTRIBUTED,,CATALOG_EDITION,AC (USA),OPAQUE_LEGACY_CODE,,,1,OPAQUE_LEGACY_CODE,267,true
45da80f5-c47a-f111-ab0f-000d3a1a9efa,64957100-04ac-520a-a788-277233d433d0,identifier:9781961475595,34926ac0-c37a-f111-ab0f-00224820105b,89b96613-edaa-5bfc-a104-368ebb8a3d7c,100 Wisdom Lessons for Life and Living,J Derrick Johnson,EBOOK,Digital (delivered electronically),9781961475595,,,2026-04-14,CURRENTLY_DISTRIBUTED,,CATALOG_EDITION,AC (USA)/AC (EBC),OPAQUE_LEGACY_CODE,,,1,OPAQUE_LEGACY_CODE,268,true
c8a06522-01b0-5c7d-a696-ee48b82cc808,c8a06522-01b0-5c7d-a696-ee48b82cc808,identifier:9781961475601,34926ac0-c37a-f111-ab0f-00224820105b,89b96613-edaa-5bfc-a104-368ebb8a3d7c,100 Wisdom Lessons for Life and Living,J Derrick Johnson,AUDIOBOOK,Downloadable audio file,9781961475601,,,2026-04-14,CURRENTLY_DISTRIBUTED,,CATALOG_EDITION,AC (USA),OPAQUE_LEGACY_CODE,,,1,OPAQUE_LEGACY_CODE,269,false
6a8edcf4-c47a-f111-ab0f-6045bdd69678,537114d4-7c01-5df3-a011-64ef8e15c2c4,identifier:9781961475618,69137ed6-c27a-f111-ab0f-6045bdd69738,9bec9786-6218-5cd9-a38f-694f83109b39,The Messenger 2,Daphanny Baker,PAPERBACK,Paperback,9781961475618,,,2026-03-31,CURRENTLY_DISTRIBUTED,,CATALOG_EDITION,AC (USA),OPAQUE_LEGACY_CODE,,,1,OPAQUE_LEGACY_CODE,270,true
eb3e34f5-c47a-f111-ab0f-000d3a14673b,93ba4606-8997-574d-a7cf-89f095ff9fc7,identifier:9781961475625,69137ed6-c27a-f111-ab0f-6045bdd69738,9bec9786-6218-5cd9-a38f-694f83109b39,The Messenger 2,Daphanny Baker,EBOOK,Digital (delivered electronically),9781961475625,,,2026-03-31,CURRENTLY_DISTRIBUTED,,CATALOG_EDITION,AC (USA)/AC (EBC),OPAQUE_LEGACY_CODE,,,1,OPAQUE_LEGACY_CODE,271,true
ec3e34f5-c47a-f111-ab0f-000d3a14673b,e3d5cd59-daff-538b-a130-3aa00b83e030,identifier:9781961475632,c84b00d4-c27a-f111-ab0f-00224820105b,5eb4cea2-e50e-5bf9-a828-1df4fac78b0b,The Fight for the Promiseland,Cheryl Cook,PAPERBACK,Paperback,9781961475632,,,2026-05-12,CURRENTLY_DISTRIBUTED,,CATALOG_EDITION,AC (USA),OPAQUE_LEGACY_CODE,,,1,OPAQUE_LEGACY_CODE,272,true
6b8edcf4-c47a-f111-ab0f-6045bdd69678,5b751514-6a2c-5e1d-a1cd-22a78f9f2cb9,identifier:9781961475649,c84b00d4-c27a-f111-ab0f-00224820105b,5eb4cea2-e50e-5bf9-a828-1df4fac78b0b,The Fight for the Promiseland,Cheryl Cook,EBOOK,Digital (delivered electronically),9781961475649,,,2026-05-12,CURRENTLY_DISTRIBUTED,,CATALOG_EDITION,AC (EBC)/AC (USA),OPAQUE_LEGACY_CODE,,,1,OPAQUE_LEGACY_CODE,273,true
063042f6-c47a-f111-ab0f-00224820105b,2314f2f0-852b-5f06-a4f8-34e40c330ad4,identifier:9781961475656,c74b00d4-c27a-f111-ab0f-00224820105b,007dc6d3-bcc2-502f-a0e7-92261eb3f2f2,A Portrait of Paradise,Iyorwuese Hagher,PAPERBACK,Paperback,9781961475656,,,2026-04-21,CURRENTLY_DISTRIBUTED,,CATALOG_EDITION,AC (USA),OPAQUE_LEGACY_CODE,,,1,OPAQUE_LEGACY_CODE,274,true
083042f6-c47a-f111-ab0f-00224820105b,56b6d617-8836-5aa8-a60e-d5a64abd4867,identifier:9781961475663,c74b00d4-c27a-f111-ab0f-00224820105b,007dc6d3-bcc2-502f-a0e7-92261eb3f2f2,A Portrait of Paradise,Iyorwuese Hagher,HARDCOVER,Hardback,9781961475663,,,2026-04-21,CURRENTLY_DISTRIBUTED,,CATALOG_EDITION,AC (USA),OPAQUE_LEGACY_CODE,,,1,OPAQUE_LEGACY_CODE,275,true
4cda80f5-c47a-f111-ab0f-000d3a1a9efa,231439e6-294d-5b96-a8f2-b67714fb933e,identifier:9781961475670,c74b00d4-c27a-f111-ab0f-00224820105b,007dc6d3-bcc2-502f-a0e7-92261eb3f2f2,A Portrait of Paradise,Iyorwuese Hagher,EBOOK,Digital (delivered electronically),9781961475670,,,2026-04-21,CURRENTLY_DISTRIBUTED,,CATALOG_EDITION,AC (EBC)/AC (USA),OPAQUE_LEGACY_CODE,,,1,OPAQUE_LEGACY_CODE,276,true
9dcefaf5-c47a-f111-ab0f-6045bdd69435,eca89d4a-b172-5d2b-ad24-29bd44817b53,identifier:9781961475687,2c966ac0-c37a-f111-ab0f-00224820105b,e20cc43d-b01d-5e13-a3a5-8febe1332fdd,Department of the Air Force Mission Driven Leadership,USAF,PAPERBACK,Paperback,9781961475687,,,2026-04-15,CURRENTLY_DISTRIBUTED,,CATALOG_EDITION,AC (USA),OPAQUE_LEGACY_CODE,,,1,OPAQUE_LEGACY_CODE,277,true
4dda80f5-c47a-f111-ab0f-000d3a1a9efa,c9078ee9-107c-5fe4-aeef-1b46118441ed,identifier:9781961475694,2c966ac0-c37a-f111-ab0f-00224820105b,e20cc43d-b01d-5e13-a3a5-8febe1332fdd,Department of the Air Force Mission Driven Leadership,USAF,EBOOK,Digital (delivered electronically),9781961475694,,,2026-04-15,CURRENTLY_DISTRIBUTED,,CATALOG_EDITION,AC (USA)/IN (EBC),OPAQUE_LEGACY_CODE,,,1,OPAQUE_LEGACY_CODE,278,true
58a105f4-c47a-f111-ab0f-6045bdd69738,44423363-cc2e-5820-ad4c-a49352db2623,identifier:9781961475700,33106fd3-c27a-f111-ab0f-6045bdd69435,716f5700-30b4-57c7-afb1-d2210eeef05a,Damaged,Lisa Taylor,PAPERBACK,Paperback,9781961475700,,,2026-05-27,CURRENTLY_DISTRIBUTED,,CATALOG_EDITION,AC (USA),OPAQUE_LEGACY_CODE,,,1,OPAQUE_LEGACY_CODE,279,true
2189eef3-c47a-f111-ab0f-000d3a9eacee,32e899d6-f302-5062-a601-86caa4d9a20b,identifier:9781961475717,33106fd3-c27a-f111-ab0f-6045bdd69435,716f5700-30b4-57c7-afb1-d2210eeef05a,Damaged,Lisa Taylor,EBOOK,Digital (delivered electronically),9781961475717,,,2026-05-27,CURRENTLY_DISTRIBUTED,,CATALOG_EDITION,AC (USA)/AC (EBC),OPAQUE_LEGACY_CODE,,,1,OPAQUE_LEGACY_CODE,280,true
a2cefaf5-c47a-f111-ab0f-6045bdd69435,4df80b7b-4e57-573f-a680-0fd348de4cd9,identifier:9781961475724,67137ed6-c27a-f111-ab0f-6045bdd69738,dc614144-4421-59f5-abb4-ca3bbd05a062,Music Ministry Unplugged,Will Harris,PAPERBACK,Paperback,9781961475724,,,2026-05-19,CURRENTLY_DISTRIBUTED,,CATALOG_EDITION,AC (USA),OPAQUE_LEGACY_CODE,,,1,OPAQUE_LEGACY_CODE,281,true
a3cefaf5-c47a-f111-ab0f-6045bdd69435,618377e9-d979-5058-a5b3-014341d8fa59,identifier:9781961475731,67137ed6-c27a-f111-ab0f-6045bdd69738,dc614144-4421-59f5-abb4-ca3bbd05a062,Music Ministry Unplugged,Will Harris,EBOOK,Digital (delivered electronically),9781961475731,,,2026-05-19,CURRENTLY_DISTRIBUTED,,CATALOG_EDITION,AC (USA)/AC (EBC),OPAQUE_LEGACY_CODE,,,1,OPAQUE_LEGACY_CODE,282,true
f63e34f5-c47a-f111-ab0f-000d3a14673b,34edfae1-ea2a-520c-afcd-8cd570c14201,identifier:9781961475748,d0b91ac7-c37a-f111-ab0f-00224820105b,3e424e78-706d-5aa8-a563-953b7fc18fd0,"Girl, Did You Know... ?",Kimberly Reeder,PAPERBACK,Paperback,9781961475748,,,2026-06-23,CURRENTLY_DISTRIBUTED,,CATALOG_EDITION,AC (USA),OPAQUE_LEGACY_CODE,,,1,OPAQUE_LEGACY_CODE,283,true
093042f6-c47a-f111-ab0f-00224820105b,fc7ab0f1-20e5-570e-a7b6-93c2eef7ff4f,identifier:9781961475755,d0b91ac7-c37a-f111-ab0f-00224820105b,3e424e78-706d-5aa8-a563-953b7fc18fd0,"Girl, Did You Know... ?",Kimberly Reeder,EBOOK,Digital (delivered electronically),9781961475755,,,2026-06-23,CURRENTLY_DISTRIBUTED,,CATALOG_EDITION,AC (USA)/AC (EBC),OPAQUE_LEGACY_CODE,,,1,OPAQUE_LEGACY_CODE,284,true
a4cefaf5-c47a-f111-ab0f-6045bdd69435,087dda16-1579-5482-a45a-a349ebe0171a,identifier:9781961475762,c44b00d4-c27a-f111-ab0f-00224820105b,146465a8-d3fb-5509-a93b-ee6aa34f832c,The Conquest of Azenga,Iyorwuese Hagher,PAPERBACK,Paperback,9781961475762,,,2026-06-23,CURRENTLY_DISTRIBUTED,,CATALOG_EDITION,AC (USA),OPAQUE_LEGACY_CODE,,,1,OPAQUE_LEGACY_CODE,285,true
f93e34f5-c47a-f111-ab0f-000d3a14673b,0e975493-5b94-551f-a71d-76529716de6c,identifier:9781961475779,c44b00d4-c27a-f111-ab0f-00224820105b,146465a8-d3fb-5509-a93b-ee6aa34f832c,The Conquest of Azenga,Iyorwuese Hagher,HARDCOVER,Hardback,9781961475779,,,2026-06-23,CURRENTLY_DISTRIBUTED,,CATALOG_EDITION,AC (USA)/AC (EPD),OPAQUE_LEGACY_CODE,,,1,OPAQUE_LEGACY_CODE,286,true
a6cefaf5-c47a-f111-ab0f-6045bdd69435,28b8239d-abcc-50c8-abf7-142cdbcad05a,identifier:9781961475786,c44b00d4-c27a-f111-ab0f-00224820105b,146465a8-d3fb-5509-a93b-ee6aa34f832c,The Conquest of Azenga,Iyorwuese Hagher,EBOOK,Digital (delivered electronically),9781961475786,,,2026-06-23,CURRENTLY_DISTRIBUTED,,CATALOG_EDITION,AC (USA)/AC (EBC),OPAQUE_LEGACY_CODE,,,1,OPAQUE_LEGACY_CODE,287,true
555b17d6-7baa-577a-a984-144c3e69c3c1,555b17d6-7baa-577a-a984-144c3e69c3c1,identifier:9781961475793,112ac7e9-b389-f111-ab10-000d3a9eacee,9f294b56-e9a9-5966-abbf-6c68558c5beb,The Shift,Sean A Crowley I,PAPERBACK,Paperback,9781961475793,,,2026-08-18,CURRENTLY_DISTRIBUTED,,CATALOG_EDITION,AC (USA),OPAQUE_LEGACY_CODE,,,1,OPAQUE_LEGACY_CODE,288,false
3cdee1b4-da45-5503-a1fc-d936df3b370a,3cdee1b4-da45-5503-a1fc-d936df3b370a,identifier:9781961475809,112ac7e9-b389-f111-ab10-000d3a9eacee,9f294b56-e9a9-5966-abbf-6c68558c5beb,The Shift,Sean A Crowley I,EBOOK,Digital (delivered electronically),9781961475809,,,2026-08-18,CURRENTLY_DISTRIBUTED,,CATALOG_EDITION,AC (USA)/AC (EBC),OPAQUE_LEGACY_CODE,,,1,OPAQUE_LEGACY_CODE,289,false
0b6465fe-cb9a-5424-afbd-97ee1a2c280f,0b6465fe-cb9a-5424-afbd-97ee1a2c280f,identifier:9781961475816,e2411beb-7978-5270-a2ff-4e59ed0d77c8,292e457c-bbf7-5f93-ad30-4da2e18a84c8,The Tithe Is the Lord's,Permelia Smith,PAPERBACK,Paperback,9781961475816,,,2026-07-22,CURRENTLY_DISTRIBUTED,,CATALOG_EDITION,AC (USA),OPAQUE_LEGACY_CODE,,,1,OPAQUE_LEGACY_CODE,290,false
e04d4f7f-339c-5a9c-a143-8bd1cf55042f,e04d4f7f-339c-5a9c-a143-8bd1cf55042f,identifier:9781961475823,e2411beb-7978-5270-a2ff-4e59ed0d77c8,292e457c-bbf7-5f93-ad30-4da2e18a84c8,The Tithe Is the Lord's,Permelia Smith,EBOOK,Digital online,9781961475823,,,2026-07-22,CURRENTLY_DISTRIBUTED,,CATALOG_EDITION,AC (USA),OPAQUE_LEGACY_CODE,,,1,OPAQUE_LEGACY_CODE,291,false
25d3eb4b-89c1-53f1-ab4f-f6666f486901,25d3eb4b-89c1-53f1-ab4f-f6666f486901,identifier:9781961475830,9794818a-1ca5-532e-a701-ed69f439e8a6,911c8eee-4ee8-572f-ac89-b38ccb580467,Strategies for Success,Sean A Crowley I,PAPERBACK,Paperback,9781961475830,,,2026-09-22,CURRENTLY_DISTRIBUTED,,CATALOG_EDITION,AC (USA),OPAQUE_LEGACY_CODE,,,1,OPAQUE_LEGACY_CODE,292,false
652749e8-8fc1-5ccd-abe8-b934696c63d2,652749e8-8fc1-5ccd-abe8-b934696c63d2,identifier:9781961475847,9794818a-1ca5-532e-a701-ed69f439e8a6,911c8eee-4ee8-572f-ac89-b38ccb580467,Strategies for Success,Sean A Crowley I,EBOOK,Digital online,9781961475847,,,2026-09-22,CURRENTLY_DISTRIBUTED,,CATALOG_EDITION,AC (USA),OPAQUE_LEGACY_CODE,,,1,OPAQUE_LEGACY_CODE,293,false
b9a04efa-6041-5abb-a315-cb5f10c02d82,b9a04efa-6041-5abb-a315-cb5f10c02d82,identifier:9781961475854,9794818a-1ca5-532e-a701-ed69f439e8a6,911c8eee-4ee8-572f-ac89-b38ccb580467,Strategies for Success,Sean A Crowley I,HARDCOVER,Hardback,9781961475854,,,2026-09-22,CURRENTLY_DISTRIBUTED,,CATALOG_EDITION,AC (USA),OPAQUE_LEGACY_CODE,,,1,OPAQUE_LEGACY_CODE,294,false
5ada80f5-c47a-f111-ab0f-000d3a1a9efa,c56ec588-a65f-5636-a51e-d9d658fb4884,identifier:9781961475977,9a4b00d4-c27a-f111-ab0f-00224820105b,62aac99d-2219-5e1d-aa25-2db68a5bcb6b,When a Thug Meets Jesus,Mack Hughley,PAPERBACK,Paperback,9781961475977,,,2023-12-01,CURRENTLY_DISTRIBUTED,,CATALOG_EDITION,AC (USA),OPAQUE_LEGACY_CODE,,,1,OPAQUE_LEGACY_CODE,306,true
768edcf4-c47a-f111-ab0f-6045bdd69678,c6c63542-9dda-5582-a1cd-26ea769b256f,identifier:9781961475984,9a4b00d4-c27a-f111-ab0f-00224820105b,62aac99d-2219-5e1d-aa25-2db68a5bcb6b,When a Thug Meets Jesus,Mack Hughley,EBOOK,Digital (delivered electronically),9781961475984,,,2023-12-01,CURRENTLY_DISTRIBUTED,,CATALOG_EDITION,AC (USA)/AC (EBC),OPAQUE_LEGACY_CODE,,,1,OPAQUE_LEGACY_CODE,307,true
a8cefaf5-c47a-f111-ab0f-6045bdd69435,948a0f27-f5d7-5d9f-a670-d2f760c4832c,identifier:9781961475991,65137ed6-c27a-f111-ab0f-6045bdd69738,c6901cbe-3d73-58e8-a269-12621a87fc84,When Zuri Came to Earth,Gwendolyn Rucker-Carr,PAPERBACK,Paperback,9781961475991,,,,NOT_CURRENTLY_DISTRIBUTED,,CATALOG_EDITION,AC (USA),OPAQUE_LEGACY_CODE,I,OPAQUE_LEGACY_CODE,1,OPAQUE_LEGACY_CODE,308,true
6ba105f4-c47a-f111-ab0f-6045bdd69738,e2408dc2-98e2-55c6-a6b4-f791be8d0934,identifier:9781981006007,b1b61ac7-c37a-f111-ab0f-00224820105b,d1b585e4-765b-5402-a3b0-4d5398130982,Establishing Glory: The Praise and Worship Handbook,"Jackie Smith, Jr.",PAPERBACK,Paperback,9781981006007,,,2018-05-04,CURRENTLY_DISTRIBUTED,,CATALOG_EDITION,AC (USA),OPAQUE_LEGACY_CODE,Y,OPAQUE_LEGACY_CODE,1,OPAQUE_LEGACY_CODE,409,true
701251ca-c47a-f111-ab0f-000d3a14673b,d05c3c0d-c648-5df9-a3e7-6e650f994106,identifier:bk acx0 172577,9d8797ca-c27a-f111-ab0f-7c1e525b15c2,99f27469-e273-51a1-a878-20e2e91f5033,Establishing Glory: The Praise and Worship Handbook (2nd Edition),"Jackie Smith, Jr.",AUDIOBOOK,Audio,,BK_ACX0_172577,,2019-04-01,CURRENTLY_DISTRIBUTED,ACX,CATALOG_EDITION,AC (USA),OPAQUE_LEGACY_CODE,,,1,OPAQUE_LEGACY_CODE,410,true
d46d1dd0-c47a-f111-ab0f-6045bdd69678,602a92c8-d7cc-5910-a9bc-797454fb2981,identifier:bk acx0 232184,16e01ad3-c27a-f111-ab0f-6045bdd69678,53baebe1-4f66-5084-ac59-3eeaaf2d393c,The Celestial Advantage,Obadiah Harris,AUDIOBOOK,Audio,,BK_ACX0_232184,,2019-11-15,CURRENTLY_DISTRIBUTED,ACX,CATALOG_EDITION,AC (USA),OPAQUE_LEGACY_CODE,,,1,OPAQUE_LEGACY_CODE,411,true
4e319ccf-c47a-f111-ab0f-000d3a1a9efa,65ec05f8-3a3a-5b4c-a0cd-babbac20f1bc,identifier:bk acx0 259191,9542c1c2-c37a-f111-ab0f-000d3a14673b,f22dcc02-0493-5425-aae9-5a011982dfc5,Getting Back 2 Happy: The Chronicles of Tabby (Unabridged),Jaylonna Stevette,AUDIOBOOK,Audio,,BK_ACX0_259191,,2021-01-13,CURRENTLY_DISTRIBUTED,ACX,CATALOG_EDITION,AC (USA),OPAQUE_LEGACY_CODE,,,1,OPAQUE_LEGACY_CODE,412,true
