TITLE,AUTHOR,ENTERPRISE_WORK_ID,WORK_PROJECTION_ID,FORMAT,ISBN,CORESOURCE_PRESENT,CORESOURCE_IDENTIFIER,CORESOURCE_ACTIVE_CHANNELS,LSI_PRESENT,LSI_IDENTIFIER,INGRAMSPARK_PRESENT,INGRAMSPARK_IDENTIFIER,AMAZON_DIRECT_PRESENT,AMAZON_ASIN_IDENTIFIER,BN_DIRECT_PRESENT,BN_IDENTIFIER,CURRENT_PRIMARY_UPSTREAM,CURRENT_RETAILER_CHANNELS,TARGET_PRIMARY_UPSTREAM,TARGET_CONTINGENCY_UPSTREAM,DUPLICATE_ROUTE_STATUS,NORMALIZATION_REQUIRED,EVIDENCE_CONFIDENCE
100 Wisdom Lessons for Life and Living,J. Derrick Johnson,100-wisdom-lessons-for-life-and-living,100-wisdom-lessons-for-life-and-living,Paperback,9781961475571,YES,9781961475571,LSI_POD_WHOLESALE_GLOBAL_DISTRIBUTION_REQUIRES_PROVIDER_CHANNEL_EXPORT,PROVIDER_ROUTE_VISIBLE_OR_LEGACY_REQUIRED,PROVIDER_EXPORT_REQUIRED,PROVIDER_EXPORT_REQUIRED,PROVIDER_EXPORT_REQUIRED,PROVIDER_EXPORT_REQUIRED,PROVIDER_EXPORT_REQUIRED,PROVIDER_EXPORT_REQUIRED,PROVIDER_EXPORT_REQUIRED,CORESOURCE_TO_LSI_PRIMARY,LSI_POD_WHOLESALE_GLOBAL_DISTRIBUTION_REQUIRES_PROVIDER_CHANNEL_EXPORT,CORESOURCE_TO_LSI_PRIMARY,INGRAMSPARK_CONTINGENCY,NO_DIRECT_DUPLICATE_PROVEN_FOR_UNIT,NO_CURRENT_EVIDENCE_ONLY,CATALOG_PLUS_CORESOURCE_CENSUS
100 Wisdom Lessons for Life and Living,J. Derrick Johnson,100-wisdom-lessons-for-life-and-living,100-wisdom-lessons-for-life-and-living,Hardcover,9781961475588,YES,9781961475571,LSI_POD_WHOLESALE_GLOBAL_DISTRIBUTION_REQUIRES_PROVIDER_CHANNEL_EXPORT,PROVIDER_ROUTE_VISIBLE_OR_LEGACY_REQUIRED,PROVIDER_EXPORT_REQUIRED,PROVIDER_EXPORT_REQUIRED,PROVIDER_EXPORT_REQUIRED,PROVIDER_EXPORT_REQUIRED,PROVIDER_EXPORT_REQUIRED,PROVIDER_EXPORT_REQUIRED,PROVIDER_EXPORT_REQUIRED,CORESOURCE_TO_LSI_PRIMARY,LSI_POD_WHOLESALE_GLOBAL_DISTRIBUTION_REQUIRES_PROVIDER_CHANNEL_EXPORT,CORESOURCE_TO_LSI_PRIMARY,INGRAMSPARK_CONTINGENCY,NO_DIRECT_DUPLICATE_PROVEN_FOR_UNIT,NO_CURRENT_EVIDENCE_ONLY,CATALOG_PLUS_CORESOURCE_CENSUS
100 Wisdom Lessons for Life and Living,J. Derrick Johnson,100-wisdom-lessons-for-life-and-living,100-wisdom-lessons-for-life-and-living,eBook,9781961475595,YES,9781961475571,APPLE_KOBO_BN_NOOK_AMAZON_AND_OTHER_EBOOK_CHANNELS_REQUIRE_PROVIDER_CHANNEL_EXPORT,NOT_PRIMARY_FOR_FORMAT,PROVIDER_EXPORT_REQUIRED,PROVIDER_EXPORT_REQUIRED,PROVIDER_EXPORT_REQUIRED,PROVIDER_EXPORT_REQUIRED,PROVIDER_EXPORT_REQUIRED,PROVIDER_EXPORT_REQUIRED,PROVIDER_EXPORT_REQUIRED,CORESOURCE_PRIMARY,APPLE_KOBO_BN_NOOK_AMAZON_AND_OTHER_EBOOK_CHANNELS_REQUIRE_PROVIDER_CHANNEL_EXPORT,CORESOURCE_PRIMARY,AMAZON_OR_BN_DIRECT_STRATEGIC_EXCEPTION_ONLY,NO_DIRECT_DUPLICATE_PROVEN_FOR_UNIT,NO_CURRENT_EVIDENCE_ONLY,CATALOG_PLUS_CORESOURCE_CENSUS
100 Wisdom Lessons for Life and Living,J. Derrick Johnson,100-wisdom-lessons-for-life-and-living,100-wisdom-lessons-for-life-and-living,Audiobook,9781961475601,NO,,AUDIBLE_APPLE_AUDIO_AUDIO_CHANNELS_REQUIRE_PROVIDER_CHANNEL_EXPORT,NOT_PRIMARY_FOR_FORMAT,PROVIDER_EXPORT_REQUIRED,PROVIDER_EXPORT_REQUIRED,PROVIDER_EXPORT_REQUIRED,PROVIDER_EXPORT_REQUIRED,PROVIDER_EXPORT_REQUIRED,PROVIDER_EXPORT_REQUIRED,PROVIDER_EXPORT_REQUIRED,ACX_HUMAN_ASSISTED_EXCEPTION_OR_PROVIDER_READBACK_REQUIRED,AUDIBLE_APPLE_AUDIO_AUDIO_CHANNELS_REQUIRE_PROVIDER_CHANNEL_EXPORT,CORESOURCE_AUDIO_PRIMARY_WITH_ACX_EXCEPTION,ACX_HUMAN_ASSISTED_EXCEPTION,NO_DIRECT_DUPLICATE_PROVEN_FOR_UNIT,NO_CURRENT_EVIDENCE_ONLY,CATALOG_PLUS_CORESOURCE_CENSUS
27 Days to Overcoming Depression,Donjia Walls,27-days-to-overcoming-depression,27-days-to-overcoming-depression,Paperback,9781961475366,NO,,LSI_POD_WHOLESALE_GLOBAL_DISTRIBUTION_REQUIRES_PROVIDER_CHANNEL_EXPORT,PROVIDER_ROUTE_VISIBLE_OR_LEGACY_REQUIRED,PROVIDER_EXPORT_REQUIRED,PROVIDER_EXPORT_REQUIRED,PROVIDER_EXPORT_REQUIRED,PROVIDER_EXPORT_REQUIRED,PROVIDER_EXPORT_REQUIRED,PROVIDER_EXPORT_REQUIRED,PROVIDER_EXPORT_REQUIRED,LSI_OR_INGRAMSPARK_PRIMARY_LEGACY_VALID,LSI_POD_WHOLESALE_GLOBAL_DISTRIBUTION_REQUIRES_PROVIDER_CHANNEL_EXPORT,CORESOURCE_TO_LSI_PRIMARY,INGRAMSPARK_CONTINGENCY,NO_DIRECT_DUPLICATE_PROVEN_FOR_UNIT,YES_LATER_GOVERNED_NORMALIZATION_CANDIDATE,CATALOG_PLUS_CORESOURCE_CENSUS
365 Days Of Transparency,Daphanny Baker,365-days-of-transparency,365-days-of-transparency,Paperback,9781950719921,NO,,LSI_POD_WHOLESALE_GLOBAL_DISTRIBUTION_REQUIRES_PROVIDER_CHANNEL_EXPORT,PROVIDER_ROUTE_VISIBLE_OR_LEGACY_REQUIRED,PROVIDER_EXPORT_REQUIRED,PROVIDER_EXPORT_REQUIRED,PROVIDER_EXPORT_REQUIRED,PROVIDER_EXPORT_REQUIRED,PROVIDER_EXPORT_REQUIRED,PROVIDER_EXPORT_REQUIRED,PROVIDER_EXPORT_REQUIRED,LSI_OR_INGRAMSPARK_PRIMARY_LEGACY_VALID,LSI_POD_WHOLESALE_GLOBAL_DISTRIBUTION_REQUIRES_PROVIDER_CHANNEL_EXPORT,CORESOURCE_TO_LSI_PRIMARY,INGRAMSPARK_CONTINGENCY,NO_DIRECT_DUPLICATE_PROVEN_FOR_UNIT,YES_LATER_GOVERNED_NORMALIZATION_CANDIDATE,CATALOG_PLUS_CORESOURCE_CENSUS
365 Days Of Transparency,Daphanny Baker,365-days-of-transparency,365-days-of-transparency,eBook,9781950719914,YES,9781950719914,APPLE_KOBO_BN_NOOK_AMAZON_AND_OTHER_EBOOK_CHANNELS_REQUIRE_PROVIDER_CHANNEL_EXPORT,NOT_PRIMARY_FOR_FORMAT,PROVIDER_EXPORT_REQUIRED,PROVIDER_EXPORT_REQUIRED,PROVIDER_EXPORT_REQUIRED,PROVIDER_EXPORT_REQUIRED,PROVIDER_EXPORT_REQUIRED,PROVIDER_EXPORT_REQUIRED,PROVIDER_EXPORT_REQUIRED,CORESOURCE_PRIMARY,APPLE_KOBO_BN_NOOK_AMAZON_AND_OTHER_EBOOK_CHANNELS_REQUIRE_PROVIDER_CHANNEL_EXPORT,CORESOURCE_PRIMARY,AMAZON_OR_BN_DIRECT_STRATEGIC_EXCEPTION_ONLY,NO_DIRECT_DUPLICATE_PROVEN_FOR_UNIT,NO_CURRENT_EVIDENCE_ONLY,CATALOG_PLUS_CORESOURCE_CENSUS
7 Step Jumpstart to Becoming Your Best Self,Johnson Settles,7-step-jumpstart-to-becoming-your-best-self,7-step-jumpstart-to-becoming-your-best-self,Paperback,9781954414747,YES,9781954414747,LSI_POD_WHOLESALE_GLOBAL_DISTRIBUTION_REQUIRES_PROVIDER_CHANNEL_EXPORT,PROVIDER_ROUTE_VISIBLE_OR_LEGACY_REQUIRED,PROVIDER_EXPORT_REQUIRED,PROVIDER_EXPORT_REQUIRED,PROVIDER_EXPORT_REQUIRED,PROVIDER_EXPORT_REQUIRED,PROVIDER_EXPORT_REQUIRED,PROVIDER_EXPORT_REQUIRED,PROVIDER_EXPORT_REQUIRED,CORESOURCE_TO_LSI_PRIMARY,LSI_POD_WHOLESALE_GLOBAL_DISTRIBUTION_REQUIRES_PROVIDER_CHANNEL_EXPORT,CORESOURCE_TO_LSI_PRIMARY,INGRAMSPARK_CONTINGENCY,NO_DIRECT_DUPLICATE_PROVEN_FOR_UNIT,NO_CURRENT_EVIDENCE_ONLY,CATALOG_PLUS_CORESOURCE_CENSUS
7 Step Jumpstart to Becoming Your Best Self,Johnson Settles,7-step-jumpstart-to-becoming-your-best-self,7-step-jumpstart-to-becoming-your-best-self,eBook,9781954414730,YES,9781954414747,APPLE_KOBO_BN_NOOK_AMAZON_AND_OTHER_EBOOK_CHANNELS_REQUIRE_PROVIDER_CHANNEL_EXPORT,NOT_PRIMARY_FOR_FORMAT,PROVIDER_EXPORT_REQUIRED,PROVIDER_EXPORT_REQUIRED,PROVIDER_EXPORT_REQUIRED,PROVIDER_EXPORT_REQUIRED,PROVIDER_EXPORT_REQUIRED,PROVIDER_EXPORT_REQUIRED,PROVIDER_EXPORT_REQUIRED,CORESOURCE_PRIMARY,APPLE_KOBO_BN_NOOK_AMAZON_AND_OTHER_EBOOK_CHANNELS_REQUIRE_PROVIDER_CHANNEL_EXPORT,CORESOURCE_PRIMARY,AMAZON_OR_BN_DIRECT_STRATEGIC_EXCEPTION_ONLY,NO_DIRECT_DUPLICATE_PROVEN_FOR_UNIT,NO_CURRENT_EVIDENCE_ONLY,CATALOG_PLUS_CORESOURCE_CENSUS
A Blended Family,Shecara Norris,a-blended-family,a-blended-family,Paperback,9781954414129,YES,9781954414129,LSI_POD_WHOLESALE_GLOBAL_DISTRIBUTION_REQUIRES_PROVIDER_CHANNEL_EXPORT,PROVIDER_ROUTE_VISIBLE_OR_LEGACY_REQUIRED,PROVIDER_EXPORT_REQUIRED,PROVIDER_EXPORT_REQUIRED,PROVIDER_EXPORT_REQUIRED,PROVIDER_EXPORT_REQUIRED,PROVIDER_EXPORT_REQUIRED,PROVIDER_EXPORT_REQUIRED,PROVIDER_EXPORT_REQUIRED,CORESOURCE_TO_LSI_PRIMARY,LSI_POD_WHOLESALE_GLOBAL_DISTRIBUTION_REQUIRES_PROVIDER_CHANNEL_EXPORT,CORESOURCE_TO_LSI_PRIMARY,INGRAMSPARK_CONTINGENCY,NO_DIRECT_DUPLICATE_PROVEN_FOR_UNIT,NO_CURRENT_EVIDENCE_ONLY,CATALOG_PLUS_CORESOURCE_CENSUS
A Blended Family,Shecara Norris,a-blended-family,a-blended-family,Hardcover,9781954414426,YES,9781954414129,LSI_POD_WHOLESALE_GLOBAL_DISTRIBUTION_REQUIRES_PROVIDER_CHANNEL_EXPORT,PROVIDER_ROUTE_VISIBLE_OR_LEGACY_REQUIRED,PROVIDER_EXPORT_REQUIRED,PROVIDER_EXPORT_REQUIRED,PROVIDER_EXPORT_REQUIRED,PROVIDER_EXPORT_REQUIRED,PROVIDER_EXPORT_REQUIRED,PROVIDER_EXPORT_REQUIRED,PROVIDER_EXPORT_REQUIRED,CORESOURCE_TO_LSI_PRIMARY,LSI_POD_WHOLESALE_GLOBAL_DISTRIBUTION_REQUIRES_PROVIDER_CHANNEL_EXPORT,CORESOURCE_TO_LSI_PRIMARY,INGRAMSPARK_CONTINGENCY,NO_DIRECT_DUPLICATE_PROVEN_FOR_UNIT,NO_CURRENT_EVIDENCE_ONLY,CATALOG_PLUS_CORESOURCE_CENSUS
A Blended Family,Shecara Norris,a-blended-family,a-blended-family,eBook,9781954414112,YES,9781954414129,APPLE_KOBO_BN_NOOK_AMAZON_AND_OTHER_EBOOK_CHANNELS_REQUIRE_PROVIDER_CHANNEL_EXPORT,NOT_PRIMARY_FOR_FORMAT,PROVIDER_EXPORT_REQUIRED,PROVIDER_EXPORT_REQUIRED,PROVIDER_EXPORT_REQUIRED,PROVIDER_EXPORT_REQUIRED,PROVIDER_EXPORT_REQUIRED,PROVIDER_EXPORT_REQUIRED,PROVIDER_EXPORT_REQUIRED,CORESOURCE_PRIMARY,APPLE_KOBO_BN_NOOK_AMAZON_AND_OTHER_EBOOK_CHANNELS_REQUIRE_PROVIDER_CHANNEL_EXPORT,CORESOURCE_PRIMARY,AMAZON_OR_BN_DIRECT_STRATEGIC_EXCEPTION_ONLY,NO_DIRECT_DUPLICATE_PROVEN_FOR_UNIT,NO_CURRENT_EVIDENCE_ONLY,CATALOG_PLUS_CORESOURCE_CENSUS
A Little Bit of Everything,Carolyn Booker-Pierce,a-little-bit-of-everything,a-little-bit-of-everything,Paperback,9781954414396,NO,,LSI_POD_WHOLESALE_GLOBAL_DISTRIBUTION_REQUIRES_PROVIDER_CHANNEL_EXPORT,PROVIDER_ROUTE_VISIBLE_OR_LEGACY_REQUIRED,PROVIDER_EXPORT_REQUIRED,PROVIDER_EXPORT_REQUIRED,PROVIDER_EXPORT_REQUIRED,PROVIDER_EXPORT_REQUIRED,PROVIDER_EXPORT_REQUIRED,PROVIDER_EXPORT_REQUIRED,PROVIDER_EXPORT_REQUIRED,LSI_OR_INGRAMSPARK_PRIMARY_LEGACY_VALID,LSI_POD_WHOLESALE_GLOBAL_DISTRIBUTION_REQUIRES_PROVIDER_CHANNEL_EXPORT,CORESOURCE_TO_LSI_PRIMARY,INGRAMSPARK_CONTINGENCY,NO_DIRECT_DUPLICATE_PROVEN_FOR_UNIT,YES_LATER_GOVERNED_NORMALIZATION_CANDIDATE,CATALOG_PLUS_CORESOURCE_CENSUS
A Little Bit of Everything,Carolyn Booker-Pierce,a-little-bit-of-everything,a-little-bit-of-everything,eBook,9781954414389,YES,9781954414389,APPLE_KOBO_BN_NOOK_AMAZON_AND_OTHER_EBOOK_CHANNELS_REQUIRE_PROVIDER_CHANNEL_EXPORT,NOT_PRIMARY_FOR_FORMAT,PROVIDER_EXPORT_REQUIRED,PROVIDER_EXPORT_REQUIRED,PROVIDER_EXPORT_REQUIRED,PROVIDER_EXPORT_REQUIRED,PROVIDER_EXPORT_REQUIRED,PROVIDER_EXPORT_REQUIRED,PROVIDER_EXPORT_REQUIRED,CORESOURCE_PRIMARY,APPLE_KOBO_BN_NOOK_AMAZON_AND_OTHER_EBOOK_CHANNELS_REQUIRE_PROVIDER_CHANNEL_EXPORT,CORESOURCE_PRIMARY,AMAZON_OR_BN_DIRECT_STRATEGIC_EXCEPTION_ONLY,NO_DIRECT_DUPLICATE_PROVEN_FOR_UNIT,NO_CURRENT_EVIDENCE_ONLY,CATALOG_PLUS_CORESOURCE_CENSUS
A Portrait of Paradise,Iyorwuese Hagher,a-portrait-of-paradise,a-portrait-of-paradise,Paperback,9781961475656,YES,9781961475656,LSI_POD_WHOLESALE_GLOBAL_DISTRIBUTION_REQUIRES_PROVIDER_CHANNEL_EXPORT,PROVIDER_ROUTE_VISIBLE_OR_LEGACY_REQUIRED,PROVIDER_EXPORT_REQUIRED,PROVIDER_EXPORT_REQUIRED,PROVIDER_EXPORT_REQUIRED,PROVIDER_EXPORT_REQUIRED,PROVIDER_EXPORT_REQUIRED,PROVIDER_EXPORT_REQUIRED,PROVIDER_EXPORT_REQUIRED,CORESOURCE_TO_LSI_PRIMARY,LSI_POD_WHOLESALE_GLOBAL_DISTRIBUTION_REQUIRES_PROVIDER_CHANNEL_EXPORT,CORESOURCE_TO_LSI_PRIMARY,INGRAMSPARK_CONTINGENCY,NO_DIRECT_DUPLICATE_PROVEN_FOR_UNIT,NO_CURRENT_EVIDENCE_ONLY,CATALOG_PLUS_CORESOURCE_CENSUS
A Portrait of Paradise,Iyorwuese Hagher,a-portrait-of-paradise,a-portrait-of-paradise,Hardcover,9781961475663,YES,9781961475656,LSI_POD_WHOLESALE_GLOBAL_DISTRIBUTION_REQUIRES_PROVIDER_CHANNEL_EXPORT,PROVIDER_ROUTE_VISIBLE_OR_LEGACY_REQUIRED,PROVIDER_EXPORT_REQUIRED,PROVIDER_EXPORT_REQUIRED,PROVIDER_EXPORT_REQUIRED,PROVIDER_EXPORT_REQUIRED,PROVIDER_EXPORT_REQUIRED,PROVIDER_EXPORT_REQUIRED,PROVIDER_EXPORT_REQUIRED,CORESOURCE_TO_LSI_PRIMARY,LSI_POD_WHOLESALE_GLOBAL_DISTRIBUTION_REQUIRES_PROVIDER_CHANNEL_EXPORT,CORESOURCE_TO_LSI_PRIMARY,INGRAMSPARK_CONTINGENCY,NO_DIRECT_DUPLICATE_PROVEN_FOR_UNIT,NO_CURRENT_EVIDENCE_ONLY,CATALOG_PLUS_CORESOURCE_CENSUS
A Portrait of Paradise,Iyorwuese Hagher,a-portrait-of-paradise,a-portrait-of-paradise,eBook,9781961475670,YES,9781961475656,APPLE_KOBO_BN_NOOK_AMAZON_AND_OTHER_EBOOK_CHANNELS_REQUIRE_PROVIDER_CHANNEL_EXPORT,NOT_PRIMARY_FOR_FORMAT,PROVIDER_EXPORT_REQUIRED,PROVIDER_EXPORT_REQUIRED,PROVIDER_EXPORT_REQUIRED,PROVIDER_EXPORT_REQUIRED,PROVIDER_EXPORT_REQUIRED,PROVIDER_EXPORT_REQUIRED,PROVIDER_EXPORT_REQUIRED,CORESOURCE_PRIMARY,APPLE_KOBO_BN_NOOK_AMAZON_AND_OTHER_EBOOK_CHANNELS_REQUIRE_PROVIDER_CHANNEL_EXPORT,CORESOURCE_PRIMARY,AMAZON_OR_BN_DIRECT_STRATEGIC_EXCEPTION_ONLY,NO_DIRECT_DUPLICATE_PROVEN_FOR_UNIT,NO_CURRENT_EVIDENCE_ONLY,CATALOG_PLUS_CORESOURCE_CENSUS
A Principal's Tale,Shelley McIntosh,a-principal-s-tale,a-principal-s-tale,Paperback,9781950719662,NO,,LSI_POD_WHOLESALE_GLOBAL_DISTRIBUTION_REQUIRES_PROVIDER_CHANNEL_EXPORT,PROVIDER_ROUTE_VISIBLE_OR_LEGACY_REQUIRED,PROVIDER_EXPORT_REQUIRED,PROVIDER_EXPORT_REQUIRED,PROVIDER_EXPORT_REQUIRED,PROVIDER_EXPORT_REQUIRED,PROVIDER_EXPORT_REQUIRED,PROVIDER_EXPORT_REQUIRED,PROVIDER_EXPORT_REQUIRED,LSI_OR_INGRAMSPARK_PRIMARY_LEGACY_VALID,LSI_POD_WHOLESALE_GLOBAL_DISTRIBUTION_REQUIRES_PROVIDER_CHANNEL_EXPORT,CORESOURCE_TO_LSI_PRIMARY,INGRAMSPARK_CONTINGENCY,NO_DIRECT_DUPLICATE_PROVEN_FOR_UNIT,YES_LATER_GOVERNED_NORMALIZATION_CANDIDATE,CATALOG_PLUS_CORESOURCE_CENSUS
A Principal's Tale,Shelley McIntosh,a-principal-s-tale,a-principal-s-tale,eBook,9781950719655,YES,9781950719655,APPLE_KOBO_BN_NOOK_AMAZON_AND_OTHER_EBOOK_CHANNELS_REQUIRE_PROVIDER_CHANNEL_EXPORT,NOT_PRIMARY_FOR_FORMAT,PROVIDER_EXPORT_REQUIRED,PROVIDER_EXPORT_REQUIRED,PROVIDER_EXPORT_REQUIRED,PROVIDER_EXPORT_REQUIRED,PROVIDER_EXPORT_REQUIRED,PROVIDER_EXPORT_REQUIRED,PROVIDER_EXPORT_REQUIRED,CORESOURCE_PRIMARY,APPLE_KOBO_BN_NOOK_AMAZON_AND_OTHER_EBOOK_CHANNELS_REQUIRE_PROVIDER_CHANNEL_EXPORT,CORESOURCE_PRIMARY,AMAZON_OR_BN_DIRECT_STRATEGIC_EXCEPTION_ONLY,NO_DIRECT_DUPLICATE_PROVEN_FOR_UNIT,NO_CURRENT_EVIDENCE_ONLY,CATALOG_PLUS_CORESOURCE_CENSUS
"A Truebies Guide, Part 1",Carolyn Booker-Pierce,a-truebies-guide-part-1,a-truebies-guide-part-1,Paperback,9781950719624,NO,,LSI_POD_WHOLESALE_GLOBAL_DISTRIBUTION_REQUIRES_PROVIDER_CHANNEL_EXPORT,PROVIDER_ROUTE_VISIBLE_OR_LEGACY_REQUIRED,PROVIDER_EXPORT_REQUIRED,PROVIDER_EXPORT_REQUIRED,PROVIDER_EXPORT_REQUIRED,PROVIDER_EXPORT_REQUIRED,PROVIDER_EXPORT_REQUIRED,PROVIDER_EXPORT_REQUIRED,PROVIDER_EXPORT_REQUIRED,LSI_OR_INGRAMSPARK_PRIMARY_LEGACY_VALID,LSI_POD_WHOLESALE_GLOBAL_DISTRIBUTION_REQUIRES_PROVIDER_CHANNEL_EXPORT,CORESOURCE_TO_LSI_PRIMARY,INGRAMSPARK_CONTINGENCY,NO_DIRECT_DUPLICATE_PROVEN_FOR_UNIT,YES_LATER_GOVERNED_NORMALIZATION_CANDIDATE,CATALOG_PLUS_CORESOURCE_CENSUS
"A Truebies Guide, Part 1",Carolyn Booker-Pierce,a-truebies-guide-part-1,a-truebies-guide-part-1,eBook,9781950719617,NO,,APPLE_KOBO_BN_NOOK_AMAZON_AND_OTHER_EBOOK_CHANNELS_REQUIRE_PROVIDER_CHANNEL_EXPORT,NOT_PRIMARY_FOR_FORMAT,PROVIDER_EXPORT_REQUIRED,PROVIDER_EXPORT_REQUIRED,PROVIDER_EXPORT_REQUIRED,PROVIDER_EXPORT_REQUIRED,PROVIDER_EXPORT_REQUIRED,PROVIDER_EXPORT_REQUIRED,PROVIDER_EXPORT_REQUIRED,PROVIDER_READBACK_REQUIRED,APPLE_KOBO_BN_NOOK_AMAZON_AND_OTHER_EBOOK_CHANNELS_REQUIRE_PROVIDER_CHANNEL_EXPORT,CORESOURCE_PRIMARY,AMAZON_OR_BN_DIRECT_STRATEGIC_EXCEPTION_ONLY,NO_DIRECT_DUPLICATE_PROVEN_FOR_UNIT,NO_CURRENT_EVIDENCE_ONLY,CATALOG_PLUS_CORESOURCE_CENSUS
"A Truebies Guide, Part 2",Carolyn Booker-Pierce,a-truebies-guide-part-2,a-truebies-guide-part-2,Paperback,9781950719327,NO,,LSI_POD_WHOLESALE_GLOBAL_DISTRIBUTION_REQUIRES_PROVIDER_CHANNEL_EXPORT,PROVIDER_ROUTE_VISIBLE_OR_LEGACY_REQUIRED,PROVIDER_EXPORT_REQUIRED,PROVIDER_EXPORT_REQUIRED,PROVIDER_EXPORT_REQUIRED,PROVIDER_EXPORT_REQUIRED,PROVIDER_EXPORT_REQUIRED,PROVIDER_EXPORT_REQUIRED,PROVIDER_EXPORT_REQUIRED,LSI_OR_INGRAMSPARK_PRIMARY_LEGACY_VALID,LSI_POD_WHOLESALE_GLOBAL_DISTRIBUTION_REQUIRES_PROVIDER_CHANNEL_EXPORT,CORESOURCE_TO_LSI_PRIMARY,INGRAMSPARK_CONTINGENCY,NO_DIRECT_DUPLICATE_PROVEN_FOR_UNIT,YES_LATER_GOVERNED_NORMALIZATION_CANDIDATE,CATALOG_PLUS_CORESOURCE_CENSUS
"A Truebies Guide, Part 2",Carolyn Booker-Pierce,a-truebies-guide-part-2,a-truebies-guide-part-2,eBook,9781950719334,YES,9781950719327,APPLE_KOBO_BN_NOOK_AMAZON_AND_OTHER_EBOOK_CHANNELS_REQUIRE_PROVIDER_CHANNEL_EXPORT,NOT_PRIMARY_FOR_FORMAT,PROVIDER_EXPORT_REQUIRED,PROVIDER_EXPORT_REQUIRED,PROVIDER_EXPORT_REQUIRED,PROVIDER_EXPORT_REQUIRED,PROVIDER_EXPORT_REQUIRED,PROVIDER_EXPORT_REQUIRED,PROVIDER_EXPORT_REQUIRED,CORESOURCE_PRIMARY,APPLE_KOBO_BN_NOOK_AMAZON_AND_OTHER_EBOOK_CHANNELS_REQUIRE_PROVIDER_CHANNEL_EXPORT,CORESOURCE_PRIMARY,AMAZON_OR_BN_DIRECT_STRATEGIC_EXCEPTION_ONLY,NO_DIRECT_DUPLICATE_PROVEN_FOR_UNIT,NO_CURRENT_EVIDENCE_ONLY,CATALOG_PLUS_CORESOURCE_CENSUS
Abortion!,Toni Kleckley,abortion,abortion,Paperback,9781954414006,NO,,LSI_POD_WHOLESALE_GLOBAL_DISTRIBUTION_REQUIRES_PROVIDER_CHANNEL_EXPORT,PROVIDER_ROUTE_VISIBLE_OR_LEGACY_REQUIRED,PROVIDER_EXPORT_REQUIRED,PROVIDER_EXPORT_REQUIRED,PROVIDER_EXPORT_REQUIRED,PROVIDER_EXPORT_REQUIRED,PROVIDER_EXPORT_REQUIRED,PROVIDER_EXPORT_REQUIRED,PROVIDER_EXPORT_REQUIRED,LSI_OR_INGRAMSPARK_PRIMARY_LEGACY_VALID,LSI_POD_WHOLESALE_GLOBAL_DISTRIBUTION_REQUIRES_PROVIDER_CHANNEL_EXPORT,CORESOURCE_TO_LSI_PRIMARY,INGRAMSPARK_CONTINGENCY,NO_DIRECT_DUPLICATE_PROVEN_FOR_UNIT,YES_LATER_GOVERNED_NORMALIZATION_CANDIDATE,CATALOG_PLUS_CORESOURCE_CENSUS
Abortion!,Toni Kleckley,abortion,abortion,eBook,9781950719990,YES,9781950719990,APPLE_KOBO_BN_NOOK_AMAZON_AND_OTHER_EBOOK_CHANNELS_REQUIRE_PROVIDER_CHANNEL_EXPORT,NOT_PRIMARY_FOR_FORMAT,PROVIDER_EXPORT_REQUIRED,PROVIDER_EXPORT_REQUIRED,PROVIDER_EXPORT_REQUIRED,PROVIDER_EXPORT_REQUIRED,PROVIDER_EXPORT_REQUIRED,PROVIDER_EXPORT_REQUIRED,PROVIDER_EXPORT_REQUIRED,CORESOURCE_PRIMARY,APPLE_KOBO_BN_NOOK_AMAZON_AND_OTHER_EBOOK_CHANNELS_REQUIRE_PROVIDER_CHANNEL_EXPORT,CORESOURCE_PRIMARY,AMAZON_OR_BN_DIRECT_STRATEGIC_EXCEPTION_ONLY,NO_DIRECT_DUPLICATE_PROVEN_FOR_UNIT,NO_CURRENT_EVIDENCE_ONLY,CATALOG_PLUS_CORESOURCE_CENSUS
According to Mark,Alice V Pryor,according-to-mark,according-to-mark,Paperback,9781954414549,YES,9781954414549,LSI_POD_WHOLESALE_GLOBAL_DISTRIBUTION_REQUIRES_PROVIDER_CHANNEL_EXPORT,PROVIDER_ROUTE_VISIBLE_OR_LEGACY_REQUIRED,PROVIDER_EXPORT_REQUIRED,PROVIDER_EXPORT_REQUIRED,PROVIDER_EXPORT_REQUIRED,PROVIDER_EXPORT_REQUIRED,PROVIDER_EXPORT_REQUIRED,PROVIDER_EXPORT_REQUIRED,PROVIDER_EXPORT_REQUIRED,CORESOURCE_TO_LSI_PRIMARY,LSI_POD_WHOLESALE_GLOBAL_DISTRIBUTION_REQUIRES_PROVIDER_CHANNEL_EXPORT,CORESOURCE_TO_LSI_PRIMARY,INGRAMSPARK_CONTINGENCY,NO_DIRECT_DUPLICATE_PROVEN_FOR_UNIT,NO_CURRENT_EVIDENCE_ONLY,CATALOG_PLUS_CORESOURCE_CENSUS
According to Mark,Alice V Pryor,according-to-mark,according-to-mark,Hardcover,9781961475007,NO,,LSI_POD_WHOLESALE_GLOBAL_DISTRIBUTION_REQUIRES_PROVIDER_CHANNEL_EXPORT,PROVIDER_ROUTE_VISIBLE_OR_LEGACY_REQUIRED,PROVIDER_EXPORT_REQUIRED,PROVIDER_EXPORT_REQUIRED,PROVIDER_EXPORT_REQUIRED,PROVIDER_EXPORT_REQUIRED,PROVIDER_EXPORT_REQUIRED,PROVIDER_EXPORT_REQUIRED,PROVIDER_EXPORT_REQUIRED,LSI_OR_INGRAMSPARK_PRIMARY_LEGACY_VALID,LSI_POD_WHOLESALE_GLOBAL_DISTRIBUTION_REQUIRES_PROVIDER_CHANNEL_EXPORT,CORESOURCE_TO_LSI_PRIMARY,INGRAMSPARK_CONTINGENCY,NO_DIRECT_DUPLICATE_PROVEN_FOR_UNIT,YES_LATER_GOVERNED_NORMALIZATION_CANDIDATE,CATALOG_PLUS_CORESOURCE_CENSUS
According to Mark,Alice V Pryor,according-to-mark,according-to-mark,eBook,9781954414532,YES,9781954414549,APPLE_KOBO_BN_NOOK_AMAZON_AND_OTHER_EBOOK_CHANNELS_REQUIRE_PROVIDER_CHANNEL_EXPORT,NOT_PRIMARY_FOR_FORMAT,PROVIDER_EXPORT_REQUIRED,PROVIDER_EXPORT_REQUIRED,PROVIDER_EXPORT_REQUIRED,PROVIDER_EXPORT_REQUIRED,PROVIDER_EXPORT_REQUIRED,PROVIDER_EXPORT_REQUIRED,PROVIDER_EXPORT_REQUIRED,CORESOURCE_PRIMARY,APPLE_KOBO_BN_NOOK_AMAZON_AND_OTHER_EBOOK_CHANNELS_REQUIRE_PROVIDER_CHANNEL_EXPORT,CORESOURCE_PRIMARY,AMAZON_OR_BN_DIRECT_STRATEGIC_EXCEPTION_ONLY,NO_DIRECT_DUPLICATE_PROVEN_FOR_UNIT,NO_CURRENT_EVIDENCE_ONLY,CATALOG_PLUS_CORESOURCE_CENSUS
Aligned!,Alesia True Corpening,aligned,aligned,Paperback,9781954414068,YES,9781954414068,LSI_POD_WHOLESALE_GLOBAL_DISTRIBUTION_REQUIRES_PROVIDER_CHANNEL_EXPORT,PROVIDER_ROUTE_VISIBLE_OR_LEGACY_REQUIRED,PROVIDER_EXPORT_REQUIRED,PROVIDER_EXPORT_REQUIRED,PROVIDER_EXPORT_REQUIRED,PROVIDER_EXPORT_REQUIRED,PROVIDER_EXPORT_REQUIRED,PROVIDER_EXPORT_REQUIRED,PROVIDER_EXPORT_REQUIRED,CORESOURCE_TO_LSI_PRIMARY,LSI_POD_WHOLESALE_GLOBAL_DISTRIBUTION_REQUIRES_PROVIDER_CHANNEL_EXPORT,CORESOURCE_TO_LSI_PRIMARY,INGRAMSPARK_CONTINGENCY,NO_DIRECT_DUPLICATE_PROVEN_FOR_UNIT,NO_CURRENT_EVIDENCE_ONLY,CATALOG_PLUS_CORESOURCE_CENSUS
Aligned!,Alesia True Corpening,aligned,aligned,eBook,9781954414051,YES,9781954414068,APPLE_KOBO_BN_NOOK_AMAZON_AND_OTHER_EBOOK_CHANNELS_REQUIRE_PROVIDER_CHANNEL_EXPORT,NOT_PRIMARY_FOR_FORMAT,PROVIDER_EXPORT_REQUIRED,PROVIDER_EXPORT_REQUIRED,PROVIDER_EXPORT_REQUIRED,PROVIDER_EXPORT_REQUIRED,PROVIDER_EXPORT_REQUIRED,PROVIDER_EXPORT_REQUIRED,PROVIDER_EXPORT_REQUIRED,CORESOURCE_PRIMARY,APPLE_KOBO_BN_NOOK_AMAZON_AND_OTHER_EBOOK_CHANNELS_REQUIRE_PROVIDER_CHANNEL_EXPORT,CORESOURCE_PRIMARY,AMAZON_OR_BN_DIRECT_STRATEGIC_EXCEPTION_ONLY,NO_DIRECT_DUPLICATE_PROVEN_FOR_UNIT,NO_CURRENT_EVIDENCE_ONLY,CATALOG_PLUS_CORESOURCE_CENSUS
Almost Happy,Jaylonna Stevette,almost-happy,almost-happy,Paperback,9781954414587,YES,9781954414587,LSI_POD_WHOLESALE_GLOBAL_DISTRIBUTION_REQUIRES_PROVIDER_CHANNEL_EXPORT,PROVIDER_ROUTE_VISIBLE_OR_LEGACY_REQUIRED,PROVIDER_EXPORT_REQUIRED,PROVIDER_EXPORT_REQUIRED,PROVIDER_EXPORT_REQUIRED,PROVIDER_EXPORT_REQUIRED,PROVIDER_EXPORT_REQUIRED,PROVIDER_EXPORT_REQUIRED,PROVIDER_EXPORT_REQUIRED,CORESOURCE_TO_LSI_PRIMARY,LSI_POD_WHOLESALE_GLOBAL_DISTRIBUTION_REQUIRES_PROVIDER_CHANNEL_EXPORT,CORESOURCE_TO_LSI_PRIMARY,INGRAMSPARK_CONTINGENCY,NO_DIRECT_DUPLICATE_PROVEN_FOR_UNIT,NO_CURRENT_EVIDENCE_ONLY,CATALOG_PLUS_CORESOURCE_CENSUS
Almost Happy,Jaylonna Stevette,almost-happy,almost-happy,eBook,9781954414570,YES,9781954414587,APPLE_KOBO_BN_NOOK_AMAZON_AND_OTHER_EBOOK_CHANNELS_REQUIRE_PROVIDER_CHANNEL_EXPORT,NOT_PRIMARY_FOR_FORMAT,PROVIDER_EXPORT_REQUIRED,PROVIDER_EXPORT_REQUIRED,PROVIDER_EXPORT_REQUIRED,PROVIDER_EXPORT_REQUIRED,PROVIDER_EXPORT_REQUIRED,PROVIDER_EXPORT_REQUIRED,PROVIDER_EXPORT_REQUIRED,CORESOURCE_PRIMARY,APPLE_KOBO_BN_NOOK_AMAZON_AND_OTHER_EBOOK_CHANNELS_REQUIRE_PROVIDER_CHANNEL_EXPORT,CORESOURCE_PRIMARY,AMAZON_OR_BN_DIRECT_STRATEGIC_EXCEPTION_ONLY,NO_DIRECT_DUPLICATE_PROVEN_FOR_UNIT,NO_CURRENT_EVIDENCE_ONLY,CATALOG_PLUS_CORESOURCE_CENSUS
Almost Happy,Jaylonna Stevette,almost-happy,almost-happy,Audiobook,9781954414594,YES,9781954414587,AUDIBLE_APPLE_AUDIO_AUDIO_CHANNELS_REQUIRE_PROVIDER_CHANNEL_EXPORT,NOT_PRIMARY_FOR_FORMAT,PROVIDER_EXPORT_REQUIRED,PROVIDER_EXPORT_REQUIRED,PROVIDER_EXPORT_REQUIRED,PROVIDER_EXPORT_REQUIRED,PROVIDER_EXPORT_REQUIRED,PROVIDER_EXPORT_REQUIRED,PROVIDER_EXPORT_REQUIRED,CORESOURCE_PRIMARY,AUDIBLE_APPLE_AUDIO_AUDIO_CHANNELS_REQUIRE_PROVIDER_CHANNEL_EXPORT,CORESOURCE_AUDIO_PRIMARY_WITH_ACX_EXCEPTION,ACX_HUMAN_ASSISTED_EXCEPTION,NO_DIRECT_DUPLICATE_PROVEN_FOR_UNIT,NO_CURRENT_EVIDENCE_ONLY,CATALOG_PLUS_CORESOURCE_CENSUS
Are You Sure That You Are Ready?,Ericka Thornton,are-you-sure-that-you-are-ready,are-you-sure-that-you-are-ready,Paperback,9781950719204,NO,,LSI_POD_WHOLESALE_GLOBAL_DISTRIBUTION_REQUIRES_PROVIDER_CHANNEL_EXPORT,PROVIDER_ROUTE_VISIBLE_OR_LEGACY_REQUIRED,PROVIDER_EXPORT_REQUIRED,PROVIDER_EXPORT_REQUIRED,PROVIDER_EXPORT_REQUIRED,PROVIDER_EXPORT_REQUIRED,PROVIDER_EXPORT_REQUIRED,PROVIDER_EXPORT_REQUIRED,PROVIDER_EXPORT_REQUIRED,LSI_OR_INGRAMSPARK_PRIMARY_LEGACY_VALID,LSI_POD_WHOLESALE_GLOBAL_DISTRIBUTION_REQUIRES_PROVIDER_CHANNEL_EXPORT,CORESOURCE_TO_LSI_PRIMARY,INGRAMSPARK_CONTINGENCY,NO_DIRECT_DUPLICATE_PROVEN_FOR_UNIT,YES_LATER_GOVERNED_NORMALIZATION_CANDIDATE,CATALOG_PLUS_CORESOURCE_CENSUS
Are You Sure That You Are Ready?,Ericka Thornton,are-you-sure-that-you-are-ready,are-you-sure-that-you-are-ready,eBook,9781950719228,YES,9781950719204,APPLE_KOBO_BN_NOOK_AMAZON_AND_OTHER_EBOOK_CHANNELS_REQUIRE_PROVIDER_CHANNEL_EXPORT,NOT_PRIMARY_FOR_FORMAT,PROVIDER_EXPORT_REQUIRED,PROVIDER_EXPORT_REQUIRED,PROVIDER_EXPORT_REQUIRED,PROVIDER_EXPORT_REQUIRED,PROVIDER_EXPORT_REQUIRED,PROVIDER_EXPORT_REQUIRED,PROVIDER_EXPORT_REQUIRED,CORESOURCE_PRIMARY,APPLE_KOBO_BN_NOOK_AMAZON_AND_OTHER_EBOOK_CHANNELS_REQUIRE_PROVIDER_CHANNEL_EXPORT,CORESOURCE_PRIMARY,AMAZON_OR_BN_DIRECT_STRATEGIC_EXCEPTION_ONLY,NO_DIRECT_DUPLICATE_PROVEN_FOR_UNIT,NO_CURRENT_EVIDENCE_ONLY,CATALOG_PLUS_CORESOURCE_CENSUS
Because the Lord Is My Shepherd,Rodney Waller,because-the-lord-is-my-shepherd,because-the-lord-is-my-shepherd,Paperback,9781950719440,NO,,LSI_POD_WHOLESALE_GLOBAL_DISTRIBUTION_REQUIRES_PROVIDER_CHANNEL_EXPORT,PROVIDER_ROUTE_VISIBLE_OR_LEGACY_REQUIRED,PROVIDER_EXPORT_REQUIRED,PROVIDER_EXPORT_REQUIRED,PROVIDER_EXPORT_REQUIRED,PROVIDER_EXPORT_REQUIRED,PROVIDER_EXPORT_REQUIRED,PROVIDER_EXPORT_REQUIRED,PROVIDER_EXPORT_REQUIRED,LSI_OR_INGRAMSPARK_PRIMARY_LEGACY_VALID,LSI_POD_WHOLESALE_GLOBAL_DISTRIBUTION_REQUIRES_PROVIDER_CHANNEL_EXPORT,CORESOURCE_TO_LSI_PRIMARY,INGRAMSPARK_CONTINGENCY,NO_DIRECT_DUPLICATE_PROVEN_FOR_UNIT,YES_LATER_GOVERNED_NORMALIZATION_CANDIDATE,CATALOG_PLUS_CORESOURCE_CENSUS
Because the Lord Is My Shepherd,Rodney Waller,because-the-lord-is-my-shepherd,because-the-lord-is-my-shepherd,eBook,9781950719457,YES,9781950719440,APPLE_KOBO_BN_NOOK_AMAZON_AND_OTHER_EBOOK_CHANNELS_REQUIRE_PROVIDER_CHANNEL_EXPORT,NOT_PRIMARY_FOR_FORMAT,PROVIDER_EXPORT_REQUIRED,PROVIDER_EXPORT_REQUIRED,PROVIDER_EXPORT_REQUIRED,PROVIDER_EXPORT_REQUIRED,PROVIDER_EXPORT_REQUIRED,PROVIDER_EXPORT_REQUIRED,PROVIDER_EXPORT_REQUIRED,CORESOURCE_PRIMARY,APPLE_KOBO_BN_NOOK_AMAZON_AND_OTHER_EBOOK_CHANNELS_REQUIRE_PROVIDER_CHANNEL_EXPORT,CORESOURCE_PRIMARY,AMAZON_OR_BN_DIRECT_STRATEGIC_EXCEPTION_ONLY,NO_DIRECT_DUPLICATE_PROVEN_FOR_UNIT,NO_CURRENT_EVIDENCE_ONLY,CATALOG_PLUS_CORESOURCE_CENSUS
BEE Careful,Deborah Eiland,bee-careful,bee-careful,Paperback,9781954414723,NO,,LSI_POD_WHOLESALE_GLOBAL_DISTRIBUTION_REQUIRES_PROVIDER_CHANNEL_EXPORT,PROVIDER_ROUTE_VISIBLE_OR_LEGACY_REQUIRED,PROVIDER_EXPORT_REQUIRED,PROVIDER_EXPORT_REQUIRED,PROVIDER_EXPORT_REQUIRED,PROVIDER_EXPORT_REQUIRED,PROVIDER_EXPORT_REQUIRED,PROVIDER_EXPORT_REQUIRED,PROVIDER_EXPORT_REQUIRED,LSI_OR_INGRAMSPARK_PRIMARY_LEGACY_VALID,LSI_POD_WHOLESALE_GLOBAL_DISTRIBUTION_REQUIRES_PROVIDER_CHANNEL_EXPORT,CORESOURCE_TO_LSI_PRIMARY,INGRAMSPARK_CONTINGENCY,NO_DIRECT_DUPLICATE_PROVEN_FOR_UNIT,YES_LATER_GOVERNED_NORMALIZATION_CANDIDATE,CATALOG_PLUS_CORESOURCE_CENSUS
BEE Careful,Deborah Eiland,bee-careful,bee-careful,Hardcover,9781954414716,NO,,LSI_POD_WHOLESALE_GLOBAL_DISTRIBUTION_REQUIRES_PROVIDER_CHANNEL_EXPORT,PROVIDER_ROUTE_VISIBLE_OR_LEGACY_REQUIRED,PROVIDER_EXPORT_REQUIRED,PROVIDER_EXPORT_REQUIRED,PROVIDER_EXPORT_REQUIRED,PROVIDER_EXPORT_REQUIRED,PROVIDER_EXPORT_REQUIRED,PROVIDER_EXPORT_REQUIRED,PROVIDER_EXPORT_REQUIRED,LSI_OR_INGRAMSPARK_PRIMARY_LEGACY_VALID,LSI_POD_WHOLESALE_GLOBAL_DISTRIBUTION_REQUIRES_PROVIDER_CHANNEL_EXPORT,CORESOURCE_TO_LSI_PRIMARY,INGRAMSPARK_CONTINGENCY,NO_DIRECT_DUPLICATE_PROVEN_FOR_UNIT,YES_LATER_GOVERNED_NORMALIZATION_CANDIDATE,CATALOG_PLUS_CORESOURCE_CENSUS
BEE Careful,Deborah Eiland,bee-careful,bee-careful,eBook,9781954414709,NO,,APPLE_KOBO_BN_NOOK_AMAZON_AND_OTHER_EBOOK_CHANNELS_REQUIRE_PROVIDER_CHANNEL_EXPORT,NOT_PRIMARY_FOR_FORMAT,PROVIDER_EXPORT_REQUIRED,PROVIDER_EXPORT_REQUIRED,PROVIDER_EXPORT_REQUIRED,PROVIDER_EXPORT_REQUIRED,PROVIDER_EXPORT_REQUIRED,PROVIDER_EXPORT_REQUIRED,PROVIDER_EXPORT_REQUIRED,PROVIDER_READBACK_REQUIRED,APPLE_KOBO_BN_NOOK_AMAZON_AND_OTHER_EBOOK_CHANNELS_REQUIRE_PROVIDER_CHANNEL_EXPORT,CORESOURCE_PRIMARY,AMAZON_OR_BN_DIRECT_STRATEGIC_EXCEPTION_ONLY,NO_DIRECT_DUPLICATE_PROVEN_FOR_UNIT,NO_CURRENT_EVIDENCE_ONLY,CATALOG_PLUS_CORESOURCE_CENSUS
Biblical Prescriptions for Life's Troubles,Terry Stephens,biblical-prescriptions-for-life-s-troubles,biblical-prescriptions-for-life-s-troubles,Paperback,9781954414891,YES,9781954414891,LSI_POD_WHOLESALE_GLOBAL_DISTRIBUTION_REQUIRES_PROVIDER_CHANNEL_EXPORT,PROVIDER_ROUTE_VISIBLE_OR_LEGACY_REQUIRED,PROVIDER_EXPORT_REQUIRED,PROVIDER_EXPORT_REQUIRED,PROVIDER_EXPORT_REQUIRED,PROVIDER_EXPORT_REQUIRED,PROVIDER_EXPORT_REQUIRED,PROVIDER_EXPORT_REQUIRED,PROVIDER_EXPORT_REQUIRED,CORESOURCE_TO_LSI_PRIMARY,LSI_POD_WHOLESALE_GLOBAL_DISTRIBUTION_REQUIRES_PROVIDER_CHANNEL_EXPORT,CORESOURCE_TO_LSI_PRIMARY,INGRAMSPARK_CONTINGENCY,NO_DIRECT_DUPLICATE_PROVEN_FOR_UNIT,NO_CURRENT_EVIDENCE_ONLY,CATALOG_PLUS_CORESOURCE_CENSUS
Biblical Prescriptions for Life's Troubles,Terry Stephens,biblical-prescriptions-for-life-s-troubles,biblical-prescriptions-for-life-s-troubles,eBook,9781954414907,YES,9781954414891,APPLE_KOBO_BN_NOOK_AMAZON_AND_OTHER_EBOOK_CHANNELS_REQUIRE_PROVIDER_CHANNEL_EXPORT,NOT_PRIMARY_FOR_FORMAT,PROVIDER_EXPORT_REQUIRED,PROVIDER_EXPORT_REQUIRED,PROVIDER_EXPORT_REQUIRED,PROVIDER_EXPORT_REQUIRED,PROVIDER_EXPORT_REQUIRED,PROVIDER_EXPORT_REQUIRED,PROVIDER_EXPORT_REQUIRED,CORESOURCE_PRIMARY,APPLE_KOBO_BN_NOOK_AMAZON_AND_OTHER_EBOOK_CHANNELS_REQUIRE_PROVIDER_CHANNEL_EXPORT,CORESOURCE_PRIMARY,AMAZON_OR_BN_DIRECT_STRATEGIC_EXCEPTION_ONLY,NO_DIRECT_DUPLICATE_PROVEN_FOR_UNIT,NO_CURRENT_EVIDENCE_ONLY,CATALOG_PLUS_CORESOURCE_CENSUS
Bodacious,Nathaniel Short,bodacious,bodacious,Paperback,9781954414044,NO,,LSI_POD_WHOLESALE_GLOBAL_DISTRIBUTION_REQUIRES_PROVIDER_CHANNEL_EXPORT,PROVIDER_ROUTE_VISIBLE_OR_LEGACY_REQUIRED,PROVIDER_EXPORT_REQUIRED,PROVIDER_EXPORT_REQUIRED,PROVIDER_EXPORT_REQUIRED,PROVIDER_EXPORT_REQUIRED,PROVIDER_EXPORT_REQUIRED,PROVIDER_EXPORT_REQUIRED,PROVIDER_EXPORT_REQUIRED,LSI_OR_INGRAMSPARK_PRIMARY_LEGACY_VALID,LSI_POD_WHOLESALE_GLOBAL_DISTRIBUTION_REQUIRES_PROVIDER_CHANNEL_EXPORT,CORESOURCE_TO_LSI_PRIMARY,INGRAMSPARK_CONTINGENCY,NO_DIRECT_DUPLICATE_PROVEN_FOR_UNIT,YES_LATER_GOVERNED_NORMALIZATION_CANDIDATE,CATALOG_PLUS_CORESOURCE_CENSUS
Bodacious,Nathaniel Short,bodacious,bodacious,eBook,9781954414037,YES,9781954414037,APPLE_KOBO_BN_NOOK_AMAZON_AND_OTHER_EBOOK_CHANNELS_REQUIRE_PROVIDER_CHANNEL_EXPORT,NOT_PRIMARY_FOR_FORMAT,PROVIDER_EXPORT_REQUIRED,PROVIDER_EXPORT_REQUIRED,PROVIDER_EXPORT_REQUIRED,PROVIDER_EXPORT_REQUIRED,PROVIDER_EXPORT_REQUIRED,PROVIDER_EXPORT_REQUIRED,PROVIDER_EXPORT_REQUIRED,CORESOURCE_PRIMARY,APPLE_KOBO_BN_NOOK_AMAZON_AND_OTHER_EBOOK_CHANNELS_REQUIRE_PROVIDER_CHANNEL_EXPORT,CORESOURCE_PRIMARY,AMAZON_OR_BN_DIRECT_STRATEGIC_EXCEPTION_ONLY,NO_DIRECT_DUPLICATE_PROVEN_FOR_UNIT,NO_CURRENT_EVIDENCE_ONLY,CATALOG_PLUS_CORESOURCE_CENSUS
Come Out of Hiding,Christina Chislom,come-out-of-hiding,come-out-of-hiding,eBook,9781950719266,YES,9781792313707,APPLE_KOBO_BN_NOOK_AMAZON_AND_OTHER_EBOOK_CHANNELS_REQUIRE_PROVIDER_CHANNEL_EXPORT,NOT_PRIMARY_FOR_FORMAT,PROVIDER_EXPORT_REQUIRED,PROVIDER_EXPORT_REQUIRED,PROVIDER_EXPORT_REQUIRED,PROVIDER_EXPORT_REQUIRED,PROVIDER_EXPORT_REQUIRED,PROVIDER_EXPORT_REQUIRED,PROVIDER_EXPORT_REQUIRED,CORESOURCE_PRIMARY,APPLE_KOBO_BN_NOOK_AMAZON_AND_OTHER_EBOOK_CHANNELS_REQUIRE_PROVIDER_CHANNEL_EXPORT,CORESOURCE_PRIMARY,AMAZON_OR_BN_DIRECT_STRATEGIC_EXCEPTION_ONLY,NO_DIRECT_DUPLICATE_PROVEN_FOR_UNIT,NO_CURRENT_EVIDENCE_ONLY,CATALOG_PLUS_CORESOURCE_CENSUS
Connected!,Alesia True Corpening,connected,connected,Paperback,9781954414167,NO,,LSI_POD_WHOLESALE_GLOBAL_DISTRIBUTION_REQUIRES_PROVIDER_CHANNEL_EXPORT,PROVIDER_ROUTE_VISIBLE_OR_LEGACY_REQUIRED,PROVIDER_EXPORT_REQUIRED,PROVIDER_EXPORT_REQUIRED,PROVIDER_EXPORT_REQUIRED,PROVIDER_EXPORT_REQUIRED,PROVIDER_EXPORT_REQUIRED,PROVIDER_EXPORT_REQUIRED,PROVIDER_EXPORT_REQUIRED,LSI_OR_INGRAMSPARK_PRIMARY_LEGACY_VALID,LSI_POD_WHOLESALE_GLOBAL_DISTRIBUTION_REQUIRES_PROVIDER_CHANNEL_EXPORT,CORESOURCE_TO_LSI_PRIMARY,INGRAMSPARK_CONTINGENCY,NO_DIRECT_DUPLICATE_PROVEN_FOR_UNIT,YES_LATER_GOVERNED_NORMALIZATION_CANDIDATE,CATALOG_PLUS_CORESOURCE_CENSUS
Connected!,Alesia True Corpening,connected,connected,eBook,9781954414150,YES,9781954414150,APPLE_KOBO_BN_NOOK_AMAZON_AND_OTHER_EBOOK_CHANNELS_REQUIRE_PROVIDER_CHANNEL_EXPORT,NOT_PRIMARY_FOR_FORMAT,PROVIDER_EXPORT_REQUIRED,PROVIDER_EXPORT_REQUIRED,PROVIDER_EXPORT_REQUIRED,PROVIDER_EXPORT_REQUIRED,PROVIDER_EXPORT_REQUIRED,PROVIDER_EXPORT_REQUIRED,PROVIDER_EXPORT_REQUIRED,CORESOURCE_PRIMARY,APPLE_KOBO_BN_NOOK_AMAZON_AND_OTHER_EBOOK_CHANNELS_REQUIRE_PROVIDER_CHANNEL_EXPORT,CORESOURCE_PRIMARY,AMAZON_OR_BN_DIRECT_STRATEGIC_EXCEPTION_ONLY,NO_DIRECT_DUPLICATE_PROVEN_FOR_UNIT,NO_CURRENT_EVIDENCE_ONLY,CATALOG_PLUS_CORESOURCE_CENSUS
Conquer Your Fears and Win,Gloria Patterson,conquer-your-fears-and-win,conquer-your-fears-and-win,Paperback,9781950719464,NO,,LSI_POD_WHOLESALE_GLOBAL_DISTRIBUTION_REQUIRES_PROVIDER_CHANNEL_EXPORT,PROVIDER_ROUTE_VISIBLE_OR_LEGACY_REQUIRED,PROVIDER_EXPORT_REQUIRED,PROVIDER_EXPORT_REQUIRED,PROVIDER_EXPORT_REQUIRED,PROVIDER_EXPORT_REQUIRED,PROVIDER_EXPORT_REQUIRED,PROVIDER_EXPORT_REQUIRED,PROVIDER_EXPORT_REQUIRED,LSI_OR_INGRAMSPARK_PRIMARY_LEGACY_VALID,LSI_POD_WHOLESALE_GLOBAL_DISTRIBUTION_REQUIRES_PROVIDER_CHANNEL_EXPORT,CORESOURCE_TO_LSI_PRIMARY,INGRAMSPARK_CONTINGENCY,NO_DIRECT_DUPLICATE_PROVEN_FOR_UNIT,YES_LATER_GOVERNED_NORMALIZATION_CANDIDATE,CATALOG_PLUS_CORESOURCE_CENSUS
Conquer Your Fears and Win,Gloria Patterson,conquer-your-fears-and-win,conquer-your-fears-and-win,Hardcover,9781950719365,NO,,LSI_POD_WHOLESALE_GLOBAL_DISTRIBUTION_REQUIRES_PROVIDER_CHANNEL_EXPORT,PROVIDER_ROUTE_VISIBLE_OR_LEGACY_REQUIRED,PROVIDER_EXPORT_REQUIRED,PROVIDER_EXPORT_REQUIRED,PROVIDER_EXPORT_REQUIRED,PROVIDER_EXPORT_REQUIRED,PROVIDER_EXPORT_REQUIRED,PROVIDER_EXPORT_REQUIRED,PROVIDER_EXPORT_REQUIRED,LSI_OR_INGRAMSPARK_PRIMARY_LEGACY_VALID,LSI_POD_WHOLESALE_GLOBAL_DISTRIBUTION_REQUIRES_PROVIDER_CHANNEL_EXPORT,CORESOURCE_TO_LSI_PRIMARY,INGRAMSPARK_CONTINGENCY,NO_DIRECT_DUPLICATE_PROVEN_FOR_UNIT,YES_LATER_GOVERNED_NORMALIZATION_CANDIDATE,CATALOG_PLUS_CORESOURCE_CENSUS
Conquer Your Fears and Win,Gloria Patterson,conquer-your-fears-and-win,conquer-your-fears-and-win,eBook,9781950719372,YES,9781950719365,APPLE_KOBO_BN_NOOK_AMAZON_AND_OTHER_EBOOK_CHANNELS_REQUIRE_PROVIDER_CHANNEL_EXPORT,NOT_PRIMARY_FOR_FORMAT,PROVIDER_EXPORT_REQUIRED,PROVIDER_EXPORT_REQUIRED,PROVIDER_EXPORT_REQUIRED,PROVIDER_EXPORT_REQUIRED,PROVIDER_EXPORT_REQUIRED,PROVIDER_EXPORT_REQUIRED,PROVIDER_EXPORT_REQUIRED,CORESOURCE_PRIMARY,APPLE_KOBO_BN_NOOK_AMAZON_AND_OTHER_EBOOK_CHANNELS_REQUIRE_PROVIDER_CHANNEL_EXPORT,CORESOURCE_PRIMARY,AMAZON_OR_BN_DIRECT_STRATEGIC_EXCEPTION_ONLY,NO_DIRECT_DUPLICATE_PROVEN_FOR_UNIT,NO_CURRENT_EVIDENCE_ONLY,CATALOG_PLUS_CORESOURCE_CENSUS
Damaged,Taye Knox,damaged,damaged,Paperback,9781961475700,YES,9781961475700,LSI_POD_WHOLESALE_GLOBAL_DISTRIBUTION_REQUIRES_PROVIDER_CHANNEL_EXPORT,PROVIDER_ROUTE_VISIBLE_OR_LEGACY_REQUIRED,PROVIDER_EXPORT_REQUIRED,PROVIDER_EXPORT_REQUIRED,PROVIDER_EXPORT_REQUIRED,PROVIDER_EXPORT_REQUIRED,PROVIDER_EXPORT_REQUIRED,PROVIDER_EXPORT_REQUIRED,PROVIDER_EXPORT_REQUIRED,CORESOURCE_TO_LSI_PRIMARY,LSI_POD_WHOLESALE_GLOBAL_DISTRIBUTION_REQUIRES_PROVIDER_CHANNEL_EXPORT,CORESOURCE_TO_LSI_PRIMARY,INGRAMSPARK_CONTINGENCY,NO_DIRECT_DUPLICATE_PROVEN_FOR_UNIT,NO_CURRENT_EVIDENCE_ONLY,CATALOG_PLUS_CORESOURCE_CENSUS
Damaged,Taye Knox,damaged,damaged,eBook,9781961475717,YES,9781961475700,APPLE_KOBO_BN_NOOK_AMAZON_AND_OTHER_EBOOK_CHANNELS_REQUIRE_PROVIDER_CHANNEL_EXPORT,NOT_PRIMARY_FOR_FORMAT,PROVIDER_EXPORT_REQUIRED,PROVIDER_EXPORT_REQUIRED,PROVIDER_EXPORT_REQUIRED,PROVIDER_EXPORT_REQUIRED,PROVIDER_EXPORT_REQUIRED,PROVIDER_EXPORT_REQUIRED,PROVIDER_EXPORT_REQUIRED,CORESOURCE_PRIMARY,APPLE_KOBO_BN_NOOK_AMAZON_AND_OTHER_EBOOK_CHANNELS_REQUIRE_PROVIDER_CHANNEL_EXPORT,CORESOURCE_PRIMARY,AMAZON_OR_BN_DIRECT_STRATEGIC_EXCEPTION_ONLY,NO_DIRECT_DUPLICATE_PROVEN_FOR_UNIT,NO_CURRENT_EVIDENCE_ONLY,CATALOG_PLUS_CORESOURCE_CENSUS
Delicious Ideas!,Pamela Smith,delicious-ideas,delicious-ideas,Paperback,9781961475335,NO,,LSI_POD_WHOLESALE_GLOBAL_DISTRIBUTION_REQUIRES_PROVIDER_CHANNEL_EXPORT,PROVIDER_ROUTE_VISIBLE_OR_LEGACY_REQUIRED,PROVIDER_EXPORT_REQUIRED,PROVIDER_EXPORT_REQUIRED,PROVIDER_EXPORT_REQUIRED,PROVIDER_EXPORT_REQUIRED,PROVIDER_EXPORT_REQUIRED,PROVIDER_EXPORT_REQUIRED,PROVIDER_EXPORT_REQUIRED,LSI_OR_INGRAMSPARK_PRIMARY_LEGACY_VALID,LSI_POD_WHOLESALE_GLOBAL_DISTRIBUTION_REQUIRES_PROVIDER_CHANNEL_EXPORT,CORESOURCE_TO_LSI_PRIMARY,INGRAMSPARK_CONTINGENCY,NO_DIRECT_DUPLICATE_PROVEN_FOR_UNIT,YES_LATER_GOVERNED_NORMALIZATION_CANDIDATE,CATALOG_PLUS_CORESOURCE_CENSUS
Delicious Ideas!,Pamela Smith,delicious-ideas,delicious-ideas,Hardcover,9781961475342,NO,,LSI_POD_WHOLESALE_GLOBAL_DISTRIBUTION_REQUIRES_PROVIDER_CHANNEL_EXPORT,PROVIDER_ROUTE_VISIBLE_OR_LEGACY_REQUIRED,PROVIDER_EXPORT_REQUIRED,PROVIDER_EXPORT_REQUIRED,PROVIDER_EXPORT_REQUIRED,PROVIDER_EXPORT_REQUIRED,PROVIDER_EXPORT_REQUIRED,PROVIDER_EXPORT_REQUIRED,PROVIDER_EXPORT_REQUIRED,LSI_OR_INGRAMSPARK_PRIMARY_LEGACY_VALID,LSI_POD_WHOLESALE_GLOBAL_DISTRIBUTION_REQUIRES_PROVIDER_CHANNEL_EXPORT,CORESOURCE_TO_LSI_PRIMARY,INGRAMSPARK_CONTINGENCY,NO_DIRECT_DUPLICATE_PROVEN_FOR_UNIT,YES_LATER_GOVERNED_NORMALIZATION_CANDIDATE,CATALOG_PLUS_CORESOURCE_CENSUS
Delicious Ideas!,Pamela Smith,delicious-ideas,delicious-ideas,eBook,9781961475359,YES,9781961475335,APPLE_KOBO_BN_NOOK_AMAZON_AND_OTHER_EBOOK_CHANNELS_REQUIRE_PROVIDER_CHANNEL_EXPORT,NOT_PRIMARY_FOR_FORMAT,PROVIDER_EXPORT_REQUIRED,PROVIDER_EXPORT_REQUIRED,PROVIDER_EXPORT_REQUIRED,PROVIDER_EXPORT_REQUIRED,PROVIDER_EXPORT_REQUIRED,PROVIDER_EXPORT_REQUIRED,PROVIDER_EXPORT_REQUIRED,CORESOURCE_PRIMARY,APPLE_KOBO_BN_NOOK_AMAZON_AND_OTHER_EBOOK_CHANNELS_REQUIRE_PROVIDER_CHANNEL_EXPORT,CORESOURCE_PRIMARY,AMAZON_OR_BN_DIRECT_STRATEGIC_EXCEPTION_ONLY,NO_DIRECT_DUPLICATE_PROVEN_FOR_UNIT,NO_CURRENT_EVIDENCE_ONLY,CATALOG_PLUS_CORESOURCE_CENSUS
Department of the Air Force: Mission Driven Leadership,"Jackie Smith, Jr.",department-of-the-air-force-mission-driven-leadership,department-of-the-air-force-mission-driven-leadership,Paperback,9781961475687,YES,9781961475687,LSI_POD_WHOLESALE_GLOBAL_DISTRIBUTION_REQUIRES_PROVIDER_CHANNEL_EXPORT,PROVIDER_ROUTE_VISIBLE_OR_LEGACY_REQUIRED,PROVIDER_EXPORT_REQUIRED,PROVIDER_EXPORT_REQUIRED,PROVIDER_EXPORT_REQUIRED,PROVIDER_EXPORT_REQUIRED,PROVIDER_EXPORT_REQUIRED,PROVIDER_EXPORT_REQUIRED,PROVIDER_EXPORT_REQUIRED,CORESOURCE_TO_LSI_PRIMARY,LSI_POD_WHOLESALE_GLOBAL_DISTRIBUTION_REQUIRES_PROVIDER_CHANNEL_EXPORT,CORESOURCE_TO_LSI_PRIMARY,INGRAMSPARK_CONTINGENCY,NO_DIRECT_DUPLICATE_PROVEN_FOR_UNIT,NO_CURRENT_EVIDENCE_ONLY,CATALOG_PLUS_CORESOURCE_CENSUS
Department of the Air Force: Mission Driven Leadership,"Jackie Smith, Jr.",department-of-the-air-force-mission-driven-leadership,department-of-the-air-force-mission-driven-leadership,eBook,9781961475694,YES,9781961475687,APPLE_KOBO_BN_NOOK_AMAZON_AND_OTHER_EBOOK_CHANNELS_REQUIRE_PROVIDER_CHANNEL_EXPORT,NOT_PRIMARY_FOR_FORMAT,PROVIDER_EXPORT_REQUIRED,PROVIDER_EXPORT_REQUIRED,PROVIDER_EXPORT_REQUIRED,PROVIDER_EXPORT_REQUIRED,PROVIDER_EXPORT_REQUIRED,PROVIDER_EXPORT_REQUIRED,PROVIDER_EXPORT_REQUIRED,CORESOURCE_PRIMARY,APPLE_KOBO_BN_NOOK_AMAZON_AND_OTHER_EBOOK_CHANNELS_REQUIRE_PROVIDER_CHANNEL_EXPORT,CORESOURCE_PRIMARY,AMAZON_OR_BN_DIRECT_STRATEGIC_EXCEPTION_ONLY,NO_DIRECT_DUPLICATE_PROVEN_FOR_UNIT,NO_CURRENT_EVIDENCE_ONLY,CATALOG_PLUS_CORESOURCE_CENSUS
Destined to Break the Curse,"Sean Smith, Sr.",destined-to-break-the-curse,destined-to-break-the-curse,Paperback,9781950719341,NO,,LSI_POD_WHOLESALE_GLOBAL_DISTRIBUTION_REQUIRES_PROVIDER_CHANNEL_EXPORT,PROVIDER_ROUTE_VISIBLE_OR_LEGACY_REQUIRED,PROVIDER_EXPORT_REQUIRED,PROVIDER_EXPORT_REQUIRED,PROVIDER_EXPORT_REQUIRED,PROVIDER_EXPORT_REQUIRED,PROVIDER_EXPORT_REQUIRED,PROVIDER_EXPORT_REQUIRED,PROVIDER_EXPORT_REQUIRED,LSI_OR_INGRAMSPARK_PRIMARY_LEGACY_VALID,LSI_POD_WHOLESALE_GLOBAL_DISTRIBUTION_REQUIRES_PROVIDER_CHANNEL_EXPORT,CORESOURCE_TO_LSI_PRIMARY,INGRAMSPARK_CONTINGENCY,NO_DIRECT_DUPLICATE_PROVEN_FOR_UNIT,YES_LATER_GOVERNED_NORMALIZATION_CANDIDATE,CATALOG_PLUS_CORESOURCE_CENSUS
Destined to Break the Curse,"Sean Smith, Sr.",destined-to-break-the-curse,destined-to-break-the-curse,eBook,9781950719358,NO,,APPLE_KOBO_BN_NOOK_AMAZON_AND_OTHER_EBOOK_CHANNELS_REQUIRE_PROVIDER_CHANNEL_EXPORT,NOT_PRIMARY_FOR_FORMAT,PROVIDER_EXPORT_REQUIRED,PROVIDER_EXPORT_REQUIRED,PROVIDER_EXPORT_REQUIRED,PROVIDER_EXPORT_REQUIRED,PROVIDER_EXPORT_REQUIRED,PROVIDER_EXPORT_REQUIRED,PROVIDER_EXPORT_REQUIRED,PROVIDER_READBACK_REQUIRED,APPLE_KOBO_BN_NOOK_AMAZON_AND_OTHER_EBOOK_CHANNELS_REQUIRE_PROVIDER_CHANNEL_EXPORT,CORESOURCE_PRIMARY,AMAZON_OR_BN_DIRECT_STRATEGIC_EXCEPTION_ONLY,NO_DIRECT_DUPLICATE_PROVEN_FOR_UNIT,NO_CURRENT_EVIDENCE_ONLY,CATALOG_PLUS_CORESOURCE_CENSUS
Destined to Break the Curse Devotional,"Sean Smith, Sr.",destined-to-break-the-curse-devotional,destined-to-break-the-curse-devotional,Paperback,9781950719181,NO,,LSI_POD_WHOLESALE_GLOBAL_DISTRIBUTION_REQUIRES_PROVIDER_CHANNEL_EXPORT,PROVIDER_ROUTE_VISIBLE_OR_LEGACY_REQUIRED,PROVIDER_EXPORT_REQUIRED,PROVIDER_EXPORT_REQUIRED,PROVIDER_EXPORT_REQUIRED,PROVIDER_EXPORT_REQUIRED,PROVIDER_EXPORT_REQUIRED,PROVIDER_EXPORT_REQUIRED,PROVIDER_EXPORT_REQUIRED,LSI_OR_INGRAMSPARK_PRIMARY_LEGACY_VALID,LSI_POD_WHOLESALE_GLOBAL_DISTRIBUTION_REQUIRES_PROVIDER_CHANNEL_EXPORT,CORESOURCE_TO_LSI_PRIMARY,INGRAMSPARK_CONTINGENCY,NO_DIRECT_DUPLICATE_PROVEN_FOR_UNIT,YES_LATER_GOVERNED_NORMALIZATION_CANDIDATE,CATALOG_PLUS_CORESOURCE_CENSUS
Destined to Break the Curse Devotional,"Sean Smith, Sr.",destined-to-break-the-curse-devotional,destined-to-break-the-curse-devotional,eBook,9781950719198,YES,9781950719181,APPLE_KOBO_BN_NOOK_AMAZON_AND_OTHER_EBOOK_CHANNELS_REQUIRE_PROVIDER_CHANNEL_EXPORT,NOT_PRIMARY_FOR_FORMAT,PROVIDER_EXPORT_REQUIRED,PROVIDER_EXPORT_REQUIRED,PROVIDER_EXPORT_REQUIRED,PROVIDER_EXPORT_REQUIRED,PROVIDER_EXPORT_REQUIRED,PROVIDER_EXPORT_REQUIRED,PROVIDER_EXPORT_REQUIRED,CORESOURCE_PRIMARY,APPLE_KOBO_BN_NOOK_AMAZON_AND_OTHER_EBOOK_CHANNELS_REQUIRE_PROVIDER_CHANNEL_EXPORT,CORESOURCE_PRIMARY,AMAZON_OR_BN_DIRECT_STRATEGIC_EXCEPTION_ONLY,NO_DIRECT_DUPLICATE_PROVEN_FOR_UNIT,NO_CURRENT_EVIDENCE_ONLY,CATALOG_PLUS_CORESOURCE_CENSUS
Discipline and Direction,Terry Stephens,discipline-and-direction,discipline-and-direction,Paperback,9781954414914,NO,,LSI_POD_WHOLESALE_GLOBAL_DISTRIBUTION_REQUIRES_PROVIDER_CHANNEL_EXPORT,PROVIDER_ROUTE_VISIBLE_OR_LEGACY_REQUIRED,PROVIDER_EXPORT_REQUIRED,PROVIDER_EXPORT_REQUIRED,PROVIDER_EXPORT_REQUIRED,PROVIDER_EXPORT_REQUIRED,PROVIDER_EXPORT_REQUIRED,PROVIDER_EXPORT_REQUIRED,PROVIDER_EXPORT_REQUIRED,LSI_OR_INGRAMSPARK_PRIMARY_LEGACY_VALID,LSI_POD_WHOLESALE_GLOBAL_DISTRIBUTION_REQUIRES_PROVIDER_CHANNEL_EXPORT,CORESOURCE_TO_LSI_PRIMARY,INGRAMSPARK_CONTINGENCY,NO_DIRECT_DUPLICATE_PROVEN_FOR_UNIT,YES_LATER_GOVERNED_NORMALIZATION_CANDIDATE,CATALOG_PLUS_CORESOURCE_CENSUS
Discipline and Direction,Terry Stephens,discipline-and-direction,discipline-and-direction,eBook,9781954414921,YES,9781954414914,APPLE_KOBO_BN_NOOK_AMAZON_AND_OTHER_EBOOK_CHANNELS_REQUIRE_PROVIDER_CHANNEL_EXPORT,NOT_PRIMARY_FOR_FORMAT,PROVIDER_EXPORT_REQUIRED,PROVIDER_EXPORT_REQUIRED,PROVIDER_EXPORT_REQUIRED,PROVIDER_EXPORT_REQUIRED,PROVIDER_EXPORT_REQUIRED,PROVIDER_EXPORT_REQUIRED,PROVIDER_EXPORT_REQUIRED,CORESOURCE_PRIMARY,APPLE_KOBO_BN_NOOK_AMAZON_AND_OTHER_EBOOK_CHANNELS_REQUIRE_PROVIDER_CHANNEL_EXPORT,CORESOURCE_PRIMARY,AMAZON_OR_BN_DIRECT_STRATEGIC_EXCEPTION_ONLY,NO_DIRECT_DUPLICATE_PROVEN_FOR_UNIT,NO_CURRENT_EVIDENCE_ONLY,CATALOG_PLUS_CORESOURCE_CENSUS
Divinely Inspired,Tekisha Wimbush,divinely-inspired,divinely-inspired,Paperback,9781961475175,NO,,LSI_POD_WHOLESALE_GLOBAL_DISTRIBUTION_REQUIRES_PROVIDER_CHANNEL_EXPORT,PROVIDER_ROUTE_VISIBLE_OR_LEGACY_REQUIRED,PROVIDER_EXPORT_REQUIRED,PROVIDER_EXPORT_REQUIRED,PROVIDER_EXPORT_REQUIRED,PROVIDER_EXPORT_REQUIRED,PROVIDER_EXPORT_REQUIRED,PROVIDER_EXPORT_REQUIRED,PROVIDER_EXPORT_REQUIRED,LSI_OR_INGRAMSPARK_PRIMARY_LEGACY_VALID,LSI_POD_WHOLESALE_GLOBAL_DISTRIBUTION_REQUIRES_PROVIDER_CHANNEL_EXPORT,CORESOURCE_TO_LSI_PRIMARY,INGRAMSPARK_CONTINGENCY,NO_DIRECT_DUPLICATE_PROVEN_FOR_UNIT,YES_LATER_GOVERNED_NORMALIZATION_CANDIDATE,CATALOG_PLUS_CORESOURCE_CENSUS
Divinely Inspired,Tekisha Wimbush,divinely-inspired,divinely-inspired,Hardcover,9781961475205,NO,,LSI_POD_WHOLESALE_GLOBAL_DISTRIBUTION_REQUIRES_PROVIDER_CHANNEL_EXPORT,PROVIDER_ROUTE_VISIBLE_OR_LEGACY_REQUIRED,PROVIDER_EXPORT_REQUIRED,PROVIDER_EXPORT_REQUIRED,PROVIDER_EXPORT_REQUIRED,PROVIDER_EXPORT_REQUIRED,PROVIDER_EXPORT_REQUIRED,PROVIDER_EXPORT_REQUIRED,PROVIDER_EXPORT_REQUIRED,LSI_OR_INGRAMSPARK_PRIMARY_LEGACY_VALID,LSI_POD_WHOLESALE_GLOBAL_DISTRIBUTION_REQUIRES_PROVIDER_CHANNEL_EXPORT,CORESOURCE_TO_LSI_PRIMARY,INGRAMSPARK_CONTINGENCY,NO_DIRECT_DUPLICATE_PROVEN_FOR_UNIT,YES_LATER_GOVERNED_NORMALIZATION_CANDIDATE,CATALOG_PLUS_CORESOURCE_CENSUS
Divinely Inspired,Tekisha Wimbush,divinely-inspired,divinely-inspired,eBook,9781961475182,YES,9781961475175,APPLE_KOBO_BN_NOOK_AMAZON_AND_OTHER_EBOOK_CHANNELS_REQUIRE_PROVIDER_CHANNEL_EXPORT,NOT_PRIMARY_FOR_FORMAT,PROVIDER_EXPORT_REQUIRED,PROVIDER_EXPORT_REQUIRED,PROVIDER_EXPORT_REQUIRED,PROVIDER_EXPORT_REQUIRED,PROVIDER_EXPORT_REQUIRED,PROVIDER_EXPORT_REQUIRED,PROVIDER_EXPORT_REQUIRED,CORESOURCE_PRIMARY,APPLE_KOBO_BN_NOOK_AMAZON_AND_OTHER_EBOOK_CHANNELS_REQUIRE_PROVIDER_CHANNEL_EXPORT,CORESOURCE_PRIMARY,AMAZON_OR_BN_DIRECT_STRATEGIC_EXCEPTION_ONLY,NO_DIRECT_DUPLICATE_PROVEN_FOR_UNIT,NO_CURRENT_EVIDENCE_ONLY,CATALOG_PLUS_CORESOURCE_CENSUS
Establishing Glory,"Jackie Smith, Jr.",establishing-glory,establishing-glory,Paperback,9781950719006,NO,,LSI_POD_WHOLESALE_GLOBAL_DISTRIBUTION_REQUIRES_PROVIDER_CHANNEL_EXPORT,PROVIDER_ROUTE_VISIBLE_OR_LEGACY_REQUIRED,PROVIDER_EXPORT_REQUIRED,PROVIDER_EXPORT_REQUIRED,PROVIDER_EXPORT_REQUIRED,PROVIDER_EXPORT_REQUIRED,PROVIDER_EXPORT_REQUIRED,PROVIDER_EXPORT_REQUIRED,PROVIDER_EXPORT_REQUIRED,LSI_OR_INGRAMSPARK_PRIMARY_LEGACY_VALID,LSI_POD_WHOLESALE_GLOBAL_DISTRIBUTION_REQUIRES_PROVIDER_CHANNEL_EXPORT,CORESOURCE_TO_LSI_PRIMARY,INGRAMSPARK_CONTINGENCY,NO_DIRECT_DUPLICATE_PROVEN_FOR_UNIT,YES_LATER_GOVERNED_NORMALIZATION_CANDIDATE,CATALOG_PLUS_CORESOURCE_CENSUS
Establishing Glory,"Jackie Smith, Jr.",establishing-glory,establishing-glory,Hardcover,9781950719020,NO,,LSI_POD_WHOLESALE_GLOBAL_DISTRIBUTION_REQUIRES_PROVIDER_CHANNEL_EXPORT,PROVIDER_ROUTE_VISIBLE_OR_LEGACY_REQUIRED,PROVIDER_EXPORT_REQUIRED,PROVIDER_EXPORT_REQUIRED,PROVIDER_EXPORT_REQUIRED,PROVIDER_EXPORT_REQUIRED,PROVIDER_EXPORT_REQUIRED,PROVIDER_EXPORT_REQUIRED,PROVIDER_EXPORT_REQUIRED,LSI_OR_INGRAMSPARK_PRIMARY_LEGACY_VALID,LSI_POD_WHOLESALE_GLOBAL_DISTRIBUTION_REQUIRES_PROVIDER_CHANNEL_EXPORT,CORESOURCE_TO_LSI_PRIMARY,INGRAMSPARK_CONTINGENCY,NO_DIRECT_DUPLICATE_PROVEN_FOR_UNIT,YES_LATER_GOVERNED_NORMALIZATION_CANDIDATE,CATALOG_PLUS_CORESOURCE_CENSUS
Establishing Glory,"Jackie Smith, Jr.",establishing-glory,establishing-glory,eBook,9781950719013,YES,9781950719006,APPLE_KOBO_BN_NOOK_AMAZON_AND_OTHER_EBOOK_CHANNELS_REQUIRE_PROVIDER_CHANNEL_EXPORT,NOT_PRIMARY_FOR_FORMAT,PROVIDER_EXPORT_REQUIRED,PROVIDER_EXPORT_REQUIRED,PROVIDER_EXPORT_REQUIRED,PROVIDER_EXPORT_REQUIRED,PROVIDER_EXPORT_REQUIRED,PROVIDER_EXPORT_REQUIRED,PROVIDER_EXPORT_REQUIRED,CORESOURCE_PRIMARY,APPLE_KOBO_BN_NOOK_AMAZON_AND_OTHER_EBOOK_CHANNELS_REQUIRE_PROVIDER_CHANNEL_EXPORT,CORESOURCE_PRIMARY,AMAZON_OR_BN_DIRECT_STRATEGIC_EXCEPTION_ONLY,NO_DIRECT_DUPLICATE_PROVEN_FOR_UNIT,NO_CURRENT_EVIDENCE_ONLY,CATALOG_PLUS_CORESOURCE_CENSUS
Establishing Glory,"Jackie Smith, Jr.",establishing-glory,establishing-glory,Audiobook,9781961475199,YES,9781961475199,AUDIBLE_APPLE_AUDIO_AUDIO_CHANNELS_REQUIRE_PROVIDER_CHANNEL_EXPORT,NOT_PRIMARY_FOR_FORMAT,PROVIDER_EXPORT_REQUIRED,PROVIDER_EXPORT_REQUIRED,PROVIDER_EXPORT_REQUIRED,PROVIDER_EXPORT_REQUIRED,PROVIDER_EXPORT_REQUIRED,PROVIDER_EXPORT_REQUIRED,PROVIDER_EXPORT_REQUIRED,CORESOURCE_PRIMARY,AUDIBLE_APPLE_AUDIO_AUDIO_CHANNELS_REQUIRE_PROVIDER_CHANNEL_EXPORT,CORESOURCE_AUDIO_PRIMARY_WITH_ACX_EXCEPTION,ACX_HUMAN_ASSISTED_EXCEPTION,NO_DIRECT_DUPLICATE_PROVEN_FOR_UNIT,NO_CURRENT_EVIDENCE_ONLY,CATALOG_PLUS_CORESOURCE_CENSUS
Establishing Glory 2,"Jackie Smith, Jr.",establishing-glory-2,establishing-glory-2,Paperback,9781950719037,NO,,LSI_POD_WHOLESALE_GLOBAL_DISTRIBUTION_REQUIRES_PROVIDER_CHANNEL_EXPORT,PROVIDER_ROUTE_VISIBLE_OR_LEGACY_REQUIRED,PROVIDER_EXPORT_REQUIRED,PROVIDER_EXPORT_REQUIRED,PROVIDER_EXPORT_REQUIRED,PROVIDER_EXPORT_REQUIRED,PROVIDER_EXPORT_REQUIRED,PROVIDER_EXPORT_REQUIRED,PROVIDER_EXPORT_REQUIRED,LSI_OR_INGRAMSPARK_PRIMARY_LEGACY_VALID,LSI_POD_WHOLESALE_GLOBAL_DISTRIBUTION_REQUIRES_PROVIDER_CHANNEL_EXPORT,CORESOURCE_TO_LSI_PRIMARY,INGRAMSPARK_CONTINGENCY,NO_DIRECT_DUPLICATE_PROVEN_FOR_UNIT,YES_LATER_GOVERNED_NORMALIZATION_CANDIDATE,CATALOG_PLUS_CORESOURCE_CENSUS
Establishing Glory 2,"Jackie Smith, Jr.",establishing-glory-2,establishing-glory-2,Hardcover,9781950719051,NO,,LSI_POD_WHOLESALE_GLOBAL_DISTRIBUTION_REQUIRES_PROVIDER_CHANNEL_EXPORT,PROVIDER_ROUTE_VISIBLE_OR_LEGACY_REQUIRED,PROVIDER_EXPORT_REQUIRED,PROVIDER_EXPORT_REQUIRED,PROVIDER_EXPORT_REQUIRED,PROVIDER_EXPORT_REQUIRED,PROVIDER_EXPORT_REQUIRED,PROVIDER_EXPORT_REQUIRED,PROVIDER_EXPORT_REQUIRED,LSI_OR_INGRAMSPARK_PRIMARY_LEGACY_VALID,LSI_POD_WHOLESALE_GLOBAL_DISTRIBUTION_REQUIRES_PROVIDER_CHANNEL_EXPORT,CORESOURCE_TO_LSI_PRIMARY,INGRAMSPARK_CONTINGENCY,NO_DIRECT_DUPLICATE_PROVEN_FOR_UNIT,YES_LATER_GOVERNED_NORMALIZATION_CANDIDATE,CATALOG_PLUS_CORESOURCE_CENSUS
Establishing Glory 2,"Jackie Smith, Jr.",establishing-glory-2,establishing-glory-2,eBook,9781950719044,YES,9781950719037,APPLE_KOBO_BN_NOOK_AMAZON_AND_OTHER_EBOOK_CHANNELS_REQUIRE_PROVIDER_CHANNEL_EXPORT,NOT_PRIMARY_FOR_FORMAT,PROVIDER_EXPORT_REQUIRED,PROVIDER_EXPORT_REQUIRED,PROVIDER_EXPORT_REQUIRED,PROVIDER_EXPORT_REQUIRED,PROVIDER_EXPORT_REQUIRED,PROVIDER_EXPORT_REQUIRED,PROVIDER_EXPORT_REQUIRED,CORESOURCE_PRIMARY,APPLE_KOBO_BN_NOOK_AMAZON_AND_OTHER_EBOOK_CHANNELS_REQUIRE_PROVIDER_CHANNEL_EXPORT,CORESOURCE_PRIMARY,AMAZON_OR_BN_DIRECT_STRATEGIC_EXCEPTION_ONLY,NO_DIRECT_DUPLICATE_PROVEN_FOR_UNIT,NO_CURRENT_EVIDENCE_ONLY,CATALOG_PLUS_CORESOURCE_CENSUS
Establishing Glory 3,"Jackie Smith, Jr.",establishing-glory-3,establishing-glory-3,Paperback,9781950719136,NO,,LSI_POD_WHOLESALE_GLOBAL_DISTRIBUTION_REQUIRES_PROVIDER_CHANNEL_EXPORT,PROVIDER_ROUTE_VISIBLE_OR_LEGACY_REQUIRED,PROVIDER_EXPORT_REQUIRED,PROVIDER_EXPORT_REQUIRED,PROVIDER_EXPORT_REQUIRED,PROVIDER_EXPORT_REQUIRED,PROVIDER_EXPORT_REQUIRED,PROVIDER_EXPORT_REQUIRED,PROVIDER_EXPORT_REQUIRED,LSI_OR_INGRAMSPARK_PRIMARY_LEGACY_VALID,LSI_POD_WHOLESALE_GLOBAL_DISTRIBUTION_REQUIRES_PROVIDER_CHANNEL_EXPORT,CORESOURCE_TO_LSI_PRIMARY,INGRAMSPARK_CONTINGENCY,NO_DIRECT_DUPLICATE_PROVEN_FOR_UNIT,YES_LATER_GOVERNED_NORMALIZATION_CANDIDATE,CATALOG_PLUS_CORESOURCE_CENSUS
Establishing Glory 3,"Jackie Smith, Jr.",establishing-glory-3,establishing-glory-3,Hardcover,9781950719150,NO,,LSI_POD_WHOLESALE_GLOBAL_DISTRIBUTION_REQUIRES_PROVIDER_CHANNEL_EXPORT,PROVIDER_ROUTE_VISIBLE_OR_LEGACY_REQUIRED,PROVIDER_EXPORT_REQUIRED,PROVIDER_EXPORT_REQUIRED,PROVIDER_EXPORT_REQUIRED,PROVIDER_EXPORT_REQUIRED,PROVIDER_EXPORT_REQUIRED,PROVIDER_EXPORT_REQUIRED,PROVIDER_EXPORT_REQUIRED,LSI_OR_INGRAMSPARK_PRIMARY_LEGACY_VALID,LSI_POD_WHOLESALE_GLOBAL_DISTRIBUTION_REQUIRES_PROVIDER_CHANNEL_EXPORT,CORESOURCE_TO_LSI_PRIMARY,INGRAMSPARK_CONTINGENCY,NO_DIRECT_DUPLICATE_PROVEN_FOR_UNIT,YES_LATER_GOVERNED_NORMALIZATION_CANDIDATE,CATALOG_PLUS_CORESOURCE_CENSUS
Establishing Glory 3,"Jackie Smith, Jr.",establishing-glory-3,establishing-glory-3,eBook,9781950719143,YES,9781950719136,APPLE_KOBO_BN_NOOK_AMAZON_AND_OTHER_EBOOK_CHANNELS_REQUIRE_PROVIDER_CHANNEL_EXPORT,NOT_PRIMARY_FOR_FORMAT,PROVIDER_EXPORT_REQUIRED,PROVIDER_EXPORT_REQUIRED,PROVIDER_EXPORT_REQUIRED,PROVIDER_EXPORT_REQUIRED,PROVIDER_EXPORT_REQUIRED,PROVIDER_EXPORT_REQUIRED,PROVIDER_EXPORT_REQUIRED,CORESOURCE_PRIMARY,APPLE_KOBO_BN_NOOK_AMAZON_AND_OTHER_EBOOK_CHANNELS_REQUIRE_PROVIDER_CHANNEL_EXPORT,CORESOURCE_PRIMARY,AMAZON_OR_BN_DIRECT_STRATEGIC_EXCEPTION_ONLY,NO_DIRECT_DUPLICATE_PROVEN_FOR_UNIT,NO_CURRENT_EVIDENCE_ONLY,CATALOG_PLUS_CORESOURCE_CENSUS
"Focus, Trust, and Follow",Shana Byrd,focus-trust-and-follow,focus-trust-and-follow,Paperback,9781950719495,NO,,LSI_POD_WHOLESALE_GLOBAL_DISTRIBUTION_REQUIRES_PROVIDER_CHANNEL_EXPORT,PROVIDER_ROUTE_VISIBLE_OR_LEGACY_REQUIRED,PROVIDER_EXPORT_REQUIRED,PROVIDER_EXPORT_REQUIRED,PROVIDER_EXPORT_REQUIRED,PROVIDER_EXPORT_REQUIRED,PROVIDER_EXPORT_REQUIRED,PROVIDER_EXPORT_REQUIRED,PROVIDER_EXPORT_REQUIRED,LSI_OR_INGRAMSPARK_PRIMARY_LEGACY_VALID,LSI_POD_WHOLESALE_GLOBAL_DISTRIBUTION_REQUIRES_PROVIDER_CHANNEL_EXPORT,CORESOURCE_TO_LSI_PRIMARY,INGRAMSPARK_CONTINGENCY,NO_DIRECT_DUPLICATE_PROVEN_FOR_UNIT,YES_LATER_GOVERNED_NORMALIZATION_CANDIDATE,CATALOG_PLUS_CORESOURCE_CENSUS
"Focus, Trust, and Follow",Shana Byrd,focus-trust-and-follow,focus-trust-and-follow,eBook,9781950719501,YES,9781950719495,APPLE_KOBO_BN_NOOK_AMAZON_AND_OTHER_EBOOK_CHANNELS_REQUIRE_PROVIDER_CHANNEL_EXPORT,NOT_PRIMARY_FOR_FORMAT,PROVIDER_EXPORT_REQUIRED,PROVIDER_EXPORT_REQUIRED,PROVIDER_EXPORT_REQUIRED,PROVIDER_EXPORT_REQUIRED,PROVIDER_EXPORT_REQUIRED,PROVIDER_EXPORT_REQUIRED,PROVIDER_EXPORT_REQUIRED,CORESOURCE_PRIMARY,APPLE_KOBO_BN_NOOK_AMAZON_AND_OTHER_EBOOK_CHANNELS_REQUIRE_PROVIDER_CHANNEL_EXPORT,CORESOURCE_PRIMARY,AMAZON_OR_BN_DIRECT_STRATEGIC_EXCEPTION_ONLY,NO_DIRECT_DUPLICATE_PROVEN_FOR_UNIT,NO_CURRENT_EVIDENCE_ONLY,CATALOG_PLUS_CORESOURCE_CENSUS
For What It's Worth,Ericka Thornton,for-what-it-s-worth,for-what-it-s-worth,Paperback,9781950719723,NO,,LSI_POD_WHOLESALE_GLOBAL_DISTRIBUTION_REQUIRES_PROVIDER_CHANNEL_EXPORT,PROVIDER_ROUTE_VISIBLE_OR_LEGACY_REQUIRED,PROVIDER_EXPORT_REQUIRED,PROVIDER_EXPORT_REQUIRED,PROVIDER_EXPORT_REQUIRED,PROVIDER_EXPORT_REQUIRED,PROVIDER_EXPORT_REQUIRED,PROVIDER_EXPORT_REQUIRED,PROVIDER_EXPORT_REQUIRED,LSI_OR_INGRAMSPARK_PRIMARY_LEGACY_VALID,LSI_POD_WHOLESALE_GLOBAL_DISTRIBUTION_REQUIRES_PROVIDER_CHANNEL_EXPORT,CORESOURCE_TO_LSI_PRIMARY,INGRAMSPARK_CONTINGENCY,NO_DIRECT_DUPLICATE_PROVEN_FOR_UNIT,YES_LATER_GOVERNED_NORMALIZATION_CANDIDATE,CATALOG_PLUS_CORESOURCE_CENSUS
For What It's Worth,Ericka Thornton,for-what-it-s-worth,for-what-it-s-worth,eBook,9781950719716,YES,9781950719716,APPLE_KOBO_BN_NOOK_AMAZON_AND_OTHER_EBOOK_CHANNELS_REQUIRE_PROVIDER_CHANNEL_EXPORT,NOT_PRIMARY_FOR_FORMAT,PROVIDER_EXPORT_REQUIRED,PROVIDER_EXPORT_REQUIRED,PROVIDER_EXPORT_REQUIRED,PROVIDER_EXPORT_REQUIRED,PROVIDER_EXPORT_REQUIRED,PROVIDER_EXPORT_REQUIRED,PROVIDER_EXPORT_REQUIRED,CORESOURCE_PRIMARY,APPLE_KOBO_BN_NOOK_AMAZON_AND_OTHER_EBOOK_CHANNELS_REQUIRE_PROVIDER_CHANNEL_EXPORT,CORESOURCE_PRIMARY,AMAZON_OR_BN_DIRECT_STRATEGIC_EXCEPTION_ONLY,NO_DIRECT_DUPLICATE_PROVEN_FOR_UNIT,NO_CURRENT_EVIDENCE_ONLY,CATALOG_PLUS_CORESOURCE_CENSUS
From Stylist to CEO,Kelli Milligan Stammen,from-stylist-to-ceo,from-stylist-to-ceo,Paperback,9781961475236,NO,,LSI_POD_WHOLESALE_GLOBAL_DISTRIBUTION_REQUIRES_PROVIDER_CHANNEL_EXPORT,PROVIDER_ROUTE_VISIBLE_OR_LEGACY_REQUIRED,PROVIDER_EXPORT_REQUIRED,PROVIDER_EXPORT_REQUIRED,PROVIDER_EXPORT_REQUIRED,PROVIDER_EXPORT_REQUIRED,PROVIDER_EXPORT_REQUIRED,PROVIDER_EXPORT_REQUIRED,PROVIDER_EXPORT_REQUIRED,LSI_OR_INGRAMSPARK_PRIMARY_LEGACY_VALID,LSI_POD_WHOLESALE_GLOBAL_DISTRIBUTION_REQUIRES_PROVIDER_CHANNEL_EXPORT,CORESOURCE_TO_LSI_PRIMARY,INGRAMSPARK_CONTINGENCY,NO_DIRECT_DUPLICATE_PROVEN_FOR_UNIT,YES_LATER_GOVERNED_NORMALIZATION_CANDIDATE,CATALOG_PLUS_CORESOURCE_CENSUS
From Stylist to CEO,Kelli Milligan Stammen,from-stylist-to-ceo,from-stylist-to-ceo,Hardcover,9781961475243,NO,,LSI_POD_WHOLESALE_GLOBAL_DISTRIBUTION_REQUIRES_PROVIDER_CHANNEL_EXPORT,PROVIDER_ROUTE_VISIBLE_OR_LEGACY_REQUIRED,PROVIDER_EXPORT_REQUIRED,PROVIDER_EXPORT_REQUIRED,PROVIDER_EXPORT_REQUIRED,PROVIDER_EXPORT_REQUIRED,PROVIDER_EXPORT_REQUIRED,PROVIDER_EXPORT_REQUIRED,PROVIDER_EXPORT_REQUIRED,LSI_OR_INGRAMSPARK_PRIMARY_LEGACY_VALID,LSI_POD_WHOLESALE_GLOBAL_DISTRIBUTION_REQUIRES_PROVIDER_CHANNEL_EXPORT,CORESOURCE_TO_LSI_PRIMARY,INGRAMSPARK_CONTINGENCY,NO_DIRECT_DUPLICATE_PROVEN_FOR_UNIT,YES_LATER_GOVERNED_NORMALIZATION_CANDIDATE,CATALOG_PLUS_CORESOURCE_CENSUS
From Stylist to CEO,Kelli Milligan Stammen,from-stylist-to-ceo,from-stylist-to-ceo,eBook,9781961475250,NO,,APPLE_KOBO_BN_NOOK_AMAZON_AND_OTHER_EBOOK_CHANNELS_REQUIRE_PROVIDER_CHANNEL_EXPORT,NOT_PRIMARY_FOR_FORMAT,PROVIDER_EXPORT_REQUIRED,PROVIDER_EXPORT_REQUIRED,PROVIDER_EXPORT_REQUIRED,PROVIDER_EXPORT_REQUIRED,PROVIDER_EXPORT_REQUIRED,PROVIDER_EXPORT_REQUIRED,PROVIDER_EXPORT_REQUIRED,PROVIDER_READBACK_REQUIRED,APPLE_KOBO_BN_NOOK_AMAZON_AND_OTHER_EBOOK_CHANNELS_REQUIRE_PROVIDER_CHANNEL_EXPORT,CORESOURCE_PRIMARY,AMAZON_OR_BN_DIRECT_STRATEGIC_EXCEPTION_ONLY,NO_DIRECT_DUPLICATE_PROVEN_FOR_UNIT,NO_CURRENT_EVIDENCE_ONLY,CATALOG_PLUS_CORESOURCE_CENSUS
Getting Back 2 Happy,Jaylonna Stevette,getting-back-2-happy,getting-back-2-happy,Paperback,9781950719426,NO,,LSI_POD_WHOLESALE_GLOBAL_DISTRIBUTION_REQUIRES_PROVIDER_CHANNEL_EXPORT,PROVIDER_ROUTE_VISIBLE_OR_LEGACY_REQUIRED,PROVIDER_EXPORT_REQUIRED,PROVIDER_EXPORT_REQUIRED,PROVIDER_EXPORT_REQUIRED,PROVIDER_EXPORT_REQUIRED,PROVIDER_EXPORT_REQUIRED,PROVIDER_EXPORT_REQUIRED,PROVIDER_EXPORT_REQUIRED,LSI_OR_INGRAMSPARK_PRIMARY_LEGACY_VALID,LSI_POD_WHOLESALE_GLOBAL_DISTRIBUTION_REQUIRES_PROVIDER_CHANNEL_EXPORT,CORESOURCE_TO_LSI_PRIMARY,INGRAMSPARK_CONTINGENCY,NO_DIRECT_DUPLICATE_PROVEN_FOR_UNIT,YES_LATER_GOVERNED_NORMALIZATION_CANDIDATE,CATALOG_PLUS_CORESOURCE_CENSUS
Getting Back 2 Happy,Jaylonna Stevette,getting-back-2-happy,getting-back-2-happy,eBook,9781950719433,YES,9781950719426,APPLE_KOBO_BN_NOOK_AMAZON_AND_OTHER_EBOOK_CHANNELS_REQUIRE_PROVIDER_CHANNEL_EXPORT,NOT_PRIMARY_FOR_FORMAT,PROVIDER_EXPORT_REQUIRED,PROVIDER_EXPORT_REQUIRED,PROVIDER_EXPORT_REQUIRED,PROVIDER_EXPORT_REQUIRED,PROVIDER_EXPORT_REQUIRED,PROVIDER_EXPORT_REQUIRED,PROVIDER_EXPORT_REQUIRED,CORESOURCE_PRIMARY,APPLE_KOBO_BN_NOOK_AMAZON_AND_OTHER_EBOOK_CHANNELS_REQUIRE_PROVIDER_CHANNEL_EXPORT,CORESOURCE_PRIMARY,AMAZON_OR_BN_DIRECT_STRATEGIC_EXCEPTION_ONLY,NO_DIRECT_DUPLICATE_PROVEN_FOR_UNIT,NO_CURRENT_EVIDENCE_ONLY,CATALOG_PLUS_CORESOURCE_CENSUS
"Girl, You're Not Crazy. You're Dealing with a Narcissist",Carolyn Booker-Pierce,girl-you-re-not-crazy-you-re-dealing-with-a-narcissist,girl-you-re-not-crazy-you-re-dealing-with-a-narcissist,Paperback,9781950719402,NO,,LSI_POD_WHOLESALE_GLOBAL_DISTRIBUTION_REQUIRES_PROVIDER_CHANNEL_EXPORT,PROVIDER_ROUTE_VISIBLE_OR_LEGACY_REQUIRED,PROVIDER_EXPORT_REQUIRED,PROVIDER_EXPORT_REQUIRED,PROVIDER_EXPORT_REQUIRED,PROVIDER_EXPORT_REQUIRED,PROVIDER_EXPORT_REQUIRED,PROVIDER_EXPORT_REQUIRED,PROVIDER_EXPORT_REQUIRED,LSI_OR_INGRAMSPARK_PRIMARY_LEGACY_VALID,LSI_POD_WHOLESALE_GLOBAL_DISTRIBUTION_REQUIRES_PROVIDER_CHANNEL_EXPORT,CORESOURCE_TO_LSI_PRIMARY,INGRAMSPARK_CONTINGENCY,NO_DIRECT_DUPLICATE_PROVEN_FOR_UNIT,YES_LATER_GOVERNED_NORMALIZATION_CANDIDATE,CATALOG_PLUS_CORESOURCE_CENSUS
"Girl, You're Not Crazy. You're Dealing with a Narcissist",Carolyn Booker-Pierce,girl-you-re-not-crazy-you-re-dealing-with-a-narcissist,girl-you-re-not-crazy-you-re-dealing-with-a-narcissist,eBook,9781950719419,YES,9781950719402,APPLE_KOBO_BN_NOOK_AMAZON_AND_OTHER_EBOOK_CHANNELS_REQUIRE_PROVIDER_CHANNEL_EXPORT,NOT_PRIMARY_FOR_FORMAT,PROVIDER_EXPORT_REQUIRED,PROVIDER_EXPORT_REQUIRED,PROVIDER_EXPORT_REQUIRED,PROVIDER_EXPORT_REQUIRED,PROVIDER_EXPORT_REQUIRED,PROVIDER_EXPORT_REQUIRED,PROVIDER_EXPORT_REQUIRED,CORESOURCE_PRIMARY,APPLE_KOBO_BN_NOOK_AMAZON_AND_OTHER_EBOOK_CHANNELS_REQUIRE_PROVIDER_CHANNEL_EXPORT,CORESOURCE_PRIMARY,AMAZON_OR_BN_DIRECT_STRATEGIC_EXCEPTION_ONLY,NO_DIRECT_DUPLICATE_PROVEN_FOR_UNIT,NO_CURRENT_EVIDENCE_ONLY,CATALOG_PLUS_CORESOURCE_CENSUS
God's Business Plan,Terry Stephens,god-s-business-plan,god-s-business-plan,eBook,9781961475083,YES,9781961475083,APPLE_KOBO_BN_NOOK_AMAZON_AND_OTHER_EBOOK_CHANNELS_REQUIRE_PROVIDER_CHANNEL_EXPORT,NOT_PRIMARY_FOR_FORMAT,PROVIDER_EXPORT_REQUIRED,PROVIDER_EXPORT_REQUIRED,PROVIDER_EXPORT_REQUIRED,PROVIDER_EXPORT_REQUIRED,PROVIDER_EXPORT_REQUIRED,PROVIDER_EXPORT_REQUIRED,PROVIDER_EXPORT_REQUIRED,CORESOURCE_PRIMARY,APPLE_KOBO_BN_NOOK_AMAZON_AND_OTHER_EBOOK_CHANNELS_REQUIRE_PROVIDER_CHANNEL_EXPORT,CORESOURCE_PRIMARY,AMAZON_OR_BN_DIRECT_STRATEGIC_EXCEPTION_ONLY,NO_DIRECT_DUPLICATE_PROVEN_FOR_UNIT,NO_CURRENT_EVIDENCE_ONLY,CATALOG_PLUS_CORESOURCE_CENSUS
God's Nudge,Tekisha Wimbush,god-s-nudge,god-s-nudge,Paperback,9781950719884,NO,,LSI_POD_WHOLESALE_GLOBAL_DISTRIBUTION_REQUIRES_PROVIDER_CHANNEL_EXPORT,PROVIDER_ROUTE_VISIBLE_OR_LEGACY_REQUIRED,PROVIDER_EXPORT_REQUIRED,PROVIDER_EXPORT_REQUIRED,PROVIDER_EXPORT_REQUIRED,PROVIDER_EXPORT_REQUIRED,PROVIDER_EXPORT_REQUIRED,PROVIDER_EXPORT_REQUIRED,PROVIDER_EXPORT_REQUIRED,LSI_OR_INGRAMSPARK_PRIMARY_LEGACY_VALID,LSI_POD_WHOLESALE_GLOBAL_DISTRIBUTION_REQUIRES_PROVIDER_CHANNEL_EXPORT,CORESOURCE_TO_LSI_PRIMARY,INGRAMSPARK_CONTINGENCY,NO_DIRECT_DUPLICATE_PROVEN_FOR_UNIT,YES_LATER_GOVERNED_NORMALIZATION_CANDIDATE,CATALOG_PLUS_CORESOURCE_CENSUS
God's Nudge,Tekisha Wimbush,god-s-nudge,god-s-nudge,eBook,9781950719877,YES,9781950719877,APPLE_KOBO_BN_NOOK_AMAZON_AND_OTHER_EBOOK_CHANNELS_REQUIRE_PROVIDER_CHANNEL_EXPORT,NOT_PRIMARY_FOR_FORMAT,PROVIDER_EXPORT_REQUIRED,PROVIDER_EXPORT_REQUIRED,PROVIDER_EXPORT_REQUIRED,PROVIDER_EXPORT_REQUIRED,PROVIDER_EXPORT_REQUIRED,PROVIDER_EXPORT_REQUIRED,PROVIDER_EXPORT_REQUIRED,CORESOURCE_PRIMARY,APPLE_KOBO_BN_NOOK_AMAZON_AND_OTHER_EBOOK_CHANNELS_REQUIRE_PROVIDER_CHANNEL_EXPORT,CORESOURCE_PRIMARY,AMAZON_OR_BN_DIRECT_STRATEGIC_EXCEPTION_ONLY,NO_DIRECT_DUPLICATE_PROVEN_FOR_UNIT,NO_CURRENT_EVIDENCE_ONLY,CATALOG_PLUS_CORESOURCE_CENSUS
God's Word For This World,Bishop Thomas Johnson,god-s-word-for-this-world,god-s-word-for-this-world,Paperback,9781954414419,NO,,LSI_POD_WHOLESALE_GLOBAL_DISTRIBUTION_REQUIRES_PROVIDER_CHANNEL_EXPORT,PROVIDER_ROUTE_VISIBLE_OR_LEGACY_REQUIRED,PROVIDER_EXPORT_REQUIRED,PROVIDER_EXPORT_REQUIRED,PROVIDER_EXPORT_REQUIRED,PROVIDER_EXPORT_REQUIRED,PROVIDER_EXPORT_REQUIRED,PROVIDER_EXPORT_REQUIRED,PROVIDER_EXPORT_REQUIRED,LSI_OR_INGRAMSPARK_PRIMARY_LEGACY_VALID,LSI_POD_WHOLESALE_GLOBAL_DISTRIBUTION_REQUIRES_PROVIDER_CHANNEL_EXPORT,CORESOURCE_TO_LSI_PRIMARY,INGRAMSPARK_CONTINGENCY,NO_DIRECT_DUPLICATE_PROVEN_FOR_UNIT,YES_LATER_GOVERNED_NORMALIZATION_CANDIDATE,CATALOG_PLUS_CORESOURCE_CENSUS
God's Word For This World,Bishop Thomas Johnson,god-s-word-for-this-world,god-s-word-for-this-world,eBook,9781954414402,YES,9781954414402,APPLE_KOBO_BN_NOOK_AMAZON_AND_OTHER_EBOOK_CHANNELS_REQUIRE_PROVIDER_CHANNEL_EXPORT,NOT_PRIMARY_FOR_FORMAT,PROVIDER_EXPORT_REQUIRED,PROVIDER_EXPORT_REQUIRED,PROVIDER_EXPORT_REQUIRED,PROVIDER_EXPORT_REQUIRED,PROVIDER_EXPORT_REQUIRED,PROVIDER_EXPORT_REQUIRED,PROVIDER_EXPORT_REQUIRED,CORESOURCE_PRIMARY,APPLE_KOBO_BN_NOOK_AMAZON_AND_OTHER_EBOOK_CHANNELS_REQUIRE_PROVIDER_CHANNEL_EXPORT,CORESOURCE_PRIMARY,AMAZON_OR_BN_DIRECT_STRATEGIC_EXCEPTION_ONLY,NO_DIRECT_DUPLICATE_PROVEN_FOR_UNIT,NO_CURRENT_EVIDENCE_ONLY,CATALOG_PLUS_CORESOURCE_CENSUS
Grandmothers Educating Minds,Toni Kleckley,grandmothers-educating-minds,grandmothers-educating-minds,Paperback,9781954414211,NO,,LSI_POD_WHOLESALE_GLOBAL_DISTRIBUTION_REQUIRES_PROVIDER_CHANNEL_EXPORT,PROVIDER_ROUTE_VISIBLE_OR_LEGACY_REQUIRED,PROVIDER_EXPORT_REQUIRED,PROVIDER_EXPORT_REQUIRED,PROVIDER_EXPORT_REQUIRED,PROVIDER_EXPORT_REQUIRED,PROVIDER_EXPORT_REQUIRED,PROVIDER_EXPORT_REQUIRED,PROVIDER_EXPORT_REQUIRED,LSI_OR_INGRAMSPARK_PRIMARY_LEGACY_VALID,LSI_POD_WHOLESALE_GLOBAL_DISTRIBUTION_REQUIRES_PROVIDER_CHANNEL_EXPORT,CORESOURCE_TO_LSI_PRIMARY,INGRAMSPARK_CONTINGENCY,NO_DIRECT_DUPLICATE_PROVEN_FOR_UNIT,YES_LATER_GOVERNED_NORMALIZATION_CANDIDATE,CATALOG_PLUS_CORESOURCE_CENSUS
"Grandmothers Educating Minds, 2nd Edition",M. Darlene Carson,grandmothers-educating-minds-2nd-edition,grandmothers-educating-minds-2nd-edition,eBook,9781954414204,YES,9781954414204,APPLE_KOBO_BN_NOOK_AMAZON_AND_OTHER_EBOOK_CHANNELS_REQUIRE_PROVIDER_CHANNEL_EXPORT,NOT_PRIMARY_FOR_FORMAT,PROVIDER_EXPORT_REQUIRED,PROVIDER_EXPORT_REQUIRED,PROVIDER_EXPORT_REQUIRED,PROVIDER_EXPORT_REQUIRED,PROVIDER_EXPORT_REQUIRED,PROVIDER_EXPORT_REQUIRED,PROVIDER_EXPORT_REQUIRED,CORESOURCE_PRIMARY,APPLE_KOBO_BN_NOOK_AMAZON_AND_OTHER_EBOOK_CHANNELS_REQUIRE_PROVIDER_CHANNEL_EXPORT,CORESOURCE_PRIMARY,AMAZON_OR_BN_DIRECT_STRATEGIC_EXCEPTION_ONLY,NO_DIRECT_DUPLICATE_PROVEN_FOR_UNIT,NO_CURRENT_EVIDENCE_ONLY,CATALOG_PLUS_CORESOURCE_CENSUS
Have You Considered My Servant?,Obadiah E. Harris,have-you-considered-my-servant,have-you-considered-my-servant,Paperback,9781961475311,NO,,LSI_POD_WHOLESALE_GLOBAL_DISTRIBUTION_REQUIRES_PROVIDER_CHANNEL_EXPORT,PROVIDER_ROUTE_VISIBLE_OR_LEGACY_REQUIRED,PROVIDER_EXPORT_REQUIRED,PROVIDER_EXPORT_REQUIRED,PROVIDER_EXPORT_REQUIRED,PROVIDER_EXPORT_REQUIRED,PROVIDER_EXPORT_REQUIRED,PROVIDER_EXPORT_REQUIRED,PROVIDER_EXPORT_REQUIRED,LSI_OR_INGRAMSPARK_PRIMARY_LEGACY_VALID,LSI_POD_WHOLESALE_GLOBAL_DISTRIBUTION_REQUIRES_PROVIDER_CHANNEL_EXPORT,CORESOURCE_TO_LSI_PRIMARY,INGRAMSPARK_CONTINGENCY,NO_DIRECT_DUPLICATE_PROVEN_FOR_UNIT,YES_LATER_GOVERNED_NORMALIZATION_CANDIDATE,CATALOG_PLUS_CORESOURCE_CENSUS
Have You Considered My Servant?,Obadiah E. Harris,have-you-considered-my-servant,have-you-considered-my-servant,eBook,9781961475328,YES,9781961475311,APPLE_KOBO_BN_NOOK_AMAZON_AND_OTHER_EBOOK_CHANNELS_REQUIRE_PROVIDER_CHANNEL_EXPORT,NOT_PRIMARY_FOR_FORMAT,PROVIDER_EXPORT_REQUIRED,PROVIDER_EXPORT_REQUIRED,PROVIDER_EXPORT_REQUIRED,PROVIDER_EXPORT_REQUIRED,PROVIDER_EXPORT_REQUIRED,PROVIDER_EXPORT_REQUIRED,PROVIDER_EXPORT_REQUIRED,CORESOURCE_PRIMARY,APPLE_KOBO_BN_NOOK_AMAZON_AND_OTHER_EBOOK_CHANNELS_REQUIRE_PROVIDER_CHANNEL_EXPORT,CORESOURCE_PRIMARY,AMAZON_OR_BN_DIRECT_STRATEGIC_EXCEPTION_ONLY,NO_DIRECT_DUPLICATE_PROVEN_FOR_UNIT,NO_CURRENT_EVIDENCE_ONLY,CATALOG_PLUS_CORESOURCE_CENSUS
"Help God, I Am - The Collection",Cheryl Travis,help-god-i-am-the-collection,help-god-i-am-the-collection,Paperback,9781954414358,NO,,LSI_POD_WHOLESALE_GLOBAL_DISTRIBUTION_REQUIRES_PROVIDER_CHANNEL_EXPORT,PROVIDER_ROUTE_VISIBLE_OR_LEGACY_REQUIRED,PROVIDER_EXPORT_REQUIRED,PROVIDER_EXPORT_REQUIRED,PROVIDER_EXPORT_REQUIRED,PROVIDER_EXPORT_REQUIRED,PROVIDER_EXPORT_REQUIRED,PROVIDER_EXPORT_REQUIRED,PROVIDER_EXPORT_REQUIRED,LSI_OR_INGRAMSPARK_PRIMARY_LEGACY_VALID,LSI_POD_WHOLESALE_GLOBAL_DISTRIBUTION_REQUIRES_PROVIDER_CHANNEL_EXPORT,CORESOURCE_TO_LSI_PRIMARY,INGRAMSPARK_CONTINGENCY,NO_DIRECT_DUPLICATE_PROVEN_FOR_UNIT,YES_LATER_GOVERNED_NORMALIZATION_CANDIDATE,CATALOG_PLUS_CORESOURCE_CENSUS
"Help God, I Am - The Collection",Cheryl Travis,help-god-i-am-the-collection,help-god-i-am-the-collection,eBook,9781954414341,YES,9781954414341,APPLE_KOBO_BN_NOOK_AMAZON_AND_OTHER_EBOOK_CHANNELS_REQUIRE_PROVIDER_CHANNEL_EXPORT,NOT_PRIMARY_FOR_FORMAT,PROVIDER_EXPORT_REQUIRED,PROVIDER_EXPORT_REQUIRED,PROVIDER_EXPORT_REQUIRED,PROVIDER_EXPORT_REQUIRED,PROVIDER_EXPORT_REQUIRED,PROVIDER_EXPORT_REQUIRED,PROVIDER_EXPORT_REQUIRED,CORESOURCE_PRIMARY,APPLE_KOBO_BN_NOOK_AMAZON_AND_OTHER_EBOOK_CHANNELS_REQUIRE_PROVIDER_CHANNEL_EXPORT,CORESOURCE_PRIMARY,AMAZON_OR_BN_DIRECT_STRATEGIC_EXCEPTION_ONLY,NO_DIRECT_DUPLICATE_PROVEN_FOR_UNIT,NO_CURRENT_EVIDENCE_ONLY,CATALOG_PLUS_CORESOURCE_CENSUS
"Help God, I Am Afraid",Cheryl Travis,help-god-i-am-afraid,help-god-i-am-afraid,Hardcover,9781950719167,NO,,LSI_POD_WHOLESALE_GLOBAL_DISTRIBUTION_REQUIRES_PROVIDER_CHANNEL_EXPORT,PROVIDER_ROUTE_VISIBLE_OR_LEGACY_REQUIRED,PROVIDER_EXPORT_REQUIRED,PROVIDER_EXPORT_REQUIRED,PROVIDER_EXPORT_REQUIRED,PROVIDER_EXPORT_REQUIRED,PROVIDER_EXPORT_REQUIRED,PROVIDER_EXPORT_REQUIRED,PROVIDER_EXPORT_REQUIRED,LSI_OR_INGRAMSPARK_PRIMARY_LEGACY_VALID,LSI_POD_WHOLESALE_GLOBAL_DISTRIBUTION_REQUIRES_PROVIDER_CHANNEL_EXPORT,CORESOURCE_TO_LSI_PRIMARY,INGRAMSPARK_CONTINGENCY,NO_DIRECT_DUPLICATE_PROVEN_FOR_UNIT,YES_LATER_GOVERNED_NORMALIZATION_CANDIDATE,CATALOG_PLUS_CORESOURCE_CENSUS
"Help God, I Am Afraid",Cheryl Travis,help-god-i-am-afraid,help-god-i-am-afraid,eBook,9781950719174,YES,9781950719167,APPLE_KOBO_BN_NOOK_AMAZON_AND_OTHER_EBOOK_CHANNELS_REQUIRE_PROVIDER_CHANNEL_EXPORT,NOT_PRIMARY_FOR_FORMAT,PROVIDER_EXPORT_REQUIRED,PROVIDER_EXPORT_REQUIRED,PROVIDER_EXPORT_REQUIRED,PROVIDER_EXPORT_REQUIRED,PROVIDER_EXPORT_REQUIRED,PROVIDER_EXPORT_REQUIRED,PROVIDER_EXPORT_REQUIRED,CORESOURCE_PRIMARY,APPLE_KOBO_BN_NOOK_AMAZON_AND_OTHER_EBOOK_CHANNELS_REQUIRE_PROVIDER_CHANNEL_EXPORT,CORESOURCE_PRIMARY,AMAZON_OR_BN_DIRECT_STRATEGIC_EXCEPTION_ONLY,NO_DIRECT_DUPLICATE_PROVEN_FOR_UNIT,NO_CURRENT_EVIDENCE_ONLY,CATALOG_PLUS_CORESOURCE_CENSUS
"Help God, I Am Angry",Cheryl Travis,help-god-i-am-angry,help-god-i-am-angry,Hardcover,9781950719242,NO,,LSI_POD_WHOLESALE_GLOBAL_DISTRIBUTION_REQUIRES_PROVIDER_CHANNEL_EXPORT,PROVIDER_ROUTE_VISIBLE_OR_LEGACY_REQUIRED,PROVIDER_EXPORT_REQUIRED,PROVIDER_EXPORT_REQUIRED,PROVIDER_EXPORT_REQUIRED,PROVIDER_EXPORT_REQUIRED,PROVIDER_EXPORT_REQUIRED,PROVIDER_EXPORT_REQUIRED,PROVIDER_EXPORT_REQUIRED,LSI_OR_INGRAMSPARK_PRIMARY_LEGACY_VALID,LSI_POD_WHOLESALE_GLOBAL_DISTRIBUTION_REQUIRES_PROVIDER_CHANNEL_EXPORT,CORESOURCE_TO_LSI_PRIMARY,INGRAMSPARK_CONTINGENCY,NO_DIRECT_DUPLICATE_PROVEN_FOR_UNIT,YES_LATER_GOVERNED_NORMALIZATION_CANDIDATE,CATALOG_PLUS_CORESOURCE_CENSUS
"Help God, I Am Angry",Cheryl Travis,help-god-i-am-angry,help-god-i-am-angry,eBook,9781950719259,YES,9781950719242,APPLE_KOBO_BN_NOOK_AMAZON_AND_OTHER_EBOOK_CHANNELS_REQUIRE_PROVIDER_CHANNEL_EXPORT,NOT_PRIMARY_FOR_FORMAT,PROVIDER_EXPORT_REQUIRED,PROVIDER_EXPORT_REQUIRED,PROVIDER_EXPORT_REQUIRED,PROVIDER_EXPORT_REQUIRED,PROVIDER_EXPORT_REQUIRED,PROVIDER_EXPORT_REQUIRED,PROVIDER_EXPORT_REQUIRED,CORESOURCE_PRIMARY,APPLE_KOBO_BN_NOOK_AMAZON_AND_OTHER_EBOOK_CHANNELS_REQUIRE_PROVIDER_CHANNEL_EXPORT,CORESOURCE_PRIMARY,AMAZON_OR_BN_DIRECT_STRATEGIC_EXCEPTION_ONLY,NO_DIRECT_DUPLICATE_PROVEN_FOR_UNIT,NO_CURRENT_EVIDENCE_ONLY,CATALOG_PLUS_CORESOURCE_CENSUS
"Help God, I Am Confused",Cheryl Travis,help-god-i-am-confused,help-god-i-am-confused,Hardcover,9781950719785,NO,,LSI_POD_WHOLESALE_GLOBAL_DISTRIBUTION_REQUIRES_PROVIDER_CHANNEL_EXPORT,PROVIDER_ROUTE_VISIBLE_OR_LEGACY_REQUIRED,PROVIDER_EXPORT_REQUIRED,PROVIDER_EXPORT_REQUIRED,PROVIDER_EXPORT_REQUIRED,PROVIDER_EXPORT_REQUIRED,PROVIDER_EXPORT_REQUIRED,PROVIDER_EXPORT_REQUIRED,PROVIDER_EXPORT_REQUIRED,LSI_OR_INGRAMSPARK_PRIMARY_LEGACY_VALID,LSI_POD_WHOLESALE_GLOBAL_DISTRIBUTION_REQUIRES_PROVIDER_CHANNEL_EXPORT,CORESOURCE_TO_LSI_PRIMARY,INGRAMSPARK_CONTINGENCY,NO_DIRECT_DUPLICATE_PROVEN_FOR_UNIT,YES_LATER_GOVERNED_NORMALIZATION_CANDIDATE,CATALOG_PLUS_CORESOURCE_CENSUS
"Help God, I Am Confused",Cheryl Travis,help-god-i-am-confused,help-god-i-am-confused,eBook,9781950719778,YES,9781950719778,APPLE_KOBO_BN_NOOK_AMAZON_AND_OTHER_EBOOK_CHANNELS_REQUIRE_PROVIDER_CHANNEL_EXPORT,NOT_PRIMARY_FOR_FORMAT,PROVIDER_EXPORT_REQUIRED,PROVIDER_EXPORT_REQUIRED,PROVIDER_EXPORT_REQUIRED,PROVIDER_EXPORT_REQUIRED,PROVIDER_EXPORT_REQUIRED,PROVIDER_EXPORT_REQUIRED,PROVIDER_EXPORT_REQUIRED,CORESOURCE_PRIMARY,APPLE_KOBO_BN_NOOK_AMAZON_AND_OTHER_EBOOK_CHANNELS_REQUIRE_PROVIDER_CHANNEL_EXPORT,CORESOURCE_PRIMARY,AMAZON_OR_BN_DIRECT_STRATEGIC_EXCEPTION_ONLY,NO_DIRECT_DUPLICATE_PROVEN_FOR_UNIT,NO_CURRENT_EVIDENCE_ONLY,CATALOG_PLUS_CORESOURCE_CENSUS
"Help God, I Am Hurt",Cheryl Travis,help-god-i-am-hurt,help-god-i-am-hurt,Hardcover,9781950719303,NO,,LSI_POD_WHOLESALE_GLOBAL_DISTRIBUTION_REQUIRES_PROVIDER_CHANNEL_EXPORT,PROVIDER_ROUTE_VISIBLE_OR_LEGACY_REQUIRED,PROVIDER_EXPORT_REQUIRED,PROVIDER_EXPORT_REQUIRED,PROVIDER_EXPORT_REQUIRED,PROVIDER_EXPORT_REQUIRED,PROVIDER_EXPORT_REQUIRED,PROVIDER_EXPORT_REQUIRED,PROVIDER_EXPORT_REQUIRED,LSI_OR_INGRAMSPARK_PRIMARY_LEGACY_VALID,LSI_POD_WHOLESALE_GLOBAL_DISTRIBUTION_REQUIRES_PROVIDER_CHANNEL_EXPORT,CORESOURCE_TO_LSI_PRIMARY,INGRAMSPARK_CONTINGENCY,NO_DIRECT_DUPLICATE_PROVEN_FOR_UNIT,YES_LATER_GOVERNED_NORMALIZATION_CANDIDATE,CATALOG_PLUS_CORESOURCE_CENSUS
"Help God, I Am Hurt",Cheryl Travis,help-god-i-am-hurt,help-god-i-am-hurt,eBook,9781950719310,YES,9781950719310,APPLE_KOBO_BN_NOOK_AMAZON_AND_OTHER_EBOOK_CHANNELS_REQUIRE_PROVIDER_CHANNEL_EXPORT,NOT_PRIMARY_FOR_FORMAT,PROVIDER_EXPORT_REQUIRED,PROVIDER_EXPORT_REQUIRED,PROVIDER_EXPORT_REQUIRED,PROVIDER_EXPORT_REQUIRED,PROVIDER_EXPORT_REQUIRED,PROVIDER_EXPORT_REQUIRED,PROVIDER_EXPORT_REQUIRED,CORESOURCE_PRIMARY,APPLE_KOBO_BN_NOOK_AMAZON_AND_OTHER_EBOOK_CHANNELS_REQUIRE_PROVIDER_CHANNEL_EXPORT,CORESOURCE_PRIMARY,AMAZON_OR_BN_DIRECT_STRATEGIC_EXCEPTION_ONLY,NO_DIRECT_DUPLICATE_PROVEN_FOR_UNIT,NO_CURRENT_EVIDENCE_ONLY,CATALOG_PLUS_CORESOURCE_CENSUS
"Help God, I Am Lonely",Cheryl Travis,help-god-i-am-lonely,help-god-i-am-lonely,Hardcover,9781950719822,NO,,LSI_POD_WHOLESALE_GLOBAL_DISTRIBUTION_REQUIRES_PROVIDER_CHANNEL_EXPORT,PROVIDER_ROUTE_VISIBLE_OR_LEGACY_REQUIRED,PROVIDER_EXPORT_REQUIRED,PROVIDER_EXPORT_REQUIRED,PROVIDER_EXPORT_REQUIRED,PROVIDER_EXPORT_REQUIRED,PROVIDER_EXPORT_REQUIRED,PROVIDER_EXPORT_REQUIRED,PROVIDER_EXPORT_REQUIRED,LSI_OR_INGRAMSPARK_PRIMARY_LEGACY_VALID,LSI_POD_WHOLESALE_GLOBAL_DISTRIBUTION_REQUIRES_PROVIDER_CHANNEL_EXPORT,CORESOURCE_TO_LSI_PRIMARY,INGRAMSPARK_CONTINGENCY,NO_DIRECT_DUPLICATE_PROVEN_FOR_UNIT,YES_LATER_GOVERNED_NORMALIZATION_CANDIDATE,CATALOG_PLUS_CORESOURCE_CENSUS
"Help God, I Am Lonely",Cheryl Travis,help-god-i-am-lonely,help-god-i-am-lonely,eBook,9781950719815,YES,9781950719815,APPLE_KOBO_BN_NOOK_AMAZON_AND_OTHER_EBOOK_CHANNELS_REQUIRE_PROVIDER_CHANNEL_EXPORT,NOT_PRIMARY_FOR_FORMAT,PROVIDER_EXPORT_REQUIRED,PROVIDER_EXPORT_REQUIRED,PROVIDER_EXPORT_REQUIRED,PROVIDER_EXPORT_REQUIRED,PROVIDER_EXPORT_REQUIRED,PROVIDER_EXPORT_REQUIRED,PROVIDER_EXPORT_REQUIRED,CORESOURCE_PRIMARY,APPLE_KOBO_BN_NOOK_AMAZON_AND_OTHER_EBOOK_CHANNELS_REQUIRE_PROVIDER_CHANNEL_EXPORT,CORESOURCE_PRIMARY,AMAZON_OR_BN_DIRECT_STRATEGIC_EXCEPTION_ONLY,NO_DIRECT_DUPLICATE_PROVEN_FOR_UNIT,NO_CURRENT_EVIDENCE_ONLY,CATALOG_PLUS_CORESOURCE_CENSUS
"Help God, I Am Lost",Cheryl Travis,help-god-i-am-lost,help-god-i-am-lost,Hardcover,9781950719709,NO,,LSI_POD_WHOLESALE_GLOBAL_DISTRIBUTION_REQUIRES_PROVIDER_CHANNEL_EXPORT,PROVIDER_ROUTE_VISIBLE_OR_LEGACY_REQUIRED,PROVIDER_EXPORT_REQUIRED,PROVIDER_EXPORT_REQUIRED,PROVIDER_EXPORT_REQUIRED,PROVIDER_EXPORT_REQUIRED,PROVIDER_EXPORT_REQUIRED,PROVIDER_EXPORT_REQUIRED,PROVIDER_EXPORT_REQUIRED,LSI_OR_INGRAMSPARK_PRIMARY_LEGACY_VALID,LSI_POD_WHOLESALE_GLOBAL_DISTRIBUTION_REQUIRES_PROVIDER_CHANNEL_EXPORT,CORESOURCE_TO_LSI_PRIMARY,INGRAMSPARK_CONTINGENCY,NO_DIRECT_DUPLICATE_PROVEN_FOR_UNIT,YES_LATER_GOVERNED_NORMALIZATION_CANDIDATE,CATALOG_PLUS_CORESOURCE_CENSUS
"Help God, I Am Lost",Cheryl Travis,help-god-i-am-lost,help-god-i-am-lost,eBook,9781950719693,YES,9781950719693,APPLE_KOBO_BN_NOOK_AMAZON_AND_OTHER_EBOOK_CHANNELS_REQUIRE_PROVIDER_CHANNEL_EXPORT,NOT_PRIMARY_FOR_FORMAT,PROVIDER_EXPORT_REQUIRED,PROVIDER_EXPORT_REQUIRED,PROVIDER_EXPORT_REQUIRED,PROVIDER_EXPORT_REQUIRED,PROVIDER_EXPORT_REQUIRED,PROVIDER_EXPORT_REQUIRED,PROVIDER_EXPORT_REQUIRED,CORESOURCE_PRIMARY,APPLE_KOBO_BN_NOOK_AMAZON_AND_OTHER_EBOOK_CHANNELS_REQUIRE_PROVIDER_CHANNEL_EXPORT,CORESOURCE_PRIMARY,AMAZON_OR_BN_DIRECT_STRATEGIC_EXCEPTION_ONLY,NO_DIRECT_DUPLICATE_PROVEN_FOR_UNIT,NO_CURRENT_EVIDENCE_ONLY,CATALOG_PLUS_CORESOURCE_CENSUS
"Help God, I Am Sad",Cheryl Travis,help-god-i-am-sad,help-god-i-am-sad,Hardcover,9781950719761,NO,,LSI_POD_WHOLESALE_GLOBAL_DISTRIBUTION_REQUIRES_PROVIDER_CHANNEL_EXPORT,PROVIDER_ROUTE_VISIBLE_OR_LEGACY_REQUIRED,PROVIDER_EXPORT_REQUIRED,PROVIDER_EXPORT_REQUIRED,PROVIDER_EXPORT_REQUIRED,PROVIDER_EXPORT_REQUIRED,PROVIDER_EXPORT_REQUIRED,PROVIDER_EXPORT_REQUIRED,PROVIDER_EXPORT_REQUIRED,LSI_OR_INGRAMSPARK_PRIMARY_LEGACY_VALID,LSI_POD_WHOLESALE_GLOBAL_DISTRIBUTION_REQUIRES_PROVIDER_CHANNEL_EXPORT,CORESOURCE_TO_LSI_PRIMARY,INGRAMSPARK_CONTINGENCY,NO_DIRECT_DUPLICATE_PROVEN_FOR_UNIT,YES_LATER_GOVERNED_NORMALIZATION_CANDIDATE,CATALOG_PLUS_CORESOURCE_CENSUS
"Help God, I Am Sad",Cheryl Travis,help-god-i-am-sad,help-god-i-am-sad,eBook,9781950719754,YES,9781950719754,APPLE_KOBO_BN_NOOK_AMAZON_AND_OTHER_EBOOK_CHANNELS_REQUIRE_PROVIDER_CHANNEL_EXPORT,NOT_PRIMARY_FOR_FORMAT,PROVIDER_EXPORT_REQUIRED,PROVIDER_EXPORT_REQUIRED,PROVIDER_EXPORT_REQUIRED,PROVIDER_EXPORT_REQUIRED,PROVIDER_EXPORT_REQUIRED,PROVIDER_EXPORT_REQUIRED,PROVIDER_EXPORT_REQUIRED,CORESOURCE_PRIMARY,APPLE_KOBO_BN_NOOK_AMAZON_AND_OTHER_EBOOK_CHANNELS_REQUIRE_PROVIDER_CHANNEL_EXPORT,CORESOURCE_PRIMARY,AMAZON_OR_BN_DIRECT_STRATEGIC_EXCEPTION_ONLY,NO_DIRECT_DUPLICATE_PROVEN_FOR_UNIT,NO_CURRENT_EVIDENCE_ONLY,CATALOG_PLUS_CORESOURCE_CENSUS
Hodge Podge of Life,Mildred Beard,hodge-podge-of-life,hodge-podge-of-life,Paperback,9781954414938,NO,,LSI_POD_WHOLESALE_GLOBAL_DISTRIBUTION_REQUIRES_PROVIDER_CHANNEL_EXPORT,PROVIDER_ROUTE_VISIBLE_OR_LEGACY_REQUIRED,PROVIDER_EXPORT_REQUIRED,PROVIDER_EXPORT_REQUIRED,PROVIDER_EXPORT_REQUIRED,YES_VISIBLE_OR_LIKELY_FROM_KDP_SNAPSHOT,VISIBLE_IN_KDP_SNAPSHOT_FOR_MATCHING_TITLE_OR_ISBN,PROVIDER_EXPORT_REQUIRED,PROVIDER_EXPORT_REQUIRED,LSI_OR_INGRAMSPARK_PRIMARY_LEGACY_VALID,LSI_POD_WHOLESALE_GLOBAL_DISTRIBUTION_REQUIRES_PROVIDER_CHANNEL_EXPORT,CORESOURCE_TO_LSI_PRIMARY,INGRAMSPARK_CONTINGENCY,AMAZON_DIRECT_RECORD_VISIBLE_OR_LIKELY_FROM_KDP_SNAPSHOT_REQUIRES_TITLE_BY_TITLE_NORMALIZATION,YES_LATER_GOVERNED_NORMALIZATION_CANDIDATE,CATALOG_PLUS_CORESOURCE_CENSUS;KDP_SNAPSHOT
Hodge Podge of Life,Mildred Beard,hodge-podge-of-life,hodge-podge-of-life,eBook,9781954414945,YES,9781954414945,APPLE_KOBO_BN_NOOK_AMAZON_AND_OTHER_EBOOK_CHANNELS_REQUIRE_PROVIDER_CHANNEL_EXPORT,NOT_PRIMARY_FOR_FORMAT,PROVIDER_EXPORT_REQUIRED,PROVIDER_EXPORT_REQUIRED,PROVIDER_EXPORT_REQUIRED,YES_VISIBLE_OR_LIKELY_FROM_KDP_SNAPSHOT,VISIBLE_IN_KDP_SNAPSHOT_FOR_MATCHING_TITLE_OR_ISBN,PROVIDER_EXPORT_REQUIRED,PROVIDER_EXPORT_REQUIRED,CORESOURCE_PRIMARY,APPLE_KOBO_BN_NOOK_AMAZON_AND_OTHER_EBOOK_CHANNELS_REQUIRE_PROVIDER_CHANNEL_EXPORT,CORESOURCE_PRIMARY,AMAZON_OR_BN_DIRECT_STRATEGIC_EXCEPTION_ONLY,AMAZON_DIRECT_RECORD_VISIBLE_OR_LIKELY_FROM_KDP_SNAPSHOT_REQUIRES_TITLE_BY_TITLE_NORMALIZATION,YES_LATER_GOVERNED_NORMALIZATION_CANDIDATE,CATALOG_PLUS_CORESOURCE_CENSUS;KDP_SNAPSHOT
"Hop, Hop, Hop",TJ Mars,hop-hop-hop,hop-hop-hop,Paperback,9781954414105,NO,,LSI_POD_WHOLESALE_GLOBAL_DISTRIBUTION_REQUIRES_PROVIDER_CHANNEL_EXPORT,PROVIDER_ROUTE_VISIBLE_OR_LEGACY_REQUIRED,PROVIDER_EXPORT_REQUIRED,PROVIDER_EXPORT_REQUIRED,PROVIDER_EXPORT_REQUIRED,PROVIDER_EXPORT_REQUIRED,PROVIDER_EXPORT_REQUIRED,PROVIDER_EXPORT_REQUIRED,PROVIDER_EXPORT_REQUIRED,LSI_OR_INGRAMSPARK_PRIMARY_LEGACY_VALID,LSI_POD_WHOLESALE_GLOBAL_DISTRIBUTION_REQUIRES_PROVIDER_CHANNEL_EXPORT,CORESOURCE_TO_LSI_PRIMARY,INGRAMSPARK_CONTINGENCY,NO_DIRECT_DUPLICATE_PROVEN_FOR_UNIT,YES_LATER_GOVERNED_NORMALIZATION_CANDIDATE,CATALOG_PLUS_CORESOURCE_CENSUS
"Hop, Hop, Hop",TJ Mars,hop-hop-hop,hop-hop-hop,eBook,9781954414099,YES,9781954414099,APPLE_KOBO_BN_NOOK_AMAZON_AND_OTHER_EBOOK_CHANNELS_REQUIRE_PROVIDER_CHANNEL_EXPORT,NOT_PRIMARY_FOR_FORMAT,PROVIDER_EXPORT_REQUIRED,PROVIDER_EXPORT_REQUIRED,PROVIDER_EXPORT_REQUIRED,PROVIDER_EXPORT_REQUIRED,PROVIDER_EXPORT_REQUIRED,PROVIDER_EXPORT_REQUIRED,PROVIDER_EXPORT_REQUIRED,CORESOURCE_PRIMARY,APPLE_KOBO_BN_NOOK_AMAZON_AND_OTHER_EBOOK_CHANNELS_REQUIRE_PROVIDER_CHANNEL_EXPORT,CORESOURCE_PRIMARY,AMAZON_OR_BN_DIRECT_STRATEGIC_EXCEPTION_ONLY,NO_DIRECT_DUPLICATE_PROVEN_FOR_UNIT,NO_CURRENT_EVIDENCE_ONLY,CATALOG_PLUS_CORESOURCE_CENSUS
I Am My Worst Enemy!,Maurché Reed,i-am-my-worst-enemy,i-am-my-worst-enemy,Paperback,9781950719549,NO,,LSI_POD_WHOLESALE_GLOBAL_DISTRIBUTION_REQUIRES_PROVIDER_CHANNEL_EXPORT,PROVIDER_ROUTE_VISIBLE_OR_LEGACY_REQUIRED,PROVIDER_EXPORT_REQUIRED,PROVIDER_EXPORT_REQUIRED,PROVIDER_EXPORT_REQUIRED,YES_VISIBLE_OR_LIKELY_FROM_KDP_SNAPSHOT,VISIBLE_IN_KDP_SNAPSHOT_FOR_MATCHING_TITLE_OR_ISBN,PROVIDER_EXPORT_REQUIRED,PROVIDER_EXPORT_REQUIRED,LSI_OR_INGRAMSPARK_PRIMARY_LEGACY_VALID,LSI_POD_WHOLESALE_GLOBAL_DISTRIBUTION_REQUIRES_PROVIDER_CHANNEL_EXPORT,CORESOURCE_TO_LSI_PRIMARY,INGRAMSPARK_CONTINGENCY,AMAZON_DIRECT_RECORD_VISIBLE_OR_LIKELY_FROM_KDP_SNAPSHOT_REQUIRES_TITLE_BY_TITLE_NORMALIZATION,YES_LATER_GOVERNED_NORMALIZATION_CANDIDATE,CATALOG_PLUS_CORESOURCE_CENSUS;KDP_SNAPSHOT
I Am My Worst Enemy!,Maurché Reed,i-am-my-worst-enemy,i-am-my-worst-enemy,eBook,9781950719532,YES,9781950719549,APPLE_KOBO_BN_NOOK_AMAZON_AND_OTHER_EBOOK_CHANNELS_REQUIRE_PROVIDER_CHANNEL_EXPORT,NOT_PRIMARY_FOR_FORMAT,PROVIDER_EXPORT_REQUIRED,PROVIDER_EXPORT_REQUIRED,PROVIDER_EXPORT_REQUIRED,YES_VISIBLE_OR_LIKELY_FROM_KDP_SNAPSHOT,VISIBLE_IN_KDP_SNAPSHOT_FOR_MATCHING_TITLE_OR_ISBN,PROVIDER_EXPORT_REQUIRED,PROVIDER_EXPORT_REQUIRED,CORESOURCE_PRIMARY,APPLE_KOBO_BN_NOOK_AMAZON_AND_OTHER_EBOOK_CHANNELS_REQUIRE_PROVIDER_CHANNEL_EXPORT,CORESOURCE_PRIMARY,AMAZON_OR_BN_DIRECT_STRATEGIC_EXCEPTION_ONLY,AMAZON_DIRECT_RECORD_VISIBLE_OR_LIKELY_FROM_KDP_SNAPSHOT_REQUIRES_TITLE_BY_TITLE_NORMALIZATION,YES_LATER_GOVERNED_NORMALIZATION_CANDIDATE,CATALOG_PLUS_CORESOURCE_CENSUS;KDP_SNAPSHOT
Inner Peace Through Life's Storms,Rosetta Perry,inner-peace-through-life-s-storms,inner-peace-through-life-s-storms,Paperback,9781961475496,NO,,LSI_POD_WHOLESALE_GLOBAL_DISTRIBUTION_REQUIRES_PROVIDER_CHANNEL_EXPORT,PROVIDER_ROUTE_VISIBLE_OR_LEGACY_REQUIRED,PROVIDER_EXPORT_REQUIRED,PROVIDER_EXPORT_REQUIRED,PROVIDER_EXPORT_REQUIRED,PROVIDER_EXPORT_REQUIRED,PROVIDER_EXPORT_REQUIRED,PROVIDER_EXPORT_REQUIRED,PROVIDER_EXPORT_REQUIRED,LSI_OR_INGRAMSPARK_PRIMARY_LEGACY_VALID,LSI_POD_WHOLESALE_GLOBAL_DISTRIBUTION_REQUIRES_PROVIDER_CHANNEL_EXPORT,CORESOURCE_TO_LSI_PRIMARY,INGRAMSPARK_CONTINGENCY,NO_DIRECT_DUPLICATE_PROVEN_FOR_UNIT,YES_LATER_GOVERNED_NORMALIZATION_CANDIDATE,CATALOG_PLUS_CORESOURCE_CENSUS
Inner Peace Through Life's Storms,Rosetta Perry,inner-peace-through-life-s-storms,inner-peace-through-life-s-storms,eBook,9781961475502,NO,,APPLE_KOBO_BN_NOOK_AMAZON_AND_OTHER_EBOOK_CHANNELS_REQUIRE_PROVIDER_CHANNEL_EXPORT,NOT_PRIMARY_FOR_FORMAT,PROVIDER_EXPORT_REQUIRED,PROVIDER_EXPORT_REQUIRED,PROVIDER_EXPORT_REQUIRED,PROVIDER_EXPORT_REQUIRED,PROVIDER_EXPORT_REQUIRED,PROVIDER_EXPORT_REQUIRED,PROVIDER_EXPORT_REQUIRED,PROVIDER_READBACK_REQUIRED,APPLE_KOBO_BN_NOOK_AMAZON_AND_OTHER_EBOOK_CHANNELS_REQUIRE_PROVIDER_CHANNEL_EXPORT,CORESOURCE_PRIMARY,AMAZON_OR_BN_DIRECT_STRATEGIC_EXCEPTION_ONLY,NO_DIRECT_DUPLICATE_PROVEN_FOR_UNIT,NO_CURRENT_EVIDENCE_ONLY,CATALOG_PLUS_CORESOURCE_CENSUS
Inspirations from God,Edith Clay,inspirations-from-god,inspirations-from-god,Paperback,9781950719808,NO,,LSI_POD_WHOLESALE_GLOBAL_DISTRIBUTION_REQUIRES_PROVIDER_CHANNEL_EXPORT,PROVIDER_ROUTE_VISIBLE_OR_LEGACY_REQUIRED,PROVIDER_EXPORT_REQUIRED,PROVIDER_EXPORT_REQUIRED,PROVIDER_EXPORT_REQUIRED,PROVIDER_EXPORT_REQUIRED,PROVIDER_EXPORT_REQUIRED,PROVIDER_EXPORT_REQUIRED,PROVIDER_EXPORT_REQUIRED,LSI_OR_INGRAMSPARK_PRIMARY_LEGACY_VALID,LSI_POD_WHOLESALE_GLOBAL_DISTRIBUTION_REQUIRES_PROVIDER_CHANNEL_EXPORT,CORESOURCE_TO_LSI_PRIMARY,INGRAMSPARK_CONTINGENCY,NO_DIRECT_DUPLICATE_PROVEN_FOR_UNIT,YES_LATER_GOVERNED_NORMALIZATION_CANDIDATE,CATALOG_PLUS_CORESOURCE_CENSUS
Inspirations from God,Edith Clay,inspirations-from-god,inspirations-from-god,eBook,9781950719792,YES,9781950719792,APPLE_KOBO_BN_NOOK_AMAZON_AND_OTHER_EBOOK_CHANNELS_REQUIRE_PROVIDER_CHANNEL_EXPORT,NOT_PRIMARY_FOR_FORMAT,PROVIDER_EXPORT_REQUIRED,PROVIDER_EXPORT_REQUIRED,PROVIDER_EXPORT_REQUIRED,PROVIDER_EXPORT_REQUIRED,PROVIDER_EXPORT_REQUIRED,PROVIDER_EXPORT_REQUIRED,PROVIDER_EXPORT_REQUIRED,CORESOURCE_PRIMARY,APPLE_KOBO_BN_NOOK_AMAZON_AND_OTHER_EBOOK_CHANNELS_REQUIRE_PROVIDER_CHANNEL_EXPORT,CORESOURCE_PRIMARY,AMAZON_OR_BN_DIRECT_STRATEGIC_EXCEPTION_ONLY,NO_DIRECT_DUPLICATE_PROVEN_FOR_UNIT,NO_CURRENT_EVIDENCE_ONLY,CATALOG_PLUS_CORESOURCE_CENSUS
Jalen Becomes a Big Brother,Deborah Eiland,jalen-becomes-a-big-brother,jalen-becomes-a-big-brother,Paperback,9781961475403,NO,,LSI_POD_WHOLESALE_GLOBAL_DISTRIBUTION_REQUIRES_PROVIDER_CHANNEL_EXPORT,PROVIDER_ROUTE_VISIBLE_OR_LEGACY_REQUIRED,PROVIDER_EXPORT_REQUIRED,PROVIDER_EXPORT_REQUIRED,PROVIDER_EXPORT_REQUIRED,PROVIDER_EXPORT_REQUIRED,PROVIDER_EXPORT_REQUIRED,PROVIDER_EXPORT_REQUIRED,PROVIDER_EXPORT_REQUIRED,LSI_OR_INGRAMSPARK_PRIMARY_LEGACY_VALID,LSI_POD_WHOLESALE_GLOBAL_DISTRIBUTION_REQUIRES_PROVIDER_CHANNEL_EXPORT,CORESOURCE_TO_LSI_PRIMARY,INGRAMSPARK_CONTINGENCY,NO_DIRECT_DUPLICATE_PROVEN_FOR_UNIT,YES_LATER_GOVERNED_NORMALIZATION_CANDIDATE,CATALOG_PLUS_CORESOURCE_CENSUS
Jalen Becomes a Big Brother,Deborah Eiland,jalen-becomes-a-big-brother,jalen-becomes-a-big-brother,Hardcover,9781961475410,NO,,LSI_POD_WHOLESALE_GLOBAL_DISTRIBUTION_REQUIRES_PROVIDER_CHANNEL_EXPORT,PROVIDER_ROUTE_VISIBLE_OR_LEGACY_REQUIRED,PROVIDER_EXPORT_REQUIRED,PROVIDER_EXPORT_REQUIRED,PROVIDER_EXPORT_REQUIRED,PROVIDER_EXPORT_REQUIRED,PROVIDER_EXPORT_REQUIRED,PROVIDER_EXPORT_REQUIRED,PROVIDER_EXPORT_REQUIRED,LSI_OR_INGRAMSPARK_PRIMARY_LEGACY_VALID,LSI_POD_WHOLESALE_GLOBAL_DISTRIBUTION_REQUIRES_PROVIDER_CHANNEL_EXPORT,CORESOURCE_TO_LSI_PRIMARY,INGRAMSPARK_CONTINGENCY,NO_DIRECT_DUPLICATE_PROVEN_FOR_UNIT,YES_LATER_GOVERNED_NORMALIZATION_CANDIDATE,CATALOG_PLUS_CORESOURCE_CENSUS
Jalen Becomes a Big Brother,Deborah Eiland,jalen-becomes-a-big-brother,jalen-becomes-a-big-brother,eBook,9781961475427,YES,9781961475403,APPLE_KOBO_BN_NOOK_AMAZON_AND_OTHER_EBOOK_CHANNELS_REQUIRE_PROVIDER_CHANNEL_EXPORT,NOT_PRIMARY_FOR_FORMAT,PROVIDER_EXPORT_REQUIRED,PROVIDER_EXPORT_REQUIRED,PROVIDER_EXPORT_REQUIRED,PROVIDER_EXPORT_REQUIRED,PROVIDER_EXPORT_REQUIRED,PROVIDER_EXPORT_REQUIRED,PROVIDER_EXPORT_REQUIRED,CORESOURCE_PRIMARY,APPLE_KOBO_BN_NOOK_AMAZON_AND_OTHER_EBOOK_CHANNELS_REQUIRE_PROVIDER_CHANNEL_EXPORT,CORESOURCE_PRIMARY,AMAZON_OR_BN_DIRECT_STRATEGIC_EXCEPTION_ONLY,NO_DIRECT_DUPLICATE_PROVEN_FOR_UNIT,NO_CURRENT_EVIDENCE_ONLY,CATALOG_PLUS_CORESOURCE_CENSUS
Jewels by Lady J,Janet Stephens,jewels-by-lady-j,jewels-by-lady-j,Paperback,9781950719280,NO,,LSI_POD_WHOLESALE_GLOBAL_DISTRIBUTION_REQUIRES_PROVIDER_CHANNEL_EXPORT,PROVIDER_ROUTE_VISIBLE_OR_LEGACY_REQUIRED,PROVIDER_EXPORT_REQUIRED,PROVIDER_EXPORT_REQUIRED,PROVIDER_EXPORT_REQUIRED,PROVIDER_EXPORT_REQUIRED,PROVIDER_EXPORT_REQUIRED,PROVIDER_EXPORT_REQUIRED,PROVIDER_EXPORT_REQUIRED,LSI_OR_INGRAMSPARK_PRIMARY_LEGACY_VALID,LSI_POD_WHOLESALE_GLOBAL_DISTRIBUTION_REQUIRES_PROVIDER_CHANNEL_EXPORT,CORESOURCE_TO_LSI_PRIMARY,INGRAMSPARK_CONTINGENCY,NO_DIRECT_DUPLICATE_PROVEN_FOR_UNIT,YES_LATER_GOVERNED_NORMALIZATION_CANDIDATE,CATALOG_PLUS_CORESOURCE_CENSUS
Jewels by Lady J,Janet Stephens,jewels-by-lady-j,jewels-by-lady-j,Hardcover,9781950719297,NO,,LSI_POD_WHOLESALE_GLOBAL_DISTRIBUTION_REQUIRES_PROVIDER_CHANNEL_EXPORT,PROVIDER_ROUTE_VISIBLE_OR_LEGACY_REQUIRED,PROVIDER_EXPORT_REQUIRED,PROVIDER_EXPORT_REQUIRED,PROVIDER_EXPORT_REQUIRED,PROVIDER_EXPORT_REQUIRED,PROVIDER_EXPORT_REQUIRED,PROVIDER_EXPORT_REQUIRED,PROVIDER_EXPORT_REQUIRED,LSI_OR_INGRAMSPARK_PRIMARY_LEGACY_VALID,LSI_POD_WHOLESALE_GLOBAL_DISTRIBUTION_REQUIRES_PROVIDER_CHANNEL_EXPORT,CORESOURCE_TO_LSI_PRIMARY,INGRAMSPARK_CONTINGENCY,NO_DIRECT_DUPLICATE_PROVEN_FOR_UNIT,YES_LATER_GOVERNED_NORMALIZATION_CANDIDATE,CATALOG_PLUS_CORESOURCE_CENSUS
Jewels by Lady J,Janet Stephens,jewels-by-lady-j,jewels-by-lady-j,eBook,9781950719273,YES,9781950719280,APPLE_KOBO_BN_NOOK_AMAZON_AND_OTHER_EBOOK_CHANNELS_REQUIRE_PROVIDER_CHANNEL_EXPORT,NOT_PRIMARY_FOR_FORMAT,PROVIDER_EXPORT_REQUIRED,PROVIDER_EXPORT_REQUIRED,PROVIDER_EXPORT_REQUIRED,PROVIDER_EXPORT_REQUIRED,PROVIDER_EXPORT_REQUIRED,PROVIDER_EXPORT_REQUIRED,PROVIDER_EXPORT_REQUIRED,CORESOURCE_PRIMARY,APPLE_KOBO_BN_NOOK_AMAZON_AND_OTHER_EBOOK_CHANNELS_REQUIRE_PROVIDER_CHANNEL_EXPORT,CORESOURCE_PRIMARY,AMAZON_OR_BN_DIRECT_STRATEGIC_EXCEPTION_ONLY,NO_DIRECT_DUPLICATE_PROVEN_FOR_UNIT,NO_CURRENT_EVIDENCE_ONLY,CATALOG_PLUS_CORESOURCE_CENSUS
Just What I Needed,Gloria Patterson,just-what-i-needed,just-what-i-needed,Paperback,9781950719860,NO,,LSI_POD_WHOLESALE_GLOBAL_DISTRIBUTION_REQUIRES_PROVIDER_CHANNEL_EXPORT,PROVIDER_ROUTE_VISIBLE_OR_LEGACY_REQUIRED,PROVIDER_EXPORT_REQUIRED,PROVIDER_EXPORT_REQUIRED,PROVIDER_EXPORT_REQUIRED,PROVIDER_EXPORT_REQUIRED,PROVIDER_EXPORT_REQUIRED,PROVIDER_EXPORT_REQUIRED,PROVIDER_EXPORT_REQUIRED,LSI_OR_INGRAMSPARK_PRIMARY_LEGACY_VALID,LSI_POD_WHOLESALE_GLOBAL_DISTRIBUTION_REQUIRES_PROVIDER_CHANNEL_EXPORT,CORESOURCE_TO_LSI_PRIMARY,INGRAMSPARK_CONTINGENCY,NO_DIRECT_DUPLICATE_PROVEN_FOR_UNIT,YES_LATER_GOVERNED_NORMALIZATION_CANDIDATE,CATALOG_PLUS_CORESOURCE_CENSUS
Just What I Needed,Gloria Patterson,just-what-i-needed,just-what-i-needed,eBook,9781950719853,YES,9781950719853,APPLE_KOBO_BN_NOOK_AMAZON_AND_OTHER_EBOOK_CHANNELS_REQUIRE_PROVIDER_CHANNEL_EXPORT,NOT_PRIMARY_FOR_FORMAT,PROVIDER_EXPORT_REQUIRED,PROVIDER_EXPORT_REQUIRED,PROVIDER_EXPORT_REQUIRED,PROVIDER_EXPORT_REQUIRED,PROVIDER_EXPORT_REQUIRED,PROVIDER_EXPORT_REQUIRED,PROVIDER_EXPORT_REQUIRED,CORESOURCE_PRIMARY,APPLE_KOBO_BN_NOOK_AMAZON_AND_OTHER_EBOOK_CHANNELS_REQUIRE_PROVIDER_CHANNEL_EXPORT,CORESOURCE_PRIMARY,AMAZON_OR_BN_DIRECT_STRATEGIC_EXCEPTION_ONLY,NO_DIRECT_DUPLICATE_PROVEN_FOR_UNIT,NO_CURRENT_EVIDENCE_ONLY,CATALOG_PLUS_CORESOURCE_CENSUS
Kingdom Equipment 101,Terry Stephens,kingdom-equipment-101,kingdom-equipment-101,Paperback,9781954414778,NO,,LSI_POD_WHOLESALE_GLOBAL_DISTRIBUTION_REQUIRES_PROVIDER_CHANNEL_EXPORT,PROVIDER_ROUTE_VISIBLE_OR_LEGACY_REQUIRED,PROVIDER_EXPORT_REQUIRED,PROVIDER_EXPORT_REQUIRED,PROVIDER_EXPORT_REQUIRED,PROVIDER_EXPORT_REQUIRED,PROVIDER_EXPORT_REQUIRED,PROVIDER_EXPORT_REQUIRED,PROVIDER_EXPORT_REQUIRED,LSI_OR_INGRAMSPARK_PRIMARY_LEGACY_VALID,LSI_POD_WHOLESALE_GLOBAL_DISTRIBUTION_REQUIRES_PROVIDER_CHANNEL_EXPORT,CORESOURCE_TO_LSI_PRIMARY,INGRAMSPARK_CONTINGENCY,NO_DIRECT_DUPLICATE_PROVEN_FOR_UNIT,YES_LATER_GOVERNED_NORMALIZATION_CANDIDATE,CATALOG_PLUS_CORESOURCE_CENSUS
Kingdom Equipment 101,Terry Stephens,kingdom-equipment-101,kingdom-equipment-101,eBook,9781954414761,YES,9781954414761,APPLE_KOBO_BN_NOOK_AMAZON_AND_OTHER_EBOOK_CHANNELS_REQUIRE_PROVIDER_CHANNEL_EXPORT,NOT_PRIMARY_FOR_FORMAT,PROVIDER_EXPORT_REQUIRED,PROVIDER_EXPORT_REQUIRED,PROVIDER_EXPORT_REQUIRED,PROVIDER_EXPORT_REQUIRED,PROVIDER_EXPORT_REQUIRED,PROVIDER_EXPORT_REQUIRED,PROVIDER_EXPORT_REQUIRED,CORESOURCE_PRIMARY,APPLE_KOBO_BN_NOOK_AMAZON_AND_OTHER_EBOOK_CHANNELS_REQUIRE_PROVIDER_CHANNEL_EXPORT,CORESOURCE_PRIMARY,AMAZON_OR_BN_DIRECT_STRATEGIC_EXCEPTION_ONLY,NO_DIRECT_DUPLICATE_PROVEN_FOR_UNIT,NO_CURRENT_EVIDENCE_ONLY,CATALOG_PLUS_CORESOURCE_CENSUS
Lady Daphanny's Altar,Daphanny Baker,lady-daphanny-s-altar,lady-daphanny-s-altar,Paperback,9781961475090,NO,,LSI_POD_WHOLESALE_GLOBAL_DISTRIBUTION_REQUIRES_PROVIDER_CHANNEL_EXPORT,PROVIDER_ROUTE_VISIBLE_OR_LEGACY_REQUIRED,PROVIDER_EXPORT_REQUIRED,PROVIDER_EXPORT_REQUIRED,PROVIDER_EXPORT_REQUIRED,PROVIDER_EXPORT_REQUIRED,PROVIDER_EXPORT_REQUIRED,PROVIDER_EXPORT_REQUIRED,PROVIDER_EXPORT_REQUIRED,LSI_OR_INGRAMSPARK_PRIMARY_LEGACY_VALID,LSI_POD_WHOLESALE_GLOBAL_DISTRIBUTION_REQUIRES_PROVIDER_CHANNEL_EXPORT,CORESOURCE_TO_LSI_PRIMARY,INGRAMSPARK_CONTINGENCY,NO_DIRECT_DUPLICATE_PROVEN_FOR_UNIT,YES_LATER_GOVERNED_NORMALIZATION_CANDIDATE,CATALOG_PLUS_CORESOURCE_CENSUS
Lady Daphanny's Altar,Daphanny Baker,lady-daphanny-s-altar,lady-daphanny-s-altar,eBook,9781961475106,YES,9781961475090,APPLE_KOBO_BN_NOOK_AMAZON_AND_OTHER_EBOOK_CHANNELS_REQUIRE_PROVIDER_CHANNEL_EXPORT,NOT_PRIMARY_FOR_FORMAT,PROVIDER_EXPORT_REQUIRED,PROVIDER_EXPORT_REQUIRED,PROVIDER_EXPORT_REQUIRED,PROVIDER_EXPORT_REQUIRED,PROVIDER_EXPORT_REQUIRED,PROVIDER_EXPORT_REQUIRED,PROVIDER_EXPORT_REQUIRED,CORESOURCE_PRIMARY,APPLE_KOBO_BN_NOOK_AMAZON_AND_OTHER_EBOOK_CHANNELS_REQUIRE_PROVIDER_CHANNEL_EXPORT,CORESOURCE_PRIMARY,AMAZON_OR_BN_DIRECT_STRATEGIC_EXCEPTION_ONLY,NO_DIRECT_DUPLICATE_PROVEN_FOR_UNIT,NO_CURRENT_EVIDENCE_ONLY,CATALOG_PLUS_CORESOURCE_CENSUS
Let Me Tell You About It,Lisa Clark,let-me-tell-you-about-it,let-me-tell-you-about-it,Paperback,9781954414983,NO,,LSI_POD_WHOLESALE_GLOBAL_DISTRIBUTION_REQUIRES_PROVIDER_CHANNEL_EXPORT,PROVIDER_ROUTE_VISIBLE_OR_LEGACY_REQUIRED,PROVIDER_EXPORT_REQUIRED,PROVIDER_EXPORT_REQUIRED,PROVIDER_EXPORT_REQUIRED,PROVIDER_EXPORT_REQUIRED,PROVIDER_EXPORT_REQUIRED,PROVIDER_EXPORT_REQUIRED,PROVIDER_EXPORT_REQUIRED,LSI_OR_INGRAMSPARK_PRIMARY_LEGACY_VALID,LSI_POD_WHOLESALE_GLOBAL_DISTRIBUTION_REQUIRES_PROVIDER_CHANNEL_EXPORT,CORESOURCE_TO_LSI_PRIMARY,INGRAMSPARK_CONTINGENCY,NO_DIRECT_DUPLICATE_PROVEN_FOR_UNIT,YES_LATER_GOVERNED_NORMALIZATION_CANDIDATE,CATALOG_PLUS_CORESOURCE_CENSUS
Let Me Tell You About It,Lisa Clark,let-me-tell-you-about-it,let-me-tell-you-about-it,eBook,9781954414990,YES,9781954414990,APPLE_KOBO_BN_NOOK_AMAZON_AND_OTHER_EBOOK_CHANNELS_REQUIRE_PROVIDER_CHANNEL_EXPORT,NOT_PRIMARY_FOR_FORMAT,PROVIDER_EXPORT_REQUIRED,PROVIDER_EXPORT_REQUIRED,PROVIDER_EXPORT_REQUIRED,PROVIDER_EXPORT_REQUIRED,PROVIDER_EXPORT_REQUIRED,PROVIDER_EXPORT_REQUIRED,PROVIDER_EXPORT_REQUIRED,CORESOURCE_PRIMARY,APPLE_KOBO_BN_NOOK_AMAZON_AND_OTHER_EBOOK_CHANNELS_REQUIRE_PROVIDER_CHANNEL_EXPORT,CORESOURCE_PRIMARY,AMAZON_OR_BN_DIRECT_STRATEGIC_EXCEPTION_ONLY,NO_DIRECT_DUPLICATE_PROVEN_FOR_UNIT,NO_CURRENT_EVIDENCE_ONLY,CATALOG_PLUS_CORESOURCE_CENSUS
Life after Detour,Deanna Jones,life-after-detour,life-after-detour,Paperback,9781950719389,NO,,LSI_POD_WHOLESALE_GLOBAL_DISTRIBUTION_REQUIRES_PROVIDER_CHANNEL_EXPORT,PROVIDER_ROUTE_VISIBLE_OR_LEGACY_REQUIRED,PROVIDER_EXPORT_REQUIRED,PROVIDER_EXPORT_REQUIRED,PROVIDER_EXPORT_REQUIRED,PROVIDER_EXPORT_REQUIRED,PROVIDER_EXPORT_REQUIRED,PROVIDER_EXPORT_REQUIRED,PROVIDER_EXPORT_REQUIRED,LSI_OR_INGRAMSPARK_PRIMARY_LEGACY_VALID,LSI_POD_WHOLESALE_GLOBAL_DISTRIBUTION_REQUIRES_PROVIDER_CHANNEL_EXPORT,CORESOURCE_TO_LSI_PRIMARY,INGRAMSPARK_CONTINGENCY,NO_DIRECT_DUPLICATE_PROVEN_FOR_UNIT,YES_LATER_GOVERNED_NORMALIZATION_CANDIDATE,CATALOG_PLUS_CORESOURCE_CENSUS
Life after Detour,Deanna Jones,life-after-detour,life-after-detour,eBook,9781950719396,YES,9781950719389,APPLE_KOBO_BN_NOOK_AMAZON_AND_OTHER_EBOOK_CHANNELS_REQUIRE_PROVIDER_CHANNEL_EXPORT,NOT_PRIMARY_FOR_FORMAT,PROVIDER_EXPORT_REQUIRED,PROVIDER_EXPORT_REQUIRED,PROVIDER_EXPORT_REQUIRED,PROVIDER_EXPORT_REQUIRED,PROVIDER_EXPORT_REQUIRED,PROVIDER_EXPORT_REQUIRED,PROVIDER_EXPORT_REQUIRED,CORESOURCE_PRIMARY,APPLE_KOBO_BN_NOOK_AMAZON_AND_OTHER_EBOOK_CHANNELS_REQUIRE_PROVIDER_CHANNEL_EXPORT,CORESOURCE_PRIMARY,AMAZON_OR_BN_DIRECT_STRATEGIC_EXCEPTION_ONLY,NO_DIRECT_DUPLICATE_PROVEN_FOR_UNIT,NO_CURRENT_EVIDENCE_ONLY,CATALOG_PLUS_CORESOURCE_CENSUS
Love Is An Action Word,Dennis Brown,love-is-an-action-word,love-is-an-action-word,Paperback,9781950719983,NO,,LSI_POD_WHOLESALE_GLOBAL_DISTRIBUTION_REQUIRES_PROVIDER_CHANNEL_EXPORT,PROVIDER_ROUTE_VISIBLE_OR_LEGACY_REQUIRED,PROVIDER_EXPORT_REQUIRED,PROVIDER_EXPORT_REQUIRED,PROVIDER_EXPORT_REQUIRED,YES_VISIBLE_OR_LIKELY_FROM_KDP_SNAPSHOT,VISIBLE_IN_KDP_SNAPSHOT_FOR_MATCHING_TITLE_OR_ISBN,PROVIDER_EXPORT_REQUIRED,PROVIDER_EXPORT_REQUIRED,LSI_OR_INGRAMSPARK_PRIMARY_LEGACY_VALID,LSI_POD_WHOLESALE_GLOBAL_DISTRIBUTION_REQUIRES_PROVIDER_CHANNEL_EXPORT,CORESOURCE_TO_LSI_PRIMARY,INGRAMSPARK_CONTINGENCY,AMAZON_DIRECT_RECORD_VISIBLE_OR_LIKELY_FROM_KDP_SNAPSHOT_REQUIRES_TITLE_BY_TITLE_NORMALIZATION,YES_LATER_GOVERNED_NORMALIZATION_CANDIDATE,CATALOG_PLUS_CORESOURCE_CENSUS;KDP_SNAPSHOT
Love Is An Action Word,Dennis Brown,love-is-an-action-word,love-is-an-action-word,eBook,9781950719976,YES,9781950719976,APPLE_KOBO_BN_NOOK_AMAZON_AND_OTHER_EBOOK_CHANNELS_REQUIRE_PROVIDER_CHANNEL_EXPORT,NOT_PRIMARY_FOR_FORMAT,PROVIDER_EXPORT_REQUIRED,PROVIDER_EXPORT_REQUIRED,PROVIDER_EXPORT_REQUIRED,YES_VISIBLE_OR_LIKELY_FROM_KDP_SNAPSHOT,VISIBLE_IN_KDP_SNAPSHOT_FOR_MATCHING_TITLE_OR_ISBN,PROVIDER_EXPORT_REQUIRED,PROVIDER_EXPORT_REQUIRED,CORESOURCE_PRIMARY,APPLE_KOBO_BN_NOOK_AMAZON_AND_OTHER_EBOOK_CHANNELS_REQUIRE_PROVIDER_CHANNEL_EXPORT,CORESOURCE_PRIMARY,AMAZON_OR_BN_DIRECT_STRATEGIC_EXCEPTION_ONLY,AMAZON_DIRECT_RECORD_VISIBLE_OR_LIKELY_FROM_KDP_SNAPSHOT_REQUIRES_TITLE_BY_TITLE_NORMALIZATION,YES_LATER_GOVERNED_NORMALIZATION_CANDIDATE,CATALOG_PLUS_CORESOURCE_CENSUS;KDP_SNAPSHOT
Love Lucy,Diane Johnson,love-lucy,love-lucy,Paperback,9781950719945,NO,,LSI_POD_WHOLESALE_GLOBAL_DISTRIBUTION_REQUIRES_PROVIDER_CHANNEL_EXPORT,PROVIDER_ROUTE_VISIBLE_OR_LEGACY_REQUIRED,PROVIDER_EXPORT_REQUIRED,PROVIDER_EXPORT_REQUIRED,PROVIDER_EXPORT_REQUIRED,PROVIDER_EXPORT_REQUIRED,PROVIDER_EXPORT_REQUIRED,PROVIDER_EXPORT_REQUIRED,PROVIDER_EXPORT_REQUIRED,LSI_OR_INGRAMSPARK_PRIMARY_LEGACY_VALID,LSI_POD_WHOLESALE_GLOBAL_DISTRIBUTION_REQUIRES_PROVIDER_CHANNEL_EXPORT,CORESOURCE_TO_LSI_PRIMARY,INGRAMSPARK_CONTINGENCY,NO_DIRECT_DUPLICATE_PROVEN_FOR_UNIT,YES_LATER_GOVERNED_NORMALIZATION_CANDIDATE,CATALOG_PLUS_CORESOURCE_CENSUS
Love Lucy,Diane Johnson,love-lucy,love-lucy,eBook,9781950719938,YES,9781950719938,APPLE_KOBO_BN_NOOK_AMAZON_AND_OTHER_EBOOK_CHANNELS_REQUIRE_PROVIDER_CHANNEL_EXPORT,NOT_PRIMARY_FOR_FORMAT,PROVIDER_EXPORT_REQUIRED,PROVIDER_EXPORT_REQUIRED,PROVIDER_EXPORT_REQUIRED,PROVIDER_EXPORT_REQUIRED,PROVIDER_EXPORT_REQUIRED,PROVIDER_EXPORT_REQUIRED,PROVIDER_EXPORT_REQUIRED,CORESOURCE_PRIMARY,APPLE_KOBO_BN_NOOK_AMAZON_AND_OTHER_EBOOK_CHANNELS_REQUIRE_PROVIDER_CHANNEL_EXPORT,CORESOURCE_PRIMARY,AMAZON_OR_BN_DIRECT_STRATEGIC_EXCEPTION_ONLY,NO_DIRECT_DUPLICATE_PROVEN_FOR_UNIT,NO_CURRENT_EVIDENCE_ONLY,CATALOG_PLUS_CORESOURCE_CENSUS
Love of My Life,Thaddues Smith,love-of-my-life,love-of-my-life,Paperback,9781954414273,NO,,LSI_POD_WHOLESALE_GLOBAL_DISTRIBUTION_REQUIRES_PROVIDER_CHANNEL_EXPORT,PROVIDER_ROUTE_VISIBLE_OR_LEGACY_REQUIRED,PROVIDER_EXPORT_REQUIRED,PROVIDER_EXPORT_REQUIRED,PROVIDER_EXPORT_REQUIRED,PROVIDER_EXPORT_REQUIRED,PROVIDER_EXPORT_REQUIRED,PROVIDER_EXPORT_REQUIRED,PROVIDER_EXPORT_REQUIRED,LSI_OR_INGRAMSPARK_PRIMARY_LEGACY_VALID,LSI_POD_WHOLESALE_GLOBAL_DISTRIBUTION_REQUIRES_PROVIDER_CHANNEL_EXPORT,CORESOURCE_TO_LSI_PRIMARY,INGRAMSPARK_CONTINGENCY,NO_DIRECT_DUPLICATE_PROVEN_FOR_UNIT,YES_LATER_GOVERNED_NORMALIZATION_CANDIDATE,CATALOG_PLUS_CORESOURCE_CENSUS
Love of My Life,Thaddues Smith,love-of-my-life,love-of-my-life,Hardcover,9781954414969,NO,,LSI_POD_WHOLESALE_GLOBAL_DISTRIBUTION_REQUIRES_PROVIDER_CHANNEL_EXPORT,PROVIDER_ROUTE_VISIBLE_OR_LEGACY_REQUIRED,PROVIDER_EXPORT_REQUIRED,PROVIDER_EXPORT_REQUIRED,PROVIDER_EXPORT_REQUIRED,PROVIDER_EXPORT_REQUIRED,PROVIDER_EXPORT_REQUIRED,PROVIDER_EXPORT_REQUIRED,PROVIDER_EXPORT_REQUIRED,LSI_OR_INGRAMSPARK_PRIMARY_LEGACY_VALID,LSI_POD_WHOLESALE_GLOBAL_DISTRIBUTION_REQUIRES_PROVIDER_CHANNEL_EXPORT,CORESOURCE_TO_LSI_PRIMARY,INGRAMSPARK_CONTINGENCY,NO_DIRECT_DUPLICATE_PROVEN_FOR_UNIT,YES_LATER_GOVERNED_NORMALIZATION_CANDIDATE,CATALOG_PLUS_CORESOURCE_CENSUS
Love of My Life,Thaddues Smith,love-of-my-life,love-of-my-life,eBook,9781954414266,YES,9781954414266,APPLE_KOBO_BN_NOOK_AMAZON_AND_OTHER_EBOOK_CHANNELS_REQUIRE_PROVIDER_CHANNEL_EXPORT,NOT_PRIMARY_FOR_FORMAT,PROVIDER_EXPORT_REQUIRED,PROVIDER_EXPORT_REQUIRED,PROVIDER_EXPORT_REQUIRED,PROVIDER_EXPORT_REQUIRED,PROVIDER_EXPORT_REQUIRED,PROVIDER_EXPORT_REQUIRED,PROVIDER_EXPORT_REQUIRED,CORESOURCE_PRIMARY,APPLE_KOBO_BN_NOOK_AMAZON_AND_OTHER_EBOOK_CHANNELS_REQUIRE_PROVIDER_CHANNEL_EXPORT,CORESOURCE_PRIMARY,AMAZON_OR_BN_DIRECT_STRATEGIC_EXCEPTION_ONLY,NO_DIRECT_DUPLICATE_PROVEN_FOR_UNIT,NO_CURRENT_EVIDENCE_ONLY,CATALOG_PLUS_CORESOURCE_CENSUS
Loving the Addict,Carolyn Booker-Pierce,loving-the-addict,loving-the-addict,Paperback,9781950719570,NO,,LSI_POD_WHOLESALE_GLOBAL_DISTRIBUTION_REQUIRES_PROVIDER_CHANNEL_EXPORT,PROVIDER_ROUTE_VISIBLE_OR_LEGACY_REQUIRED,PROVIDER_EXPORT_REQUIRED,PROVIDER_EXPORT_REQUIRED,PROVIDER_EXPORT_REQUIRED,PROVIDER_EXPORT_REQUIRED,PROVIDER_EXPORT_REQUIRED,PROVIDER_EXPORT_REQUIRED,PROVIDER_EXPORT_REQUIRED,LSI_OR_INGRAMSPARK_PRIMARY_LEGACY_VALID,LSI_POD_WHOLESALE_GLOBAL_DISTRIBUTION_REQUIRES_PROVIDER_CHANNEL_EXPORT,CORESOURCE_TO_LSI_PRIMARY,INGRAMSPARK_CONTINGENCY,NO_DIRECT_DUPLICATE_PROVEN_FOR_UNIT,YES_LATER_GOVERNED_NORMALIZATION_CANDIDATE,CATALOG_PLUS_CORESOURCE_CENSUS
Loving the Addict,Carolyn Booker-Pierce,loving-the-addict,loving-the-addict,eBook,9781950719587,YES,9781950719570,APPLE_KOBO_BN_NOOK_AMAZON_AND_OTHER_EBOOK_CHANNELS_REQUIRE_PROVIDER_CHANNEL_EXPORT,NOT_PRIMARY_FOR_FORMAT,PROVIDER_EXPORT_REQUIRED,PROVIDER_EXPORT_REQUIRED,PROVIDER_EXPORT_REQUIRED,PROVIDER_EXPORT_REQUIRED,PROVIDER_EXPORT_REQUIRED,PROVIDER_EXPORT_REQUIRED,PROVIDER_EXPORT_REQUIRED,CORESOURCE_PRIMARY,APPLE_KOBO_BN_NOOK_AMAZON_AND_OTHER_EBOOK_CHANNELS_REQUIRE_PROVIDER_CHANNEL_EXPORT,CORESOURCE_PRIMARY,AMAZON_OR_BN_DIRECT_STRATEGIC_EXCEPTION_ONLY,NO_DIRECT_DUPLICATE_PROVEN_FOR_UNIT,NO_CURRENT_EVIDENCE_ONLY,CATALOG_PLUS_CORESOURCE_CENSUS
Melodies From Heaven,Baily Cunningham,melodies-from-heaven,melodies-from-heaven,Paperback,9781950719747,NO,,LSI_POD_WHOLESALE_GLOBAL_DISTRIBUTION_REQUIRES_PROVIDER_CHANNEL_EXPORT,PROVIDER_ROUTE_VISIBLE_OR_LEGACY_REQUIRED,PROVIDER_EXPORT_REQUIRED,PROVIDER_EXPORT_REQUIRED,PROVIDER_EXPORT_REQUIRED,PROVIDER_EXPORT_REQUIRED,PROVIDER_EXPORT_REQUIRED,PROVIDER_EXPORT_REQUIRED,PROVIDER_EXPORT_REQUIRED,LSI_OR_INGRAMSPARK_PRIMARY_LEGACY_VALID,LSI_POD_WHOLESALE_GLOBAL_DISTRIBUTION_REQUIRES_PROVIDER_CHANNEL_EXPORT,CORESOURCE_TO_LSI_PRIMARY,INGRAMSPARK_CONTINGENCY,NO_DIRECT_DUPLICATE_PROVEN_FOR_UNIT,YES_LATER_GOVERNED_NORMALIZATION_CANDIDATE,CATALOG_PLUS_CORESOURCE_CENSUS
Melodies From Heaven,Baily Cunningham,melodies-from-heaven,melodies-from-heaven,eBook,9781950719730,YES,9781950719730,APPLE_KOBO_BN_NOOK_AMAZON_AND_OTHER_EBOOK_CHANNELS_REQUIRE_PROVIDER_CHANNEL_EXPORT,NOT_PRIMARY_FOR_FORMAT,PROVIDER_EXPORT_REQUIRED,PROVIDER_EXPORT_REQUIRED,PROVIDER_EXPORT_REQUIRED,PROVIDER_EXPORT_REQUIRED,PROVIDER_EXPORT_REQUIRED,PROVIDER_EXPORT_REQUIRED,PROVIDER_EXPORT_REQUIRED,CORESOURCE_PRIMARY,APPLE_KOBO_BN_NOOK_AMAZON_AND_OTHER_EBOOK_CHANNELS_REQUIRE_PROVIDER_CHANNEL_EXPORT,CORESOURCE_PRIMARY,AMAZON_OR_BN_DIRECT_STRATEGIC_EXCEPTION_ONLY,NO_DIRECT_DUPLICATE_PROVEN_FOR_UNIT,NO_CURRENT_EVIDENCE_ONLY,CATALOG_PLUS_CORESOURCE_CENSUS
Memoir of a Black Christian Nationalist,Shelley McIntosh,memoir-of-a-black-christian-nationalist,memoir-of-a-black-christian-nationalist,Paperback,9781954414198,NO,,LSI_POD_WHOLESALE_GLOBAL_DISTRIBUTION_REQUIRES_PROVIDER_CHANNEL_EXPORT,PROVIDER_ROUTE_VISIBLE_OR_LEGACY_REQUIRED,PROVIDER_EXPORT_REQUIRED,PROVIDER_EXPORT_REQUIRED,PROVIDER_EXPORT_REQUIRED,PROVIDER_EXPORT_REQUIRED,PROVIDER_EXPORT_REQUIRED,PROVIDER_EXPORT_REQUIRED,PROVIDER_EXPORT_REQUIRED,LSI_OR_INGRAMSPARK_PRIMARY_LEGACY_VALID,LSI_POD_WHOLESALE_GLOBAL_DISTRIBUTION_REQUIRES_PROVIDER_CHANNEL_EXPORT,CORESOURCE_TO_LSI_PRIMARY,INGRAMSPARK_CONTINGENCY,NO_DIRECT_DUPLICATE_PROVEN_FOR_UNIT,YES_LATER_GOVERNED_NORMALIZATION_CANDIDATE,CATALOG_PLUS_CORESOURCE_CENSUS
Memoir of a Black Christian Nationalist,Shelley McIntosh,memoir-of-a-black-christian-nationalist,memoir-of-a-black-christian-nationalist,Hardcover,9781954414181,NO,,LSI_POD_WHOLESALE_GLOBAL_DISTRIBUTION_REQUIRES_PROVIDER_CHANNEL_EXPORT,PROVIDER_ROUTE_VISIBLE_OR_LEGACY_REQUIRED,PROVIDER_EXPORT_REQUIRED,PROVIDER_EXPORT_REQUIRED,PROVIDER_EXPORT_REQUIRED,PROVIDER_EXPORT_REQUIRED,PROVIDER_EXPORT_REQUIRED,PROVIDER_EXPORT_REQUIRED,PROVIDER_EXPORT_REQUIRED,LSI_OR_INGRAMSPARK_PRIMARY_LEGACY_VALID,LSI_POD_WHOLESALE_GLOBAL_DISTRIBUTION_REQUIRES_PROVIDER_CHANNEL_EXPORT,CORESOURCE_TO_LSI_PRIMARY,INGRAMSPARK_CONTINGENCY,NO_DIRECT_DUPLICATE_PROVEN_FOR_UNIT,YES_LATER_GOVERNED_NORMALIZATION_CANDIDATE,CATALOG_PLUS_CORESOURCE_CENSUS
Memoir of a Black Christian Nationalist,Shelley McIntosh,memoir-of-a-black-christian-nationalist,memoir-of-a-black-christian-nationalist,eBook,9781954414174,YES,9781954414174,APPLE_KOBO_BN_NOOK_AMAZON_AND_OTHER_EBOOK_CHANNELS_REQUIRE_PROVIDER_CHANNEL_EXPORT,NOT_PRIMARY_FOR_FORMAT,PROVIDER_EXPORT_REQUIRED,PROVIDER_EXPORT_REQUIRED,PROVIDER_EXPORT_REQUIRED,PROVIDER_EXPORT_REQUIRED,PROVIDER_EXPORT_REQUIRED,PROVIDER_EXPORT_REQUIRED,PROVIDER_EXPORT_REQUIRED,CORESOURCE_PRIMARY,APPLE_KOBO_BN_NOOK_AMAZON_AND_OTHER_EBOOK_CHANNELS_REQUIRE_PROVIDER_CHANNEL_EXPORT,CORESOURCE_PRIMARY,AMAZON_OR_BN_DIRECT_STRATEGIC_EXCEPTION_ONLY,NO_DIRECT_DUPLICATE_PROVEN_FOR_UNIT,NO_CURRENT_EVIDENCE_ONLY,CATALOG_PLUS_CORESOURCE_CENSUS
Memoir of a Black Christian Nationalist,Shelley McIntosh,memoir-of-a-black-christian-nationalist,memoir-of-a-black-christian-nationalist,Audiobook,9781961475373,YES,9781954414198,AUDIBLE_APPLE_AUDIO_AUDIO_CHANNELS_REQUIRE_PROVIDER_CHANNEL_EXPORT,NOT_PRIMARY_FOR_FORMAT,PROVIDER_EXPORT_REQUIRED,PROVIDER_EXPORT_REQUIRED,PROVIDER_EXPORT_REQUIRED,PROVIDER_EXPORT_REQUIRED,PROVIDER_EXPORT_REQUIRED,PROVIDER_EXPORT_REQUIRED,PROVIDER_EXPORT_REQUIRED,CORESOURCE_PRIMARY,AUDIBLE_APPLE_AUDIO_AUDIO_CHANNELS_REQUIRE_PROVIDER_CHANNEL_EXPORT,CORESOURCE_AUDIO_PRIMARY_WITH_ACX_EXCEPTION,ACX_HUMAN_ASSISTED_EXCEPTION,NO_DIRECT_DUPLICATE_PROVEN_FOR_UNIT,NO_CURRENT_EVIDENCE_ONLY,CATALOG_PLUS_CORESOURCE_CENSUS
Mirror of Refining Insight,M A Grayson,mirror-of-refining-insight,mirror-of-refining-insight,Paperback,9781954414372,NO,,LSI_POD_WHOLESALE_GLOBAL_DISTRIBUTION_REQUIRES_PROVIDER_CHANNEL_EXPORT,PROVIDER_ROUTE_VISIBLE_OR_LEGACY_REQUIRED,PROVIDER_EXPORT_REQUIRED,PROVIDER_EXPORT_REQUIRED,PROVIDER_EXPORT_REQUIRED,PROVIDER_EXPORT_REQUIRED,PROVIDER_EXPORT_REQUIRED,PROVIDER_EXPORT_REQUIRED,PROVIDER_EXPORT_REQUIRED,LSI_OR_INGRAMSPARK_PRIMARY_LEGACY_VALID,LSI_POD_WHOLESALE_GLOBAL_DISTRIBUTION_REQUIRES_PROVIDER_CHANNEL_EXPORT,CORESOURCE_TO_LSI_PRIMARY,INGRAMSPARK_CONTINGENCY,NO_DIRECT_DUPLICATE_PROVEN_FOR_UNIT,YES_LATER_GOVERNED_NORMALIZATION_CANDIDATE,CATALOG_PLUS_CORESOURCE_CENSUS
Mirror of Refining Insight,M A Grayson,mirror-of-refining-insight,mirror-of-refining-insight,Hardcover,9781954414976,NO,,LSI_POD_WHOLESALE_GLOBAL_DISTRIBUTION_REQUIRES_PROVIDER_CHANNEL_EXPORT,PROVIDER_ROUTE_VISIBLE_OR_LEGACY_REQUIRED,PROVIDER_EXPORT_REQUIRED,PROVIDER_EXPORT_REQUIRED,PROVIDER_EXPORT_REQUIRED,PROVIDER_EXPORT_REQUIRED,PROVIDER_EXPORT_REQUIRED,PROVIDER_EXPORT_REQUIRED,PROVIDER_EXPORT_REQUIRED,LSI_OR_INGRAMSPARK_PRIMARY_LEGACY_VALID,LSI_POD_WHOLESALE_GLOBAL_DISTRIBUTION_REQUIRES_PROVIDER_CHANNEL_EXPORT,CORESOURCE_TO_LSI_PRIMARY,INGRAMSPARK_CONTINGENCY,NO_DIRECT_DUPLICATE_PROVEN_FOR_UNIT,YES_LATER_GOVERNED_NORMALIZATION_CANDIDATE,CATALOG_PLUS_CORESOURCE_CENSUS
Mirror of Refining Insight,M A Grayson,mirror-of-refining-insight,mirror-of-refining-insight,eBook,9781954414365,YES,9781954414365,APPLE_KOBO_BN_NOOK_AMAZON_AND_OTHER_EBOOK_CHANNELS_REQUIRE_PROVIDER_CHANNEL_EXPORT,NOT_PRIMARY_FOR_FORMAT,PROVIDER_EXPORT_REQUIRED,PROVIDER_EXPORT_REQUIRED,PROVIDER_EXPORT_REQUIRED,PROVIDER_EXPORT_REQUIRED,PROVIDER_EXPORT_REQUIRED,PROVIDER_EXPORT_REQUIRED,PROVIDER_EXPORT_REQUIRED,CORESOURCE_PRIMARY,APPLE_KOBO_BN_NOOK_AMAZON_AND_OTHER_EBOOK_CHANNELS_REQUIRE_PROVIDER_CHANNEL_EXPORT,CORESOURCE_PRIMARY,AMAZON_OR_BN_DIRECT_STRATEGIC_EXCEPTION_ONLY,NO_DIRECT_DUPLICATE_PROVEN_FOR_UNIT,NO_CURRENT_EVIDENCE_ONLY,CATALOG_PLUS_CORESOURCE_CENSUS
More Than A Village,Shelley McIntosh,more-than-a-village,more-than-a-village,Paperback,9781954414143,NO,,LSI_POD_WHOLESALE_GLOBAL_DISTRIBUTION_REQUIRES_PROVIDER_CHANNEL_EXPORT,PROVIDER_ROUTE_VISIBLE_OR_LEGACY_REQUIRED,PROVIDER_EXPORT_REQUIRED,PROVIDER_EXPORT_REQUIRED,PROVIDER_EXPORT_REQUIRED,PROVIDER_EXPORT_REQUIRED,PROVIDER_EXPORT_REQUIRED,PROVIDER_EXPORT_REQUIRED,PROVIDER_EXPORT_REQUIRED,LSI_OR_INGRAMSPARK_PRIMARY_LEGACY_VALID,LSI_POD_WHOLESALE_GLOBAL_DISTRIBUTION_REQUIRES_PROVIDER_CHANNEL_EXPORT,CORESOURCE_TO_LSI_PRIMARY,INGRAMSPARK_CONTINGENCY,NO_DIRECT_DUPLICATE_PROVEN_FOR_UNIT,YES_LATER_GOVERNED_NORMALIZATION_CANDIDATE,CATALOG_PLUS_CORESOURCE_CENSUS
More Than A Village,Shelley McIntosh,more-than-a-village,more-than-a-village,eBook,9781954414136,YES,9781954414143,APPLE_KOBO_BN_NOOK_AMAZON_AND_OTHER_EBOOK_CHANNELS_REQUIRE_PROVIDER_CHANNEL_EXPORT,NOT_PRIMARY_FOR_FORMAT,PROVIDER_EXPORT_REQUIRED,PROVIDER_EXPORT_REQUIRED,PROVIDER_EXPORT_REQUIRED,PROVIDER_EXPORT_REQUIRED,PROVIDER_EXPORT_REQUIRED,PROVIDER_EXPORT_REQUIRED,PROVIDER_EXPORT_REQUIRED,CORESOURCE_PRIMARY,APPLE_KOBO_BN_NOOK_AMAZON_AND_OTHER_EBOOK_CHANNELS_REQUIRE_PROVIDER_CHANNEL_EXPORT,CORESOURCE_PRIMARY,AMAZON_OR_BN_DIRECT_STRATEGIC_EXCEPTION_ONLY,NO_DIRECT_DUPLICATE_PROVEN_FOR_UNIT,NO_CURRENT_EVIDENCE_ONLY,CATALOG_PLUS_CORESOURCE_CENSUS
Music Ministry Unplugged,Dr. Will Harris,music-ministry-unplugged,music-ministry-unplugged,Paperback,9781961475724,YES,9781961475724,LSI_POD_WHOLESALE_GLOBAL_DISTRIBUTION_REQUIRES_PROVIDER_CHANNEL_EXPORT,PROVIDER_ROUTE_VISIBLE_OR_LEGACY_REQUIRED,PROVIDER_EXPORT_REQUIRED,PROVIDER_EXPORT_REQUIRED,PROVIDER_EXPORT_REQUIRED,PROVIDER_EXPORT_REQUIRED,PROVIDER_EXPORT_REQUIRED,PROVIDER_EXPORT_REQUIRED,PROVIDER_EXPORT_REQUIRED,CORESOURCE_TO_LSI_PRIMARY,LSI_POD_WHOLESALE_GLOBAL_DISTRIBUTION_REQUIRES_PROVIDER_CHANNEL_EXPORT,CORESOURCE_TO_LSI_PRIMARY,INGRAMSPARK_CONTINGENCY,NO_DIRECT_DUPLICATE_PROVEN_FOR_UNIT,NO_CURRENT_EVIDENCE_ONLY,CATALOG_PLUS_CORESOURCE_CENSUS
Music Ministry Unplugged,Dr. Will Harris,music-ministry-unplugged,music-ministry-unplugged,eBook,9781961475731,YES,9781961475724,APPLE_KOBO_BN_NOOK_AMAZON_AND_OTHER_EBOOK_CHANNELS_REQUIRE_PROVIDER_CHANNEL_EXPORT,NOT_PRIMARY_FOR_FORMAT,PROVIDER_EXPORT_REQUIRED,PROVIDER_EXPORT_REQUIRED,PROVIDER_EXPORT_REQUIRED,PROVIDER_EXPORT_REQUIRED,PROVIDER_EXPORT_REQUIRED,PROVIDER_EXPORT_REQUIRED,PROVIDER_EXPORT_REQUIRED,CORESOURCE_PRIMARY,APPLE_KOBO_BN_NOOK_AMAZON_AND_OTHER_EBOOK_CHANNELS_REQUIRE_PROVIDER_CHANNEL_EXPORT,CORESOURCE_PRIMARY,AMAZON_OR_BN_DIRECT_STRATEGIC_EXCEPTION_ONLY,NO_DIRECT_DUPLICATE_PROVEN_FOR_UNIT,NO_CURRENT_EVIDENCE_ONLY,CATALOG_PLUS_CORESOURCE_CENSUS
My ABC's,Jaylonna Stevette,my-abc-s,my-abc-s,Paperback,9781954414464,NO,,LSI_POD_WHOLESALE_GLOBAL_DISTRIBUTION_REQUIRES_PROVIDER_CHANNEL_EXPORT,PROVIDER_ROUTE_VISIBLE_OR_LEGACY_REQUIRED,PROVIDER_EXPORT_REQUIRED,PROVIDER_EXPORT_REQUIRED,PROVIDER_EXPORT_REQUIRED,PROVIDER_EXPORT_REQUIRED,PROVIDER_EXPORT_REQUIRED,PROVIDER_EXPORT_REQUIRED,PROVIDER_EXPORT_REQUIRED,LSI_OR_INGRAMSPARK_PRIMARY_LEGACY_VALID,LSI_POD_WHOLESALE_GLOBAL_DISTRIBUTION_REQUIRES_PROVIDER_CHANNEL_EXPORT,CORESOURCE_TO_LSI_PRIMARY,INGRAMSPARK_CONTINGENCY,NO_DIRECT_DUPLICATE_PROVEN_FOR_UNIT,YES_LATER_GOVERNED_NORMALIZATION_CANDIDATE,CATALOG_PLUS_CORESOURCE_CENSUS
My ABC's,Jaylonna Stevette,my-abc-s,my-abc-s,eBook,9781954414457,YES,9781954414457,APPLE_KOBO_BN_NOOK_AMAZON_AND_OTHER_EBOOK_CHANNELS_REQUIRE_PROVIDER_CHANNEL_EXPORT,NOT_PRIMARY_FOR_FORMAT,PROVIDER_EXPORT_REQUIRED,PROVIDER_EXPORT_REQUIRED,PROVIDER_EXPORT_REQUIRED,PROVIDER_EXPORT_REQUIRED,PROVIDER_EXPORT_REQUIRED,PROVIDER_EXPORT_REQUIRED,PROVIDER_EXPORT_REQUIRED,CORESOURCE_PRIMARY,APPLE_KOBO_BN_NOOK_AMAZON_AND_OTHER_EBOOK_CHANNELS_REQUIRE_PROVIDER_CHANNEL_EXPORT,CORESOURCE_PRIMARY,AMAZON_OR_BN_DIRECT_STRATEGIC_EXCEPTION_ONLY,NO_DIRECT_DUPLICATE_PROVEN_FOR_UNIT,NO_CURRENT_EVIDENCE_ONLY,CATALOG_PLUS_CORESOURCE_CENSUS
Naughty Tales,Adrean Young,naughty-tales,naughty-tales,Paperback,9781954414846,NO,,LSI_POD_WHOLESALE_GLOBAL_DISTRIBUTION_REQUIRES_PROVIDER_CHANNEL_EXPORT,PROVIDER_ROUTE_VISIBLE_OR_LEGACY_REQUIRED,PROVIDER_EXPORT_REQUIRED,PROVIDER_EXPORT_REQUIRED,PROVIDER_EXPORT_REQUIRED,PROVIDER_EXPORT_REQUIRED,PROVIDER_EXPORT_REQUIRED,PROVIDER_EXPORT_REQUIRED,PROVIDER_EXPORT_REQUIRED,LSI_OR_INGRAMSPARK_PRIMARY_LEGACY_VALID,LSI_POD_WHOLESALE_GLOBAL_DISTRIBUTION_REQUIRES_PROVIDER_CHANNEL_EXPORT,CORESOURCE_TO_LSI_PRIMARY,INGRAMSPARK_CONTINGENCY,NO_DIRECT_DUPLICATE_PROVEN_FOR_UNIT,YES_LATER_GOVERNED_NORMALIZATION_CANDIDATE,CATALOG_PLUS_CORESOURCE_CENSUS
Naughty Tales,Adrean Young,naughty-tales,naughty-tales,eBook,9781954414853,NO,,APPLE_KOBO_BN_NOOK_AMAZON_AND_OTHER_EBOOK_CHANNELS_REQUIRE_PROVIDER_CHANNEL_EXPORT,NOT_PRIMARY_FOR_FORMAT,PROVIDER_EXPORT_REQUIRED,PROVIDER_EXPORT_REQUIRED,PROVIDER_EXPORT_REQUIRED,PROVIDER_EXPORT_REQUIRED,PROVIDER_EXPORT_REQUIRED,PROVIDER_EXPORT_REQUIRED,PROVIDER_EXPORT_REQUIRED,PROVIDER_READBACK_REQUIRED,APPLE_KOBO_BN_NOOK_AMAZON_AND_OTHER_EBOOK_CHANNELS_REQUIRE_PROVIDER_CHANNEL_EXPORT,CORESOURCE_PRIMARY,AMAZON_OR_BN_DIRECT_STRATEGIC_EXCEPTION_ONLY,NO_DIRECT_DUPLICATE_PROVEN_FOR_UNIT,NO_CURRENT_EVIDENCE_ONLY,CATALOG_PLUS_CORESOURCE_CENSUS
Never Give Up On Love,Pamela Smith,never-give-up-on-love,never-give-up-on-love,Paperback,9781950719525,NO,,LSI_POD_WHOLESALE_GLOBAL_DISTRIBUTION_REQUIRES_PROVIDER_CHANNEL_EXPORT,PROVIDER_ROUTE_VISIBLE_OR_LEGACY_REQUIRED,PROVIDER_EXPORT_REQUIRED,PROVIDER_EXPORT_REQUIRED,PROVIDER_EXPORT_REQUIRED,PROVIDER_EXPORT_REQUIRED,PROVIDER_EXPORT_REQUIRED,PROVIDER_EXPORT_REQUIRED,PROVIDER_EXPORT_REQUIRED,LSI_OR_INGRAMSPARK_PRIMARY_LEGACY_VALID,LSI_POD_WHOLESALE_GLOBAL_DISTRIBUTION_REQUIRES_PROVIDER_CHANNEL_EXPORT,CORESOURCE_TO_LSI_PRIMARY,INGRAMSPARK_CONTINGENCY,NO_DIRECT_DUPLICATE_PROVEN_FOR_UNIT,YES_LATER_GOVERNED_NORMALIZATION_CANDIDATE,CATALOG_PLUS_CORESOURCE_CENSUS
Never Give Up On Love,Pamela Smith,never-give-up-on-love,never-give-up-on-love,eBook,9781950719518,YES,9781950719525,APPLE_KOBO_BN_NOOK_AMAZON_AND_OTHER_EBOOK_CHANNELS_REQUIRE_PROVIDER_CHANNEL_EXPORT,NOT_PRIMARY_FOR_FORMAT,PROVIDER_EXPORT_REQUIRED,PROVIDER_EXPORT_REQUIRED,PROVIDER_EXPORT_REQUIRED,PROVIDER_EXPORT_REQUIRED,PROVIDER_EXPORT_REQUIRED,PROVIDER_EXPORT_REQUIRED,PROVIDER_EXPORT_REQUIRED,CORESOURCE_PRIMARY,APPLE_KOBO_BN_NOOK_AMAZON_AND_OTHER_EBOOK_CHANNELS_REQUIRE_PROVIDER_CHANNEL_EXPORT,CORESOURCE_PRIMARY,AMAZON_OR_BN_DIRECT_STRATEGIC_EXCEPTION_ONLY,NO_DIRECT_DUPLICATE_PROVEN_FOR_UNIT,NO_CURRENT_EVIDENCE_ONLY,CATALOG_PLUS_CORESOURCE_CENSUS
Number 23 and Me,Wayne Pounds,number-23-and-me,number-23-and-me,Paperback,9781950719105,NO,,LSI_POD_WHOLESALE_GLOBAL_DISTRIBUTION_REQUIRES_PROVIDER_CHANNEL_EXPORT,PROVIDER_ROUTE_VISIBLE_OR_LEGACY_REQUIRED,PROVIDER_EXPORT_REQUIRED,PROVIDER_EXPORT_REQUIRED,PROVIDER_EXPORT_REQUIRED,YES_VISIBLE_OR_LIKELY_FROM_KDP_SNAPSHOT,VISIBLE_IN_KDP_SNAPSHOT_FOR_MATCHING_TITLE_OR_ISBN,PROVIDER_EXPORT_REQUIRED,PROVIDER_EXPORT_REQUIRED,LSI_OR_INGRAMSPARK_PRIMARY_LEGACY_VALID,LSI_POD_WHOLESALE_GLOBAL_DISTRIBUTION_REQUIRES_PROVIDER_CHANNEL_EXPORT,CORESOURCE_TO_LSI_PRIMARY,INGRAMSPARK_CONTINGENCY,AMAZON_DIRECT_RECORD_VISIBLE_OR_LIKELY_FROM_KDP_SNAPSHOT_REQUIRES_TITLE_BY_TITLE_NORMALIZATION,YES_LATER_GOVERNED_NORMALIZATION_CANDIDATE,CATALOG_PLUS_CORESOURCE_CENSUS;KDP_SNAPSHOT
Number 23 and Me,Wayne Pounds,number-23-and-me,number-23-and-me,eBook,9781950719129,YES,9781950719105,APPLE_KOBO_BN_NOOK_AMAZON_AND_OTHER_EBOOK_CHANNELS_REQUIRE_PROVIDER_CHANNEL_EXPORT,NOT_PRIMARY_FOR_FORMAT,PROVIDER_EXPORT_REQUIRED,PROVIDER_EXPORT_REQUIRED,PROVIDER_EXPORT_REQUIRED,YES_VISIBLE_OR_LIKELY_FROM_KDP_SNAPSHOT,VISIBLE_IN_KDP_SNAPSHOT_FOR_MATCHING_TITLE_OR_ISBN,PROVIDER_EXPORT_REQUIRED,PROVIDER_EXPORT_REQUIRED,CORESOURCE_PRIMARY,APPLE_KOBO_BN_NOOK_AMAZON_AND_OTHER_EBOOK_CHANNELS_REQUIRE_PROVIDER_CHANNEL_EXPORT,CORESOURCE_PRIMARY,AMAZON_OR_BN_DIRECT_STRATEGIC_EXCEPTION_ONLY,AMAZON_DIRECT_RECORD_VISIBLE_OR_LIKELY_FROM_KDP_SNAPSHOT_REQUIRES_TITLE_BY_TITLE_NORMALIZATION,YES_LATER_GOVERNED_NORMALIZATION_CANDIDATE,CATALOG_PLUS_CORESOURCE_CENSUS;KDP_SNAPSHOT
One Soul,Veronica Brown,one-soul,one-soul,Paperback,9781950719600,NO,,LSI_POD_WHOLESALE_GLOBAL_DISTRIBUTION_REQUIRES_PROVIDER_CHANNEL_EXPORT,PROVIDER_ROUTE_VISIBLE_OR_LEGACY_REQUIRED,PROVIDER_EXPORT_REQUIRED,PROVIDER_EXPORT_REQUIRED,PROVIDER_EXPORT_REQUIRED,PROVIDER_EXPORT_REQUIRED,PROVIDER_EXPORT_REQUIRED,PROVIDER_EXPORT_REQUIRED,PROVIDER_EXPORT_REQUIRED,LSI_OR_INGRAMSPARK_PRIMARY_LEGACY_VALID,LSI_POD_WHOLESALE_GLOBAL_DISTRIBUTION_REQUIRES_PROVIDER_CHANNEL_EXPORT,CORESOURCE_TO_LSI_PRIMARY,INGRAMSPARK_CONTINGENCY,NO_DIRECT_DUPLICATE_PROVEN_FOR_UNIT,YES_LATER_GOVERNED_NORMALIZATION_CANDIDATE,CATALOG_PLUS_CORESOURCE_CENSUS
One Soul,Veronica Brown,one-soul,one-soul,eBook,9781950719594,YES,9781950719594,APPLE_KOBO_BN_NOOK_AMAZON_AND_OTHER_EBOOK_CHANNELS_REQUIRE_PROVIDER_CHANNEL_EXPORT,NOT_PRIMARY_FOR_FORMAT,PROVIDER_EXPORT_REQUIRED,PROVIDER_EXPORT_REQUIRED,PROVIDER_EXPORT_REQUIRED,PROVIDER_EXPORT_REQUIRED,PROVIDER_EXPORT_REQUIRED,PROVIDER_EXPORT_REQUIRED,PROVIDER_EXPORT_REQUIRED,CORESOURCE_PRIMARY,APPLE_KOBO_BN_NOOK_AMAZON_AND_OTHER_EBOOK_CHANNELS_REQUIRE_PROVIDER_CHANNEL_EXPORT,CORESOURCE_PRIMARY,AMAZON_OR_BN_DIRECT_STRATEGIC_EXCEPTION_ONLY,NO_DIRECT_DUPLICATE_PROVEN_FOR_UNIT,NO_CURRENT_EVIDENCE_ONLY,CATALOG_PLUS_CORESOURCE_CENSUS
Ordinary People Searching for Greatness,Earline Neal,ordinary-people-searching-for-greatness,ordinary-people-searching-for-greatness,Paperback,9781954414860,NO,,LSI_POD_WHOLESALE_GLOBAL_DISTRIBUTION_REQUIRES_PROVIDER_CHANNEL_EXPORT,PROVIDER_ROUTE_VISIBLE_OR_LEGACY_REQUIRED,PROVIDER_EXPORT_REQUIRED,PROVIDER_EXPORT_REQUIRED,PROVIDER_EXPORT_REQUIRED,YES_VISIBLE_OR_LIKELY_FROM_KDP_SNAPSHOT,VISIBLE_IN_KDP_SNAPSHOT_FOR_MATCHING_TITLE_OR_ISBN,PROVIDER_EXPORT_REQUIRED,PROVIDER_EXPORT_REQUIRED,LSI_OR_INGRAMSPARK_PRIMARY_LEGACY_VALID,LSI_POD_WHOLESALE_GLOBAL_DISTRIBUTION_REQUIRES_PROVIDER_CHANNEL_EXPORT,CORESOURCE_TO_LSI_PRIMARY,INGRAMSPARK_CONTINGENCY,AMAZON_DIRECT_RECORD_VISIBLE_OR_LIKELY_FROM_KDP_SNAPSHOT_REQUIRES_TITLE_BY_TITLE_NORMALIZATION,YES_LATER_GOVERNED_NORMALIZATION_CANDIDATE,CATALOG_PLUS_CORESOURCE_CENSUS;KDP_SNAPSHOT
Ordinary People Searching for Greatness,Earline Neal,ordinary-people-searching-for-greatness,ordinary-people-searching-for-greatness,Hardcover,9781954414877,NO,,LSI_POD_WHOLESALE_GLOBAL_DISTRIBUTION_REQUIRES_PROVIDER_CHANNEL_EXPORT,PROVIDER_ROUTE_VISIBLE_OR_LEGACY_REQUIRED,PROVIDER_EXPORT_REQUIRED,PROVIDER_EXPORT_REQUIRED,PROVIDER_EXPORT_REQUIRED,YES_VISIBLE_OR_LIKELY_FROM_KDP_SNAPSHOT,VISIBLE_IN_KDP_SNAPSHOT_FOR_MATCHING_TITLE_OR_ISBN,PROVIDER_EXPORT_REQUIRED,PROVIDER_EXPORT_REQUIRED,LSI_OR_INGRAMSPARK_PRIMARY_LEGACY_VALID,LSI_POD_WHOLESALE_GLOBAL_DISTRIBUTION_REQUIRES_PROVIDER_CHANNEL_EXPORT,CORESOURCE_TO_LSI_PRIMARY,INGRAMSPARK_CONTINGENCY,AMAZON_DIRECT_RECORD_VISIBLE_OR_LIKELY_FROM_KDP_SNAPSHOT_REQUIRES_TITLE_BY_TITLE_NORMALIZATION,YES_LATER_GOVERNED_NORMALIZATION_CANDIDATE,CATALOG_PLUS_CORESOURCE_CENSUS;KDP_SNAPSHOT
Ordinary People Searching for Greatness,Earline Neal,ordinary-people-searching-for-greatness,ordinary-people-searching-for-greatness,eBook,9781954414884,YES,9781954414884,APPLE_KOBO_BN_NOOK_AMAZON_AND_OTHER_EBOOK_CHANNELS_REQUIRE_PROVIDER_CHANNEL_EXPORT,NOT_PRIMARY_FOR_FORMAT,PROVIDER_EXPORT_REQUIRED,PROVIDER_EXPORT_REQUIRED,PROVIDER_EXPORT_REQUIRED,YES_VISIBLE_OR_LIKELY_FROM_KDP_SNAPSHOT,VISIBLE_IN_KDP_SNAPSHOT_FOR_MATCHING_TITLE_OR_ISBN,PROVIDER_EXPORT_REQUIRED,PROVIDER_EXPORT_REQUIRED,CORESOURCE_PRIMARY,APPLE_KOBO_BN_NOOK_AMAZON_AND_OTHER_EBOOK_CHANNELS_REQUIRE_PROVIDER_CHANNEL_EXPORT,CORESOURCE_PRIMARY,AMAZON_OR_BN_DIRECT_STRATEGIC_EXCEPTION_ONLY,AMAZON_DIRECT_RECORD_VISIBLE_OR_LIKELY_FROM_KDP_SNAPSHOT_REQUIRES_TITLE_BY_TITLE_NORMALIZATION,YES_LATER_GOVERNED_NORMALIZATION_CANDIDATE,CATALOG_PLUS_CORESOURCE_CENSUS;KDP_SNAPSHOT
Peaches Can Do It!,Daphanny Baker,peaches-can-do-it,peaches-can-do-it,Paperback,9781961475472,NO,,LSI_POD_WHOLESALE_GLOBAL_DISTRIBUTION_REQUIRES_PROVIDER_CHANNEL_EXPORT,PROVIDER_ROUTE_VISIBLE_OR_LEGACY_REQUIRED,PROVIDER_EXPORT_REQUIRED,PROVIDER_EXPORT_REQUIRED,PROVIDER_EXPORT_REQUIRED,PROVIDER_EXPORT_REQUIRED,PROVIDER_EXPORT_REQUIRED,PROVIDER_EXPORT_REQUIRED,PROVIDER_EXPORT_REQUIRED,LSI_OR_INGRAMSPARK_PRIMARY_LEGACY_VALID,LSI_POD_WHOLESALE_GLOBAL_DISTRIBUTION_REQUIRES_PROVIDER_CHANNEL_EXPORT,CORESOURCE_TO_LSI_PRIMARY,INGRAMSPARK_CONTINGENCY,NO_DIRECT_DUPLICATE_PROVEN_FOR_UNIT,YES_LATER_GOVERNED_NORMALIZATION_CANDIDATE,CATALOG_PLUS_CORESOURCE_CENSUS
Peaches Can Do It!,Daphanny Baker,peaches-can-do-it,peaches-can-do-it,eBook,9781961475489,NO,,APPLE_KOBO_BN_NOOK_AMAZON_AND_OTHER_EBOOK_CHANNELS_REQUIRE_PROVIDER_CHANNEL_EXPORT,NOT_PRIMARY_FOR_FORMAT,PROVIDER_EXPORT_REQUIRED,PROVIDER_EXPORT_REQUIRED,PROVIDER_EXPORT_REQUIRED,PROVIDER_EXPORT_REQUIRED,PROVIDER_EXPORT_REQUIRED,PROVIDER_EXPORT_REQUIRED,PROVIDER_EXPORT_REQUIRED,PROVIDER_READBACK_REQUIRED,APPLE_KOBO_BN_NOOK_AMAZON_AND_OTHER_EBOOK_CHANNELS_REQUIRE_PROVIDER_CHANNEL_EXPORT,CORESOURCE_PRIMARY,AMAZON_OR_BN_DIRECT_STRATEGIC_EXCEPTION_ONLY,NO_DIRECT_DUPLICATE_PROVEN_FOR_UNIT,NO_CURRENT_EVIDENCE_ONLY,CATALOG_PLUS_CORESOURCE_CENSUS
Pieces of Me All Over the Place,Ashanti Flemister,pieces-of-me-all-over-the-place,pieces-of-me-all-over-the-place,Paperback,9781950719686,NO,,LSI_POD_WHOLESALE_GLOBAL_DISTRIBUTION_REQUIRES_PROVIDER_CHANNEL_EXPORT,PROVIDER_ROUTE_VISIBLE_OR_LEGACY_REQUIRED,PROVIDER_EXPORT_REQUIRED,PROVIDER_EXPORT_REQUIRED,PROVIDER_EXPORT_REQUIRED,PROVIDER_EXPORT_REQUIRED,PROVIDER_EXPORT_REQUIRED,PROVIDER_EXPORT_REQUIRED,PROVIDER_EXPORT_REQUIRED,LSI_OR_INGRAMSPARK_PRIMARY_LEGACY_VALID,LSI_POD_WHOLESALE_GLOBAL_DISTRIBUTION_REQUIRES_PROVIDER_CHANNEL_EXPORT,CORESOURCE_TO_LSI_PRIMARY,INGRAMSPARK_CONTINGENCY,NO_DIRECT_DUPLICATE_PROVEN_FOR_UNIT,YES_LATER_GOVERNED_NORMALIZATION_CANDIDATE,CATALOG_PLUS_CORESOURCE_CENSUS
Pieces of Me All Over the Place,Ashanti Flemister,pieces-of-me-all-over-the-place,pieces-of-me-all-over-the-place,eBook,9781950719679,YES,9781950719679,APPLE_KOBO_BN_NOOK_AMAZON_AND_OTHER_EBOOK_CHANNELS_REQUIRE_PROVIDER_CHANNEL_EXPORT,NOT_PRIMARY_FOR_FORMAT,PROVIDER_EXPORT_REQUIRED,PROVIDER_EXPORT_REQUIRED,PROVIDER_EXPORT_REQUIRED,PROVIDER_EXPORT_REQUIRED,PROVIDER_EXPORT_REQUIRED,PROVIDER_EXPORT_REQUIRED,PROVIDER_EXPORT_REQUIRED,CORESOURCE_PRIMARY,APPLE_KOBO_BN_NOOK_AMAZON_AND_OTHER_EBOOK_CHANNELS_REQUIRE_PROVIDER_CHANNEL_EXPORT,CORESOURCE_PRIMARY,AMAZON_OR_BN_DIRECT_STRATEGIC_EXCEPTION_ONLY,NO_DIRECT_DUPLICATE_PROVEN_FOR_UNIT,NO_CURRENT_EVIDENCE_ONLY,CATALOG_PLUS_CORESOURCE_CENSUS
Pretty Wings,Natasha Gilchrist,pretty-wings,pretty-wings,Paperback,9781954414082,NO,,LSI_POD_WHOLESALE_GLOBAL_DISTRIBUTION_REQUIRES_PROVIDER_CHANNEL_EXPORT,PROVIDER_ROUTE_VISIBLE_OR_LEGACY_REQUIRED,PROVIDER_EXPORT_REQUIRED,PROVIDER_EXPORT_REQUIRED,PROVIDER_EXPORT_REQUIRED,PROVIDER_EXPORT_REQUIRED,PROVIDER_EXPORT_REQUIRED,PROVIDER_EXPORT_REQUIRED,PROVIDER_EXPORT_REQUIRED,LSI_OR_INGRAMSPARK_PRIMARY_LEGACY_VALID,LSI_POD_WHOLESALE_GLOBAL_DISTRIBUTION_REQUIRES_PROVIDER_CHANNEL_EXPORT,CORESOURCE_TO_LSI_PRIMARY,INGRAMSPARK_CONTINGENCY,NO_DIRECT_DUPLICATE_PROVEN_FOR_UNIT,YES_LATER_GOVERNED_NORMALIZATION_CANDIDATE,CATALOG_PLUS_CORESOURCE_CENSUS
Pretty Wings,Natasha Gilchrist,pretty-wings,pretty-wings,eBook,9781954414075,YES,9781950719006,APPLE_KOBO_BN_NOOK_AMAZON_AND_OTHER_EBOOK_CHANNELS_REQUIRE_PROVIDER_CHANNEL_EXPORT,NOT_PRIMARY_FOR_FORMAT,PROVIDER_EXPORT_REQUIRED,PROVIDER_EXPORT_REQUIRED,PROVIDER_EXPORT_REQUIRED,PROVIDER_EXPORT_REQUIRED,PROVIDER_EXPORT_REQUIRED,PROVIDER_EXPORT_REQUIRED,PROVIDER_EXPORT_REQUIRED,CORESOURCE_PRIMARY,APPLE_KOBO_BN_NOOK_AMAZON_AND_OTHER_EBOOK_CHANNELS_REQUIRE_PROVIDER_CHANNEL_EXPORT,CORESOURCE_PRIMARY,AMAZON_OR_BN_DIRECT_STRATEGIC_EXCEPTION_ONLY,NO_DIRECT_DUPLICATE_PROVEN_FOR_UNIT,NO_CURRENT_EVIDENCE_ONLY,CATALOG_PLUS_CORESOURCE_CENSUS
Rhyming It up with Church Stuff,Juanita Travis,rhyming-it-up-with-church-stuff,rhyming-it-up-with-church-stuff,Paperback,9781961475434,NO,,LSI_POD_WHOLESALE_GLOBAL_DISTRIBUTION_REQUIRES_PROVIDER_CHANNEL_EXPORT,PROVIDER_ROUTE_VISIBLE_OR_LEGACY_REQUIRED,PROVIDER_EXPORT_REQUIRED,PROVIDER_EXPORT_REQUIRED,PROVIDER_EXPORT_REQUIRED,PROVIDER_EXPORT_REQUIRED,PROVIDER_EXPORT_REQUIRED,PROVIDER_EXPORT_REQUIRED,PROVIDER_EXPORT_REQUIRED,LSI_OR_INGRAMSPARK_PRIMARY_LEGACY_VALID,LSI_POD_WHOLESALE_GLOBAL_DISTRIBUTION_REQUIRES_PROVIDER_CHANNEL_EXPORT,CORESOURCE_TO_LSI_PRIMARY,INGRAMSPARK_CONTINGENCY,NO_DIRECT_DUPLICATE_PROVEN_FOR_UNIT,YES_LATER_GOVERNED_NORMALIZATION_CANDIDATE,CATALOG_PLUS_CORESOURCE_CENSUS
Rhyming It up with Church Stuff,Juanita Travis,rhyming-it-up-with-church-stuff,rhyming-it-up-with-church-stuff,eBook,9781961475441,YES,9781961475434,APPLE_KOBO_BN_NOOK_AMAZON_AND_OTHER_EBOOK_CHANNELS_REQUIRE_PROVIDER_CHANNEL_EXPORT,NOT_PRIMARY_FOR_FORMAT,PROVIDER_EXPORT_REQUIRED,PROVIDER_EXPORT_REQUIRED,PROVIDER_EXPORT_REQUIRED,PROVIDER_EXPORT_REQUIRED,PROVIDER_EXPORT_REQUIRED,PROVIDER_EXPORT_REQUIRED,PROVIDER_EXPORT_REQUIRED,CORESOURCE_PRIMARY,APPLE_KOBO_BN_NOOK_AMAZON_AND_OTHER_EBOOK_CHANNELS_REQUIRE_PROVIDER_CHANNEL_EXPORT,CORESOURCE_PRIMARY,AMAZON_OR_BN_DIRECT_STRATEGIC_EXCEPTION_ONLY,NO_DIRECT_DUPLICATE_PROVEN_FOR_UNIT,NO_CURRENT_EVIDENCE_ONLY,CATALOG_PLUS_CORESOURCE_CENSUS
Seasons of Life,Diane Johnson,seasons-of-life,seasons-of-life,Paperback,9781961475069,NO,,LSI_POD_WHOLESALE_GLOBAL_DISTRIBUTION_REQUIRES_PROVIDER_CHANNEL_EXPORT,PROVIDER_ROUTE_VISIBLE_OR_LEGACY_REQUIRED,PROVIDER_EXPORT_REQUIRED,PROVIDER_EXPORT_REQUIRED,PROVIDER_EXPORT_REQUIRED,PROVIDER_EXPORT_REQUIRED,PROVIDER_EXPORT_REQUIRED,PROVIDER_EXPORT_REQUIRED,PROVIDER_EXPORT_REQUIRED,LSI_OR_INGRAMSPARK_PRIMARY_LEGACY_VALID,LSI_POD_WHOLESALE_GLOBAL_DISTRIBUTION_REQUIRES_PROVIDER_CHANNEL_EXPORT,CORESOURCE_TO_LSI_PRIMARY,INGRAMSPARK_CONTINGENCY,NO_DIRECT_DUPLICATE_PROVEN_FOR_UNIT,YES_LATER_GOVERNED_NORMALIZATION_CANDIDATE,CATALOG_PLUS_CORESOURCE_CENSUS
Seasons of Life,Diane Johnson,seasons-of-life,seasons-of-life,eBook,9781961475076,YES,9781961475069,APPLE_KOBO_BN_NOOK_AMAZON_AND_OTHER_EBOOK_CHANNELS_REQUIRE_PROVIDER_CHANNEL_EXPORT,NOT_PRIMARY_FOR_FORMAT,PROVIDER_EXPORT_REQUIRED,PROVIDER_EXPORT_REQUIRED,PROVIDER_EXPORT_REQUIRED,PROVIDER_EXPORT_REQUIRED,PROVIDER_EXPORT_REQUIRED,PROVIDER_EXPORT_REQUIRED,PROVIDER_EXPORT_REQUIRED,CORESOURCE_PRIMARY,APPLE_KOBO_BN_NOOK_AMAZON_AND_OTHER_EBOOK_CHANNELS_REQUIRE_PROVIDER_CHANNEL_EXPORT,CORESOURCE_PRIMARY,AMAZON_OR_BN_DIRECT_STRATEGIC_EXCEPTION_ONLY,NO_DIRECT_DUPLICATE_PROVEN_FOR_UNIT,NO_CURRENT_EVIDENCE_ONLY,CATALOG_PLUS_CORESOURCE_CENSUS
SHE,Darlene Carson,she,she,Paperback,9781950719907,NO,,LSI_POD_WHOLESALE_GLOBAL_DISTRIBUTION_REQUIRES_PROVIDER_CHANNEL_EXPORT,PROVIDER_ROUTE_VISIBLE_OR_LEGACY_REQUIRED,PROVIDER_EXPORT_REQUIRED,PROVIDER_EXPORT_REQUIRED,PROVIDER_EXPORT_REQUIRED,PROVIDER_EXPORT_REQUIRED,PROVIDER_EXPORT_REQUIRED,PROVIDER_EXPORT_REQUIRED,PROVIDER_EXPORT_REQUIRED,LSI_OR_INGRAMSPARK_PRIMARY_LEGACY_VALID,LSI_POD_WHOLESALE_GLOBAL_DISTRIBUTION_REQUIRES_PROVIDER_CHANNEL_EXPORT,CORESOURCE_TO_LSI_PRIMARY,INGRAMSPARK_CONTINGENCY,NO_DIRECT_DUPLICATE_PROVEN_FOR_UNIT,YES_LATER_GOVERNED_NORMALIZATION_CANDIDATE,CATALOG_PLUS_CORESOURCE_CENSUS
SHE,Darlene Carson,she,she,eBook,9781950719891,YES,9781950719891,APPLE_KOBO_BN_NOOK_AMAZON_AND_OTHER_EBOOK_CHANNELS_REQUIRE_PROVIDER_CHANNEL_EXPORT,NOT_PRIMARY_FOR_FORMAT,PROVIDER_EXPORT_REQUIRED,PROVIDER_EXPORT_REQUIRED,PROVIDER_EXPORT_REQUIRED,PROVIDER_EXPORT_REQUIRED,PROVIDER_EXPORT_REQUIRED,PROVIDER_EXPORT_REQUIRED,PROVIDER_EXPORT_REQUIRED,CORESOURCE_PRIMARY,APPLE_KOBO_BN_NOOK_AMAZON_AND_OTHER_EBOOK_CHANNELS_REQUIRE_PROVIDER_CHANNEL_EXPORT,CORESOURCE_PRIMARY,AMAZON_OR_BN_DIRECT_STRATEGIC_EXCEPTION_ONLY,NO_DIRECT_DUPLICATE_PROVEN_FOR_UNIT,NO_CURRENT_EVIDENCE_ONLY,CATALOG_PLUS_CORESOURCE_CENSUS
Speech Therapy Works!,Cynthia Sloan,speech-therapy-works,speech-therapy-works,Paperback,9781950719563,NO,,LSI_POD_WHOLESALE_GLOBAL_DISTRIBUTION_REQUIRES_PROVIDER_CHANNEL_EXPORT,PROVIDER_ROUTE_VISIBLE_OR_LEGACY_REQUIRED,PROVIDER_EXPORT_REQUIRED,PROVIDER_EXPORT_REQUIRED,PROVIDER_EXPORT_REQUIRED,PROVIDER_EXPORT_REQUIRED,PROVIDER_EXPORT_REQUIRED,PROVIDER_EXPORT_REQUIRED,PROVIDER_EXPORT_REQUIRED,LSI_OR_INGRAMSPARK_PRIMARY_LEGACY_VALID,LSI_POD_WHOLESALE_GLOBAL_DISTRIBUTION_REQUIRES_PROVIDER_CHANNEL_EXPORT,CORESOURCE_TO_LSI_PRIMARY,INGRAMSPARK_CONTINGENCY,NO_DIRECT_DUPLICATE_PROVEN_FOR_UNIT,YES_LATER_GOVERNED_NORMALIZATION_CANDIDATE,CATALOG_PLUS_CORESOURCE_CENSUS
Speech Therapy Works!,Cynthia Sloan,speech-therapy-works,speech-therapy-works,eBook,9781950719556,YES,9781950719563,APPLE_KOBO_BN_NOOK_AMAZON_AND_OTHER_EBOOK_CHANNELS_REQUIRE_PROVIDER_CHANNEL_EXPORT,NOT_PRIMARY_FOR_FORMAT,PROVIDER_EXPORT_REQUIRED,PROVIDER_EXPORT_REQUIRED,PROVIDER_EXPORT_REQUIRED,PROVIDER_EXPORT_REQUIRED,PROVIDER_EXPORT_REQUIRED,PROVIDER_EXPORT_REQUIRED,PROVIDER_EXPORT_REQUIRED,CORESOURCE_PRIMARY,APPLE_KOBO_BN_NOOK_AMAZON_AND_OTHER_EBOOK_CHANNELS_REQUIRE_PROVIDER_CHANNEL_EXPORT,CORESOURCE_PRIMARY,AMAZON_OR_BN_DIRECT_STRATEGIC_EXCEPTION_ONLY,NO_DIRECT_DUPLICATE_PROVEN_FOR_UNIT,NO_CURRENT_EVIDENCE_ONLY,CATALOG_PLUS_CORESOURCE_CENSUS
Support Beyond the Cycle,Brandyn McElroy,support-beyond-the-cycle,support-beyond-the-cycle,Paperback,9781950719969,NO,,LSI_POD_WHOLESALE_GLOBAL_DISTRIBUTION_REQUIRES_PROVIDER_CHANNEL_EXPORT,PROVIDER_ROUTE_VISIBLE_OR_LEGACY_REQUIRED,PROVIDER_EXPORT_REQUIRED,PROVIDER_EXPORT_REQUIRED,PROVIDER_EXPORT_REQUIRED,PROVIDER_EXPORT_REQUIRED,PROVIDER_EXPORT_REQUIRED,PROVIDER_EXPORT_REQUIRED,PROVIDER_EXPORT_REQUIRED,LSI_OR_INGRAMSPARK_PRIMARY_LEGACY_VALID,LSI_POD_WHOLESALE_GLOBAL_DISTRIBUTION_REQUIRES_PROVIDER_CHANNEL_EXPORT,CORESOURCE_TO_LSI_PRIMARY,INGRAMSPARK_CONTINGENCY,NO_DIRECT_DUPLICATE_PROVEN_FOR_UNIT,YES_LATER_GOVERNED_NORMALIZATION_CANDIDATE,CATALOG_PLUS_CORESOURCE_CENSUS
Support Beyond the Cycle,Brandyn McElroy,support-beyond-the-cycle,support-beyond-the-cycle,eBook,9781950719952,YES,9781950719952,APPLE_KOBO_BN_NOOK_AMAZON_AND_OTHER_EBOOK_CHANNELS_REQUIRE_PROVIDER_CHANNEL_EXPORT,NOT_PRIMARY_FOR_FORMAT,PROVIDER_EXPORT_REQUIRED,PROVIDER_EXPORT_REQUIRED,PROVIDER_EXPORT_REQUIRED,PROVIDER_EXPORT_REQUIRED,PROVIDER_EXPORT_REQUIRED,PROVIDER_EXPORT_REQUIRED,PROVIDER_EXPORT_REQUIRED,CORESOURCE_PRIMARY,APPLE_KOBO_BN_NOOK_AMAZON_AND_OTHER_EBOOK_CHANNELS_REQUIRE_PROVIDER_CHANNEL_EXPORT,CORESOURCE_PRIMARY,AMAZON_OR_BN_DIRECT_STRATEGIC_EXCEPTION_ONLY,NO_DIRECT_DUPLICATE_PROVEN_FOR_UNIT,NO_CURRENT_EVIDENCE_ONLY,CATALOG_PLUS_CORESOURCE_CENSUS
Taylor Made,Eryonna Barrino,taylor-made,taylor-made,Paperback,9781961475212,YES,9781961475212,LSI_POD_WHOLESALE_GLOBAL_DISTRIBUTION_REQUIRES_PROVIDER_CHANNEL_EXPORT,PROVIDER_ROUTE_VISIBLE_OR_LEGACY_REQUIRED,PROVIDER_EXPORT_REQUIRED,PROVIDER_EXPORT_REQUIRED,PROVIDER_EXPORT_REQUIRED,PROVIDER_EXPORT_REQUIRED,PROVIDER_EXPORT_REQUIRED,PROVIDER_EXPORT_REQUIRED,PROVIDER_EXPORT_REQUIRED,CORESOURCE_TO_LSI_PRIMARY,LSI_POD_WHOLESALE_GLOBAL_DISTRIBUTION_REQUIRES_PROVIDER_CHANNEL_EXPORT,CORESOURCE_TO_LSI_PRIMARY,INGRAMSPARK_CONTINGENCY,NO_DIRECT_DUPLICATE_PROVEN_FOR_UNIT,NO_CURRENT_EVIDENCE_ONLY,CATALOG_PLUS_CORESOURCE_CENSUS
Taylor Made,Eryonna Barrino,taylor-made,taylor-made,Hardcover,9781961475298,YES,9781961475212,LSI_POD_WHOLESALE_GLOBAL_DISTRIBUTION_REQUIRES_PROVIDER_CHANNEL_EXPORT,PROVIDER_ROUTE_VISIBLE_OR_LEGACY_REQUIRED,PROVIDER_EXPORT_REQUIRED,PROVIDER_EXPORT_REQUIRED,PROVIDER_EXPORT_REQUIRED,PROVIDER_EXPORT_REQUIRED,PROVIDER_EXPORT_REQUIRED,PROVIDER_EXPORT_REQUIRED,PROVIDER_EXPORT_REQUIRED,CORESOURCE_TO_LSI_PRIMARY,LSI_POD_WHOLESALE_GLOBAL_DISTRIBUTION_REQUIRES_PROVIDER_CHANNEL_EXPORT,CORESOURCE_TO_LSI_PRIMARY,INGRAMSPARK_CONTINGENCY,NO_DIRECT_DUPLICATE_PROVEN_FOR_UNIT,NO_CURRENT_EVIDENCE_ONLY,CATALOG_PLUS_CORESOURCE_CENSUS
Taylor Made,Eryonna Barrino,taylor-made,taylor-made,eBook,9781961475229,YES,9781961475212,APPLE_KOBO_BN_NOOK_AMAZON_AND_OTHER_EBOOK_CHANNELS_REQUIRE_PROVIDER_CHANNEL_EXPORT,NOT_PRIMARY_FOR_FORMAT,PROVIDER_EXPORT_REQUIRED,PROVIDER_EXPORT_REQUIRED,PROVIDER_EXPORT_REQUIRED,PROVIDER_EXPORT_REQUIRED,PROVIDER_EXPORT_REQUIRED,PROVIDER_EXPORT_REQUIRED,PROVIDER_EXPORT_REQUIRED,CORESOURCE_PRIMARY,APPLE_KOBO_BN_NOOK_AMAZON_AND_OTHER_EBOOK_CHANNELS_REQUIRE_PROVIDER_CHANNEL_EXPORT,CORESOURCE_PRIMARY,AMAZON_OR_BN_DIRECT_STRATEGIC_EXCEPTION_ONLY,NO_DIRECT_DUPLICATE_PROVEN_FOR_UNIT,NO_CURRENT_EVIDENCE_ONLY,CATALOG_PLUS_CORESOURCE_CENSUS
Taylor Made,Eryonna Barrino,taylor-made,taylor-made,Audiobook,9781961475304,YES,9781961475212,AUDIBLE_APPLE_AUDIO_AUDIO_CHANNELS_REQUIRE_PROVIDER_CHANNEL_EXPORT,NOT_PRIMARY_FOR_FORMAT,PROVIDER_EXPORT_REQUIRED,PROVIDER_EXPORT_REQUIRED,PROVIDER_EXPORT_REQUIRED,PROVIDER_EXPORT_REQUIRED,PROVIDER_EXPORT_REQUIRED,PROVIDER_EXPORT_REQUIRED,PROVIDER_EXPORT_REQUIRED,CORESOURCE_PRIMARY,AUDIBLE_APPLE_AUDIO_AUDIO_CHANNELS_REQUIRE_PROVIDER_CHANNEL_EXPORT,CORESOURCE_AUDIO_PRIMARY_WITH_ACX_EXCEPTION,ACX_HUMAN_ASSISTED_EXCEPTION,NO_DIRECT_DUPLICATE_PROVEN_FOR_UNIT,NO_CURRENT_EVIDENCE_ONLY,CATALOG_PLUS_CORESOURCE_CENSUS
The Celestial Advantage,Obadiah E. Harris,the-celestial-advantage,the-celestial-advantage,Paperback,9781950719082,NO,,LSI_POD_WHOLESALE_GLOBAL_DISTRIBUTION_REQUIRES_PROVIDER_CHANNEL_EXPORT,PROVIDER_ROUTE_VISIBLE_OR_LEGACY_REQUIRED,PROVIDER_EXPORT_REQUIRED,PROVIDER_EXPORT_REQUIRED,PROVIDER_EXPORT_REQUIRED,YES_VISIBLE_OR_LIKELY_FROM_KDP_SNAPSHOT,VISIBLE_IN_KDP_SNAPSHOT_FOR_MATCHING_TITLE_OR_ISBN,PROVIDER_EXPORT_REQUIRED,PROVIDER_EXPORT_REQUIRED,LSI_OR_INGRAMSPARK_PRIMARY_LEGACY_VALID,LSI_POD_WHOLESALE_GLOBAL_DISTRIBUTION_REQUIRES_PROVIDER_CHANNEL_EXPORT,CORESOURCE_TO_LSI_PRIMARY,INGRAMSPARK_CONTINGENCY,AMAZON_DIRECT_RECORD_VISIBLE_OR_LIKELY_FROM_KDP_SNAPSHOT_REQUIRES_TITLE_BY_TITLE_NORMALIZATION,YES_LATER_GOVERNED_NORMALIZATION_CANDIDATE,CATALOG_PLUS_CORESOURCE_CENSUS;KDP_SNAPSHOT
The Celestial Advantage,Obadiah E. Harris,the-celestial-advantage,the-celestial-advantage,eBook,9781950719099,YES,9781950719082,APPLE_KOBO_BN_NOOK_AMAZON_AND_OTHER_EBOOK_CHANNELS_REQUIRE_PROVIDER_CHANNEL_EXPORT,NOT_PRIMARY_FOR_FORMAT,PROVIDER_EXPORT_REQUIRED,PROVIDER_EXPORT_REQUIRED,PROVIDER_EXPORT_REQUIRED,YES_VISIBLE_OR_LIKELY_FROM_KDP_SNAPSHOT,VISIBLE_IN_KDP_SNAPSHOT_FOR_MATCHING_TITLE_OR_ISBN,PROVIDER_EXPORT_REQUIRED,PROVIDER_EXPORT_REQUIRED,CORESOURCE_PRIMARY,APPLE_KOBO_BN_NOOK_AMAZON_AND_OTHER_EBOOK_CHANNELS_REQUIRE_PROVIDER_CHANNEL_EXPORT,CORESOURCE_PRIMARY,AMAZON_OR_BN_DIRECT_STRATEGIC_EXCEPTION_ONLY,AMAZON_DIRECT_RECORD_VISIBLE_OR_LIKELY_FROM_KDP_SNAPSHOT_REQUIRES_TITLE_BY_TITLE_NORMALIZATION,YES_LATER_GOVERNED_NORMALIZATION_CANDIDATE,CATALOG_PLUS_CORESOURCE_CENSUS;KDP_SNAPSHOT
The Doctrine of Last Things,Lyle Goddard,the-doctrine-of-last-things,the-doctrine-of-last-things,Paperback,9781954414440,NO,,LSI_POD_WHOLESALE_GLOBAL_DISTRIBUTION_REQUIRES_PROVIDER_CHANNEL_EXPORT,PROVIDER_ROUTE_VISIBLE_OR_LEGACY_REQUIRED,PROVIDER_EXPORT_REQUIRED,PROVIDER_EXPORT_REQUIRED,PROVIDER_EXPORT_REQUIRED,PROVIDER_EXPORT_REQUIRED,PROVIDER_EXPORT_REQUIRED,PROVIDER_EXPORT_REQUIRED,PROVIDER_EXPORT_REQUIRED,LSI_OR_INGRAMSPARK_PRIMARY_LEGACY_VALID,LSI_POD_WHOLESALE_GLOBAL_DISTRIBUTION_REQUIRES_PROVIDER_CHANNEL_EXPORT,CORESOURCE_TO_LSI_PRIMARY,INGRAMSPARK_CONTINGENCY,NO_DIRECT_DUPLICATE_PROVEN_FOR_UNIT,YES_LATER_GOVERNED_NORMALIZATION_CANDIDATE,CATALOG_PLUS_CORESOURCE_CENSUS
The Doctrine of Last Things,Lyle Goddard,the-doctrine-of-last-things,the-doctrine-of-last-things,eBook,9781954414433,YES,9781954414433,APPLE_KOBO_BN_NOOK_AMAZON_AND_OTHER_EBOOK_CHANNELS_REQUIRE_PROVIDER_CHANNEL_EXPORT,NOT_PRIMARY_FOR_FORMAT,PROVIDER_EXPORT_REQUIRED,PROVIDER_EXPORT_REQUIRED,PROVIDER_EXPORT_REQUIRED,PROVIDER_EXPORT_REQUIRED,PROVIDER_EXPORT_REQUIRED,PROVIDER_EXPORT_REQUIRED,PROVIDER_EXPORT_REQUIRED,CORESOURCE_PRIMARY,APPLE_KOBO_BN_NOOK_AMAZON_AND_OTHER_EBOOK_CHANNELS_REQUIRE_PROVIDER_CHANNEL_EXPORT,CORESOURCE_PRIMARY,AMAZON_OR_BN_DIRECT_STRATEGIC_EXCEPTION_ONLY,NO_DIRECT_DUPLICATE_PROVEN_FOR_UNIT,NO_CURRENT_EVIDENCE_ONLY,CATALOG_PLUS_CORESOURCE_CENSUS
"The Essence of Life, Love Letters to Christ",Janet Stephens,the-essence-of-life-love-letters-to-christ,the-essence-of-life-love-letters-to-christ,Paperback,9781950719211,NO,,LSI_POD_WHOLESALE_GLOBAL_DISTRIBUTION_REQUIRES_PROVIDER_CHANNEL_EXPORT,PROVIDER_ROUTE_VISIBLE_OR_LEGACY_REQUIRED,PROVIDER_EXPORT_REQUIRED,PROVIDER_EXPORT_REQUIRED,PROVIDER_EXPORT_REQUIRED,PROVIDER_EXPORT_REQUIRED,PROVIDER_EXPORT_REQUIRED,PROVIDER_EXPORT_REQUIRED,PROVIDER_EXPORT_REQUIRED,LSI_OR_INGRAMSPARK_PRIMARY_LEGACY_VALID,LSI_POD_WHOLESALE_GLOBAL_DISTRIBUTION_REQUIRES_PROVIDER_CHANNEL_EXPORT,CORESOURCE_TO_LSI_PRIMARY,INGRAMSPARK_CONTINGENCY,NO_DIRECT_DUPLICATE_PROVEN_FOR_UNIT,YES_LATER_GOVERNED_NORMALIZATION_CANDIDATE,CATALOG_PLUS_CORESOURCE_CENSUS
"The Essence of Life, Love Letters to Christ",Janet Stephens,the-essence-of-life-love-letters-to-christ,the-essence-of-life-love-letters-to-christ,eBook,9781950719235,YES,9781950719211,APPLE_KOBO_BN_NOOK_AMAZON_AND_OTHER_EBOOK_CHANNELS_REQUIRE_PROVIDER_CHANNEL_EXPORT,NOT_PRIMARY_FOR_FORMAT,PROVIDER_EXPORT_REQUIRED,PROVIDER_EXPORT_REQUIRED,PROVIDER_EXPORT_REQUIRED,PROVIDER_EXPORT_REQUIRED,PROVIDER_EXPORT_REQUIRED,PROVIDER_EXPORT_REQUIRED,PROVIDER_EXPORT_REQUIRED,CORESOURCE_PRIMARY,APPLE_KOBO_BN_NOOK_AMAZON_AND_OTHER_EBOOK_CHANNELS_REQUIRE_PROVIDER_CHANNEL_EXPORT,CORESOURCE_PRIMARY,AMAZON_OR_BN_DIRECT_STRATEGIC_EXCEPTION_ONLY,NO_DIRECT_DUPLICATE_PROVEN_FOR_UNIT,NO_CURRENT_EVIDENCE_ONLY,CATALOG_PLUS_CORESOURCE_CENSUS
The Fight for the Promiseland,Cheryl Cook,the-fight-for-the-promiseland,the-fight-for-the-promiseland,Paperback,9781961475632,YES,9781961475632,LSI_POD_WHOLESALE_GLOBAL_DISTRIBUTION_REQUIRES_PROVIDER_CHANNEL_EXPORT,PROVIDER_ROUTE_VISIBLE_OR_LEGACY_REQUIRED,PROVIDER_EXPORT_REQUIRED,PROVIDER_EXPORT_REQUIRED,PROVIDER_EXPORT_REQUIRED,PROVIDER_EXPORT_REQUIRED,PROVIDER_EXPORT_REQUIRED,PROVIDER_EXPORT_REQUIRED,PROVIDER_EXPORT_REQUIRED,CORESOURCE_TO_LSI_PRIMARY,LSI_POD_WHOLESALE_GLOBAL_DISTRIBUTION_REQUIRES_PROVIDER_CHANNEL_EXPORT,CORESOURCE_TO_LSI_PRIMARY,INGRAMSPARK_CONTINGENCY,NO_DIRECT_DUPLICATE_PROVEN_FOR_UNIT,NO_CURRENT_EVIDENCE_ONLY,CATALOG_PLUS_CORESOURCE_CENSUS
The Fight for the Promiseland,Cheryl Cook,the-fight-for-the-promiseland,the-fight-for-the-promiseland,eBook,9781961475649,YES,9781961475632,APPLE_KOBO_BN_NOOK_AMAZON_AND_OTHER_EBOOK_CHANNELS_REQUIRE_PROVIDER_CHANNEL_EXPORT,NOT_PRIMARY_FOR_FORMAT,PROVIDER_EXPORT_REQUIRED,PROVIDER_EXPORT_REQUIRED,PROVIDER_EXPORT_REQUIRED,PROVIDER_EXPORT_REQUIRED,PROVIDER_EXPORT_REQUIRED,PROVIDER_EXPORT_REQUIRED,PROVIDER_EXPORT_REQUIRED,CORESOURCE_PRIMARY,APPLE_KOBO_BN_NOOK_AMAZON_AND_OTHER_EBOOK_CHANNELS_REQUIRE_PROVIDER_CHANNEL_EXPORT,CORESOURCE_PRIMARY,AMAZON_OR_BN_DIRECT_STRATEGIC_EXCEPTION_ONLY,NO_DIRECT_DUPLICATE_PROVEN_FOR_UNIT,NO_CURRENT_EVIDENCE_ONLY,CATALOG_PLUS_CORESOURCE_CENSUS
The Flame,Veronica Brown,the-flame,the-flame,Paperback,9781961475113,NO,,LSI_POD_WHOLESALE_GLOBAL_DISTRIBUTION_REQUIRES_PROVIDER_CHANNEL_EXPORT,PROVIDER_ROUTE_VISIBLE_OR_LEGACY_REQUIRED,PROVIDER_EXPORT_REQUIRED,PROVIDER_EXPORT_REQUIRED,PROVIDER_EXPORT_REQUIRED,PROVIDER_EXPORT_REQUIRED,PROVIDER_EXPORT_REQUIRED,PROVIDER_EXPORT_REQUIRED,PROVIDER_EXPORT_REQUIRED,LSI_OR_INGRAMSPARK_PRIMARY_LEGACY_VALID,LSI_POD_WHOLESALE_GLOBAL_DISTRIBUTION_REQUIRES_PROVIDER_CHANNEL_EXPORT,CORESOURCE_TO_LSI_PRIMARY,INGRAMSPARK_CONTINGENCY,NO_DIRECT_DUPLICATE_PROVEN_FOR_UNIT,YES_LATER_GOVERNED_NORMALIZATION_CANDIDATE,CATALOG_PLUS_CORESOURCE_CENSUS
The Flame,Veronica Brown,the-flame,the-flame,eBook,9781954414600,NO,,APPLE_KOBO_BN_NOOK_AMAZON_AND_OTHER_EBOOK_CHANNELS_REQUIRE_PROVIDER_CHANNEL_EXPORT,NOT_PRIMARY_FOR_FORMAT,PROVIDER_EXPORT_REQUIRED,PROVIDER_EXPORT_REQUIRED,PROVIDER_EXPORT_REQUIRED,PROVIDER_EXPORT_REQUIRED,PROVIDER_EXPORT_REQUIRED,PROVIDER_EXPORT_REQUIRED,PROVIDER_EXPORT_REQUIRED,PROVIDER_READBACK_REQUIRED,APPLE_KOBO_BN_NOOK_AMAZON_AND_OTHER_EBOOK_CHANNELS_REQUIRE_PROVIDER_CHANNEL_EXPORT,CORESOURCE_PRIMARY,AMAZON_OR_BN_DIRECT_STRATEGIC_EXCEPTION_ONLY,NO_DIRECT_DUPLICATE_PROVEN_FOR_UNIT,NO_CURRENT_EVIDENCE_ONLY,CATALOG_PLUS_CORESOURCE_CENSUS
The Girl with the Ebony Locs and the Three Bears,Deborah Eiland,the-girl-with-the-ebony-locs-and-the-three-bears,the-girl-with-the-ebony-locs-and-the-three-bears,Paperback,9781950719068,NO,,LSI_POD_WHOLESALE_GLOBAL_DISTRIBUTION_REQUIRES_PROVIDER_CHANNEL_EXPORT,PROVIDER_ROUTE_VISIBLE_OR_LEGACY_REQUIRED,PROVIDER_EXPORT_REQUIRED,PROVIDER_EXPORT_REQUIRED,PROVIDER_EXPORT_REQUIRED,PROVIDER_EXPORT_REQUIRED,PROVIDER_EXPORT_REQUIRED,PROVIDER_EXPORT_REQUIRED,PROVIDER_EXPORT_REQUIRED,LSI_OR_INGRAMSPARK_PRIMARY_LEGACY_VALID,LSI_POD_WHOLESALE_GLOBAL_DISTRIBUTION_REQUIRES_PROVIDER_CHANNEL_EXPORT,CORESOURCE_TO_LSI_PRIMARY,INGRAMSPARK_CONTINGENCY,NO_DIRECT_DUPLICATE_PROVEN_FOR_UNIT,YES_LATER_GOVERNED_NORMALIZATION_CANDIDATE,CATALOG_PLUS_CORESOURCE_CENSUS
The Girl with the Ebony Locs and the Three Bears,Deborah Eiland,the-girl-with-the-ebony-locs-and-the-three-bears,the-girl-with-the-ebony-locs-and-the-three-bears,eBook,9781950719075,YES,9781950719075,APPLE_KOBO_BN_NOOK_AMAZON_AND_OTHER_EBOOK_CHANNELS_REQUIRE_PROVIDER_CHANNEL_EXPORT,NOT_PRIMARY_FOR_FORMAT,PROVIDER_EXPORT_REQUIRED,PROVIDER_EXPORT_REQUIRED,PROVIDER_EXPORT_REQUIRED,PROVIDER_EXPORT_REQUIRED,PROVIDER_EXPORT_REQUIRED,PROVIDER_EXPORT_REQUIRED,PROVIDER_EXPORT_REQUIRED,CORESOURCE_PRIMARY,APPLE_KOBO_BN_NOOK_AMAZON_AND_OTHER_EBOOK_CHANNELS_REQUIRE_PROVIDER_CHANNEL_EXPORT,CORESOURCE_PRIMARY,AMAZON_OR_BN_DIRECT_STRATEGIC_EXCEPTION_ONLY,NO_DIRECT_DUPLICATE_PROVEN_FOR_UNIT,NO_CURRENT_EVIDENCE_ONLY,CATALOG_PLUS_CORESOURCE_CENSUS
The Great Hair Restart,Karen Hill,the-great-hair-restart,the-great-hair-restart,Paperback,9781961475137,NO,,LSI_POD_WHOLESALE_GLOBAL_DISTRIBUTION_REQUIRES_PROVIDER_CHANNEL_EXPORT,PROVIDER_ROUTE_VISIBLE_OR_LEGACY_REQUIRED,PROVIDER_EXPORT_REQUIRED,PROVIDER_EXPORT_REQUIRED,PROVIDER_EXPORT_REQUIRED,PROVIDER_EXPORT_REQUIRED,PROVIDER_EXPORT_REQUIRED,PROVIDER_EXPORT_REQUIRED,PROVIDER_EXPORT_REQUIRED,LSI_OR_INGRAMSPARK_PRIMARY_LEGACY_VALID,LSI_POD_WHOLESALE_GLOBAL_DISTRIBUTION_REQUIRES_PROVIDER_CHANNEL_EXPORT,CORESOURCE_TO_LSI_PRIMARY,INGRAMSPARK_CONTINGENCY,NO_DIRECT_DUPLICATE_PROVEN_FOR_UNIT,YES_LATER_GOVERNED_NORMALIZATION_CANDIDATE,CATALOG_PLUS_CORESOURCE_CENSUS
The Great Hair Restart,Karen Hill,the-great-hair-restart,the-great-hair-restart,Hardcover,9781961475144,NO,,LSI_POD_WHOLESALE_GLOBAL_DISTRIBUTION_REQUIRES_PROVIDER_CHANNEL_EXPORT,PROVIDER_ROUTE_VISIBLE_OR_LEGACY_REQUIRED,PROVIDER_EXPORT_REQUIRED,PROVIDER_EXPORT_REQUIRED,PROVIDER_EXPORT_REQUIRED,PROVIDER_EXPORT_REQUIRED,PROVIDER_EXPORT_REQUIRED,PROVIDER_EXPORT_REQUIRED,PROVIDER_EXPORT_REQUIRED,LSI_OR_INGRAMSPARK_PRIMARY_LEGACY_VALID,LSI_POD_WHOLESALE_GLOBAL_DISTRIBUTION_REQUIRES_PROVIDER_CHANNEL_EXPORT,CORESOURCE_TO_LSI_PRIMARY,INGRAMSPARK_CONTINGENCY,NO_DIRECT_DUPLICATE_PROVEN_FOR_UNIT,YES_LATER_GOVERNED_NORMALIZATION_CANDIDATE,CATALOG_PLUS_CORESOURCE_CENSUS
The Great Hair Restart,Karen Hill,the-great-hair-restart,the-great-hair-restart,eBook,9781961475120,YES,9781961475137,APPLE_KOBO_BN_NOOK_AMAZON_AND_OTHER_EBOOK_CHANNELS_REQUIRE_PROVIDER_CHANNEL_EXPORT,NOT_PRIMARY_FOR_FORMAT,PROVIDER_EXPORT_REQUIRED,PROVIDER_EXPORT_REQUIRED,PROVIDER_EXPORT_REQUIRED,PROVIDER_EXPORT_REQUIRED,PROVIDER_EXPORT_REQUIRED,PROVIDER_EXPORT_REQUIRED,PROVIDER_EXPORT_REQUIRED,CORESOURCE_PRIMARY,APPLE_KOBO_BN_NOOK_AMAZON_AND_OTHER_EBOOK_CHANNELS_REQUIRE_PROVIDER_CHANNEL_EXPORT,CORESOURCE_PRIMARY,AMAZON_OR_BN_DIRECT_STRATEGIC_EXCEPTION_ONLY,NO_DIRECT_DUPLICATE_PROVEN_FOR_UNIT,NO_CURRENT_EVIDENCE_ONLY,CATALOG_PLUS_CORESOURCE_CENSUS
The Healed Me,Maurché Reed,the-healed-me,the-healed-me,Paperback,9781954414624,NO,,LSI_POD_WHOLESALE_GLOBAL_DISTRIBUTION_REQUIRES_PROVIDER_CHANNEL_EXPORT,PROVIDER_ROUTE_VISIBLE_OR_LEGACY_REQUIRED,PROVIDER_EXPORT_REQUIRED,PROVIDER_EXPORT_REQUIRED,PROVIDER_EXPORT_REQUIRED,PROVIDER_EXPORT_REQUIRED,PROVIDER_EXPORT_REQUIRED,PROVIDER_EXPORT_REQUIRED,PROVIDER_EXPORT_REQUIRED,LSI_OR_INGRAMSPARK_PRIMARY_LEGACY_VALID,LSI_POD_WHOLESALE_GLOBAL_DISTRIBUTION_REQUIRES_PROVIDER_CHANNEL_EXPORT,CORESOURCE_TO_LSI_PRIMARY,INGRAMSPARK_CONTINGENCY,NO_DIRECT_DUPLICATE_PROVEN_FOR_UNIT,YES_LATER_GOVERNED_NORMALIZATION_CANDIDATE,CATALOG_PLUS_CORESOURCE_CENSUS
The Healed Me,Maurché Reed,the-healed-me,the-healed-me,Hardcover,9781954414839,NO,,LSI_POD_WHOLESALE_GLOBAL_DISTRIBUTION_REQUIRES_PROVIDER_CHANNEL_EXPORT,PROVIDER_ROUTE_VISIBLE_OR_LEGACY_REQUIRED,PROVIDER_EXPORT_REQUIRED,PROVIDER_EXPORT_REQUIRED,PROVIDER_EXPORT_REQUIRED,PROVIDER_EXPORT_REQUIRED,PROVIDER_EXPORT_REQUIRED,PROVIDER_EXPORT_REQUIRED,PROVIDER_EXPORT_REQUIRED,LSI_OR_INGRAMSPARK_PRIMARY_LEGACY_VALID,LSI_POD_WHOLESALE_GLOBAL_DISTRIBUTION_REQUIRES_PROVIDER_CHANNEL_EXPORT,CORESOURCE_TO_LSI_PRIMARY,INGRAMSPARK_CONTINGENCY,NO_DIRECT_DUPLICATE_PROVEN_FOR_UNIT,YES_LATER_GOVERNED_NORMALIZATION_CANDIDATE,CATALOG_PLUS_CORESOURCE_CENSUS
The Healed Me,Maurché Reed,the-healed-me,the-healed-me,eBook,9781954414617,YES,9781792313707,APPLE_KOBO_BN_NOOK_AMAZON_AND_OTHER_EBOOK_CHANNELS_REQUIRE_PROVIDER_CHANNEL_EXPORT,NOT_PRIMARY_FOR_FORMAT,PROVIDER_EXPORT_REQUIRED,PROVIDER_EXPORT_REQUIRED,PROVIDER_EXPORT_REQUIRED,PROVIDER_EXPORT_REQUIRED,PROVIDER_EXPORT_REQUIRED,PROVIDER_EXPORT_REQUIRED,PROVIDER_EXPORT_REQUIRED,CORESOURCE_PRIMARY,APPLE_KOBO_BN_NOOK_AMAZON_AND_OTHER_EBOOK_CHANNELS_REQUIRE_PROVIDER_CHANNEL_EXPORT,CORESOURCE_PRIMARY,AMAZON_OR_BN_DIRECT_STRATEGIC_EXCEPTION_ONLY,NO_DIRECT_DUPLICATE_PROVEN_FOR_UNIT,NO_CURRENT_EVIDENCE_ONLY,CATALOG_PLUS_CORESOURCE_CENSUS
The Hood,Randall Beverly,the-hood,the-hood,Paperback,9781950719471,NO,,LSI_POD_WHOLESALE_GLOBAL_DISTRIBUTION_REQUIRES_PROVIDER_CHANNEL_EXPORT,PROVIDER_ROUTE_VISIBLE_OR_LEGACY_REQUIRED,PROVIDER_EXPORT_REQUIRED,PROVIDER_EXPORT_REQUIRED,PROVIDER_EXPORT_REQUIRED,PROVIDER_EXPORT_REQUIRED,PROVIDER_EXPORT_REQUIRED,PROVIDER_EXPORT_REQUIRED,PROVIDER_EXPORT_REQUIRED,LSI_OR_INGRAMSPARK_PRIMARY_LEGACY_VALID,LSI_POD_WHOLESALE_GLOBAL_DISTRIBUTION_REQUIRES_PROVIDER_CHANNEL_EXPORT,CORESOURCE_TO_LSI_PRIMARY,INGRAMSPARK_CONTINGENCY,NO_DIRECT_DUPLICATE_PROVEN_FOR_UNIT,YES_LATER_GOVERNED_NORMALIZATION_CANDIDATE,CATALOG_PLUS_CORESOURCE_CENSUS
The Hood,Randall Beverly,the-hood,the-hood,eBook,9781950719488,YES,9781950719471,APPLE_KOBO_BN_NOOK_AMAZON_AND_OTHER_EBOOK_CHANNELS_REQUIRE_PROVIDER_CHANNEL_EXPORT,NOT_PRIMARY_FOR_FORMAT,PROVIDER_EXPORT_REQUIRED,PROVIDER_EXPORT_REQUIRED,PROVIDER_EXPORT_REQUIRED,PROVIDER_EXPORT_REQUIRED,PROVIDER_EXPORT_REQUIRED,PROVIDER_EXPORT_REQUIRED,PROVIDER_EXPORT_REQUIRED,CORESOURCE_PRIMARY,APPLE_KOBO_BN_NOOK_AMAZON_AND_OTHER_EBOOK_CHANNELS_REQUIRE_PROVIDER_CHANNEL_EXPORT,CORESOURCE_PRIMARY,AMAZON_OR_BN_DIRECT_STRATEGIC_EXCEPTION_ONLY,NO_DIRECT_DUPLICATE_PROVEN_FOR_UNIT,NO_CURRENT_EVIDENCE_ONLY,CATALOG_PLUS_CORESOURCE_CENSUS
The I Am in Me,Tekisha Wimbush,the-i-am-in-me,the-i-am-in-me,Paperback,9781954414501,YES,9781954414501,LSI_POD_WHOLESALE_GLOBAL_DISTRIBUTION_REQUIRES_PROVIDER_CHANNEL_EXPORT,PROVIDER_ROUTE_VISIBLE_OR_LEGACY_REQUIRED,PROVIDER_EXPORT_REQUIRED,PROVIDER_EXPORT_REQUIRED,PROVIDER_EXPORT_REQUIRED,PROVIDER_EXPORT_REQUIRED,PROVIDER_EXPORT_REQUIRED,PROVIDER_EXPORT_REQUIRED,PROVIDER_EXPORT_REQUIRED,CORESOURCE_TO_LSI_PRIMARY,LSI_POD_WHOLESALE_GLOBAL_DISTRIBUTION_REQUIRES_PROVIDER_CHANNEL_EXPORT,CORESOURCE_TO_LSI_PRIMARY,INGRAMSPARK_CONTINGENCY,NO_DIRECT_DUPLICATE_PROVEN_FOR_UNIT,NO_CURRENT_EVIDENCE_ONLY,CATALOG_PLUS_CORESOURCE_CENSUS
The I Am in Me,Tekisha Wimbush,the-i-am-in-me,the-i-am-in-me,eBook,9781954414495,YES,9781954414495,APPLE_KOBO_BN_NOOK_AMAZON_AND_OTHER_EBOOK_CHANNELS_REQUIRE_PROVIDER_CHANNEL_EXPORT,NOT_PRIMARY_FOR_FORMAT,PROVIDER_EXPORT_REQUIRED,PROVIDER_EXPORT_REQUIRED,PROVIDER_EXPORT_REQUIRED,PROVIDER_EXPORT_REQUIRED,PROVIDER_EXPORT_REQUIRED,PROVIDER_EXPORT_REQUIRED,PROVIDER_EXPORT_REQUIRED,CORESOURCE_PRIMARY,APPLE_KOBO_BN_NOOK_AMAZON_AND_OTHER_EBOOK_CHANNELS_REQUIRE_PROVIDER_CHANNEL_EXPORT,CORESOURCE_PRIMARY,AMAZON_OR_BN_DIRECT_STRATEGIC_EXCEPTION_ONLY,NO_DIRECT_DUPLICATE_PROVEN_FOR_UNIT,NO_CURRENT_EVIDENCE_ONLY,CATALOG_PLUS_CORESOURCE_CENSUS
The I Am in Me Part 2,Edith Clay,the-i-am-in-me-part-2,the-i-am-in-me-part-2,Paperback,9781954414525,NO,,LSI_POD_WHOLESALE_GLOBAL_DISTRIBUTION_REQUIRES_PROVIDER_CHANNEL_EXPORT,PROVIDER_ROUTE_VISIBLE_OR_LEGACY_REQUIRED,PROVIDER_EXPORT_REQUIRED,PROVIDER_EXPORT_REQUIRED,PROVIDER_EXPORT_REQUIRED,PROVIDER_EXPORT_REQUIRED,PROVIDER_EXPORT_REQUIRED,PROVIDER_EXPORT_REQUIRED,PROVIDER_EXPORT_REQUIRED,LSI_OR_INGRAMSPARK_PRIMARY_LEGACY_VALID,LSI_POD_WHOLESALE_GLOBAL_DISTRIBUTION_REQUIRES_PROVIDER_CHANNEL_EXPORT,CORESOURCE_TO_LSI_PRIMARY,INGRAMSPARK_CONTINGENCY,NO_DIRECT_DUPLICATE_PROVEN_FOR_UNIT,YES_LATER_GOVERNED_NORMALIZATION_CANDIDATE,CATALOG_PLUS_CORESOURCE_CENSUS
The Journey,Rosetta Perry,the-journey,the-journey,Paperback,9781954414297,NO,,LSI_POD_WHOLESALE_GLOBAL_DISTRIBUTION_REQUIRES_PROVIDER_CHANNEL_EXPORT,PROVIDER_ROUTE_VISIBLE_OR_LEGACY_REQUIRED,PROVIDER_EXPORT_REQUIRED,PROVIDER_EXPORT_REQUIRED,PROVIDER_EXPORT_REQUIRED,PROVIDER_EXPORT_REQUIRED,PROVIDER_EXPORT_REQUIRED,PROVIDER_EXPORT_REQUIRED,PROVIDER_EXPORT_REQUIRED,LSI_OR_INGRAMSPARK_PRIMARY_LEGACY_VALID,LSI_POD_WHOLESALE_GLOBAL_DISTRIBUTION_REQUIRES_PROVIDER_CHANNEL_EXPORT,CORESOURCE_TO_LSI_PRIMARY,INGRAMSPARK_CONTINGENCY,NO_DIRECT_DUPLICATE_PROVEN_FOR_UNIT,YES_LATER_GOVERNED_NORMALIZATION_CANDIDATE,CATALOG_PLUS_CORESOURCE_CENSUS
The Journey,Rosetta Perry,the-journey,the-journey,eBook,9781954414280,YES,9781954414280,APPLE_KOBO_BN_NOOK_AMAZON_AND_OTHER_EBOOK_CHANNELS_REQUIRE_PROVIDER_CHANNEL_EXPORT,NOT_PRIMARY_FOR_FORMAT,PROVIDER_EXPORT_REQUIRED,PROVIDER_EXPORT_REQUIRED,PROVIDER_EXPORT_REQUIRED,PROVIDER_EXPORT_REQUIRED,PROVIDER_EXPORT_REQUIRED,PROVIDER_EXPORT_REQUIRED,PROVIDER_EXPORT_REQUIRED,CORESOURCE_PRIMARY,APPLE_KOBO_BN_NOOK_AMAZON_AND_OTHER_EBOOK_CHANNELS_REQUIRE_PROVIDER_CHANNEL_EXPORT,CORESOURCE_PRIMARY,AMAZON_OR_BN_DIRECT_STRATEGIC_EXCEPTION_ONLY,NO_DIRECT_DUPLICATE_PROVEN_FOR_UNIT,NO_CURRENT_EVIDENCE_ONLY,CATALOG_PLUS_CORESOURCE_CENSUS
The Little Girl with the Plow!,Deborah Eiland,the-little-girl-with-the-plow,the-little-girl-with-the-plow,Paperback,9781954414334,NO,,LSI_POD_WHOLESALE_GLOBAL_DISTRIBUTION_REQUIRES_PROVIDER_CHANNEL_EXPORT,PROVIDER_ROUTE_VISIBLE_OR_LEGACY_REQUIRED,PROVIDER_EXPORT_REQUIRED,PROVIDER_EXPORT_REQUIRED,PROVIDER_EXPORT_REQUIRED,PROVIDER_EXPORT_REQUIRED,PROVIDER_EXPORT_REQUIRED,PROVIDER_EXPORT_REQUIRED,PROVIDER_EXPORT_REQUIRED,LSI_OR_INGRAMSPARK_PRIMARY_LEGACY_VALID,LSI_POD_WHOLESALE_GLOBAL_DISTRIBUTION_REQUIRES_PROVIDER_CHANNEL_EXPORT,CORESOURCE_TO_LSI_PRIMARY,INGRAMSPARK_CONTINGENCY,NO_DIRECT_DUPLICATE_PROVEN_FOR_UNIT,YES_LATER_GOVERNED_NORMALIZATION_CANDIDATE,CATALOG_PLUS_CORESOURCE_CENSUS
The Little Girl with the Plow!,Deborah Eiland,the-little-girl-with-the-plow,the-little-girl-with-the-plow,eBook,9781954414327,YES,9781954414327,APPLE_KOBO_BN_NOOK_AMAZON_AND_OTHER_EBOOK_CHANNELS_REQUIRE_PROVIDER_CHANNEL_EXPORT,NOT_PRIMARY_FOR_FORMAT,PROVIDER_EXPORT_REQUIRED,PROVIDER_EXPORT_REQUIRED,PROVIDER_EXPORT_REQUIRED,PROVIDER_EXPORT_REQUIRED,PROVIDER_EXPORT_REQUIRED,PROVIDER_EXPORT_REQUIRED,PROVIDER_EXPORT_REQUIRED,CORESOURCE_PRIMARY,APPLE_KOBO_BN_NOOK_AMAZON_AND_OTHER_EBOOK_CHANNELS_REQUIRE_PROVIDER_CHANNEL_EXPORT,CORESOURCE_PRIMARY,AMAZON_OR_BN_DIRECT_STRATEGIC_EXCEPTION_ONLY,NO_DIRECT_DUPLICATE_PROVEN_FOR_UNIT,NO_CURRENT_EVIDENCE_ONLY,CATALOG_PLUS_CORESOURCE_CENSUS
The Master's Piece,Sylvia Benson,the-master-s-piece,the-master-s-piece,Paperback,9781954414488,NO,,LSI_POD_WHOLESALE_GLOBAL_DISTRIBUTION_REQUIRES_PROVIDER_CHANNEL_EXPORT,PROVIDER_ROUTE_VISIBLE_OR_LEGACY_REQUIRED,PROVIDER_EXPORT_REQUIRED,PROVIDER_EXPORT_REQUIRED,PROVIDER_EXPORT_REQUIRED,PROVIDER_EXPORT_REQUIRED,PROVIDER_EXPORT_REQUIRED,PROVIDER_EXPORT_REQUIRED,PROVIDER_EXPORT_REQUIRED,LSI_OR_INGRAMSPARK_PRIMARY_LEGACY_VALID,LSI_POD_WHOLESALE_GLOBAL_DISTRIBUTION_REQUIRES_PROVIDER_CHANNEL_EXPORT,CORESOURCE_TO_LSI_PRIMARY,INGRAMSPARK_CONTINGENCY,NO_DIRECT_DUPLICATE_PROVEN_FOR_UNIT,YES_LATER_GOVERNED_NORMALIZATION_CANDIDATE,CATALOG_PLUS_CORESOURCE_CENSUS
The Master's Piece,Sylvia Benson,the-master-s-piece,the-master-s-piece,Hardcover,9781961475014,NO,,LSI_POD_WHOLESALE_GLOBAL_DISTRIBUTION_REQUIRES_PROVIDER_CHANNEL_EXPORT,PROVIDER_ROUTE_VISIBLE_OR_LEGACY_REQUIRED,PROVIDER_EXPORT_REQUIRED,PROVIDER_EXPORT_REQUIRED,PROVIDER_EXPORT_REQUIRED,PROVIDER_EXPORT_REQUIRED,PROVIDER_EXPORT_REQUIRED,PROVIDER_EXPORT_REQUIRED,PROVIDER_EXPORT_REQUIRED,LSI_OR_INGRAMSPARK_PRIMARY_LEGACY_VALID,LSI_POD_WHOLESALE_GLOBAL_DISTRIBUTION_REQUIRES_PROVIDER_CHANNEL_EXPORT,CORESOURCE_TO_LSI_PRIMARY,INGRAMSPARK_CONTINGENCY,NO_DIRECT_DUPLICATE_PROVEN_FOR_UNIT,YES_LATER_GOVERNED_NORMALIZATION_CANDIDATE,CATALOG_PLUS_CORESOURCE_CENSUS
The Master's Piece,Sylvia Benson,the-master-s-piece,the-master-s-piece,eBook,9781954414471,YES,9781954414471,APPLE_KOBO_BN_NOOK_AMAZON_AND_OTHER_EBOOK_CHANNELS_REQUIRE_PROVIDER_CHANNEL_EXPORT,NOT_PRIMARY_FOR_FORMAT,PROVIDER_EXPORT_REQUIRED,PROVIDER_EXPORT_REQUIRED,PROVIDER_EXPORT_REQUIRED,PROVIDER_EXPORT_REQUIRED,PROVIDER_EXPORT_REQUIRED,PROVIDER_EXPORT_REQUIRED,PROVIDER_EXPORT_REQUIRED,CORESOURCE_PRIMARY,APPLE_KOBO_BN_NOOK_AMAZON_AND_OTHER_EBOOK_CHANNELS_REQUIRE_PROVIDER_CHANNEL_EXPORT,CORESOURCE_PRIMARY,AMAZON_OR_BN_DIRECT_STRATEGIC_EXCEPTION_ONLY,NO_DIRECT_DUPLICATE_PROVEN_FOR_UNIT,NO_CURRENT_EVIDENCE_ONLY,CATALOG_PLUS_CORESOURCE_CENSUS
The Messenger,Daphanny Baker,the-messenger,the-messenger,Paperback,9781961475151,NO,,LSI_POD_WHOLESALE_GLOBAL_DISTRIBUTION_REQUIRES_PROVIDER_CHANNEL_EXPORT,PROVIDER_ROUTE_VISIBLE_OR_LEGACY_REQUIRED,PROVIDER_EXPORT_REQUIRED,PROVIDER_EXPORT_REQUIRED,PROVIDER_EXPORT_REQUIRED,PROVIDER_EXPORT_REQUIRED,PROVIDER_EXPORT_REQUIRED,PROVIDER_EXPORT_REQUIRED,PROVIDER_EXPORT_REQUIRED,LSI_OR_INGRAMSPARK_PRIMARY_LEGACY_VALID,LSI_POD_WHOLESALE_GLOBAL_DISTRIBUTION_REQUIRES_PROVIDER_CHANNEL_EXPORT,CORESOURCE_TO_LSI_PRIMARY,INGRAMSPARK_CONTINGENCY,NO_DIRECT_DUPLICATE_PROVEN_FOR_UNIT,YES_LATER_GOVERNED_NORMALIZATION_CANDIDATE,CATALOG_PLUS_CORESOURCE_CENSUS
The Messenger,Daphanny Baker,the-messenger,the-messenger,eBook,9781961475168,YES,9781961475151,APPLE_KOBO_BN_NOOK_AMAZON_AND_OTHER_EBOOK_CHANNELS_REQUIRE_PROVIDER_CHANNEL_EXPORT,NOT_PRIMARY_FOR_FORMAT,PROVIDER_EXPORT_REQUIRED,PROVIDER_EXPORT_REQUIRED,PROVIDER_EXPORT_REQUIRED,PROVIDER_EXPORT_REQUIRED,PROVIDER_EXPORT_REQUIRED,PROVIDER_EXPORT_REQUIRED,PROVIDER_EXPORT_REQUIRED,CORESOURCE_PRIMARY,APPLE_KOBO_BN_NOOK_AMAZON_AND_OTHER_EBOOK_CHANNELS_REQUIRE_PROVIDER_CHANNEL_EXPORT,CORESOURCE_PRIMARY,AMAZON_OR_BN_DIRECT_STRATEGIC_EXCEPTION_ONLY,NO_DIRECT_DUPLICATE_PROVEN_FOR_UNIT,NO_CURRENT_EVIDENCE_ONLY,CATALOG_PLUS_CORESOURCE_CENSUS
The Messenger 2,Thaddues Smith,the-messenger-2,the-messenger-2,Paperback,9781961475618,YES,9781961475618,LSI_POD_WHOLESALE_GLOBAL_DISTRIBUTION_REQUIRES_PROVIDER_CHANNEL_EXPORT,PROVIDER_ROUTE_VISIBLE_OR_LEGACY_REQUIRED,PROVIDER_EXPORT_REQUIRED,PROVIDER_EXPORT_REQUIRED,PROVIDER_EXPORT_REQUIRED,PROVIDER_EXPORT_REQUIRED,PROVIDER_EXPORT_REQUIRED,PROVIDER_EXPORT_REQUIRED,PROVIDER_EXPORT_REQUIRED,CORESOURCE_TO_LSI_PRIMARY,LSI_POD_WHOLESALE_GLOBAL_DISTRIBUTION_REQUIRES_PROVIDER_CHANNEL_EXPORT,CORESOURCE_TO_LSI_PRIMARY,INGRAMSPARK_CONTINGENCY,NO_DIRECT_DUPLICATE_PROVEN_FOR_UNIT,NO_CURRENT_EVIDENCE_ONLY,CATALOG_PLUS_CORESOURCE_CENSUS
The Messenger 2,Thaddues Smith,the-messenger-2,the-messenger-2,eBook,9781961475625,YES,9781961475618,APPLE_KOBO_BN_NOOK_AMAZON_AND_OTHER_EBOOK_CHANNELS_REQUIRE_PROVIDER_CHANNEL_EXPORT,NOT_PRIMARY_FOR_FORMAT,PROVIDER_EXPORT_REQUIRED,PROVIDER_EXPORT_REQUIRED,PROVIDER_EXPORT_REQUIRED,PROVIDER_EXPORT_REQUIRED,PROVIDER_EXPORT_REQUIRED,PROVIDER_EXPORT_REQUIRED,PROVIDER_EXPORT_REQUIRED,CORESOURCE_PRIMARY,APPLE_KOBO_BN_NOOK_AMAZON_AND_OTHER_EBOOK_CHANNELS_REQUIRE_PROVIDER_CHANNEL_EXPORT,CORESOURCE_PRIMARY,AMAZON_OR_BN_DIRECT_STRATEGIC_EXCEPTION_ONLY,NO_DIRECT_DUPLICATE_PROVEN_FOR_UNIT,NO_CURRENT_EVIDENCE_ONLY,CATALOG_PLUS_CORESOURCE_CENSUS
The Never Before Told Story of the Gelatin Monster,Maurché Reed,the-never-before-told-story-of-the-gelatin-monster,the-never-before-told-story-of-the-gelatin-monster,Paperback,9781954414648,NO,,LSI_POD_WHOLESALE_GLOBAL_DISTRIBUTION_REQUIRES_PROVIDER_CHANNEL_EXPORT,PROVIDER_ROUTE_VISIBLE_OR_LEGACY_REQUIRED,PROVIDER_EXPORT_REQUIRED,PROVIDER_EXPORT_REQUIRED,PROVIDER_EXPORT_REQUIRED,PROVIDER_EXPORT_REQUIRED,PROVIDER_EXPORT_REQUIRED,PROVIDER_EXPORT_REQUIRED,PROVIDER_EXPORT_REQUIRED,LSI_OR_INGRAMSPARK_PRIMARY_LEGACY_VALID,LSI_POD_WHOLESALE_GLOBAL_DISTRIBUTION_REQUIRES_PROVIDER_CHANNEL_EXPORT,CORESOURCE_TO_LSI_PRIMARY,INGRAMSPARK_CONTINGENCY,NO_DIRECT_DUPLICATE_PROVEN_FOR_UNIT,YES_LATER_GOVERNED_NORMALIZATION_CANDIDATE,CATALOG_PLUS_CORESOURCE_CENSUS
The Never Before Told Story of the Gelatin Monster,Maurché Reed,the-never-before-told-story-of-the-gelatin-monster,the-never-before-told-story-of-the-gelatin-monster,eBook,9781954414631,YES,9781954414631,APPLE_KOBO_BN_NOOK_AMAZON_AND_OTHER_EBOOK_CHANNELS_REQUIRE_PROVIDER_CHANNEL_EXPORT,NOT_PRIMARY_FOR_FORMAT,PROVIDER_EXPORT_REQUIRED,PROVIDER_EXPORT_REQUIRED,PROVIDER_EXPORT_REQUIRED,PROVIDER_EXPORT_REQUIRED,PROVIDER_EXPORT_REQUIRED,PROVIDER_EXPORT_REQUIRED,PROVIDER_EXPORT_REQUIRED,CORESOURCE_PRIMARY,APPLE_KOBO_BN_NOOK_AMAZON_AND_OTHER_EBOOK_CHANNELS_REQUIRE_PROVIDER_CHANNEL_EXPORT,CORESOURCE_PRIMARY,AMAZON_OR_BN_DIRECT_STRATEGIC_EXCEPTION_ONLY,NO_DIRECT_DUPLICATE_PROVEN_FOR_UNIT,NO_CURRENT_EVIDENCE_ONLY,CATALOG_PLUS_CORESOURCE_CENSUS
The Paper Champ,Kurt Broadnax,the-paper-champ,the-paper-champ,Paperback,9781961475533,YES,9781961475533,LSI_POD_WHOLESALE_GLOBAL_DISTRIBUTION_REQUIRES_PROVIDER_CHANNEL_EXPORT,PROVIDER_ROUTE_VISIBLE_OR_LEGACY_REQUIRED,PROVIDER_EXPORT_REQUIRED,PROVIDER_EXPORT_REQUIRED,PROVIDER_EXPORT_REQUIRED,PROVIDER_EXPORT_REQUIRED,PROVIDER_EXPORT_REQUIRED,PROVIDER_EXPORT_REQUIRED,PROVIDER_EXPORT_REQUIRED,CORESOURCE_TO_LSI_PRIMARY,LSI_POD_WHOLESALE_GLOBAL_DISTRIBUTION_REQUIRES_PROVIDER_CHANNEL_EXPORT,CORESOURCE_TO_LSI_PRIMARY,INGRAMSPARK_CONTINGENCY,NO_DIRECT_DUPLICATE_PROVEN_FOR_UNIT,NO_CURRENT_EVIDENCE_ONLY,CATALOG_PLUS_CORESOURCE_CENSUS
The Paper Champ,Kurt Broadnax,the-paper-champ,the-paper-champ,eBook,9781961475540,YES,9781961475533,APPLE_KOBO_BN_NOOK_AMAZON_AND_OTHER_EBOOK_CHANNELS_REQUIRE_PROVIDER_CHANNEL_EXPORT,NOT_PRIMARY_FOR_FORMAT,PROVIDER_EXPORT_REQUIRED,PROVIDER_EXPORT_REQUIRED,PROVIDER_EXPORT_REQUIRED,PROVIDER_EXPORT_REQUIRED,PROVIDER_EXPORT_REQUIRED,PROVIDER_EXPORT_REQUIRED,PROVIDER_EXPORT_REQUIRED,CORESOURCE_PRIMARY,APPLE_KOBO_BN_NOOK_AMAZON_AND_OTHER_EBOOK_CHANNELS_REQUIRE_PROVIDER_CHANNEL_EXPORT,CORESOURCE_PRIMARY,AMAZON_OR_BN_DIRECT_STRATEGIC_EXCEPTION_ONLY,NO_DIRECT_DUPLICATE_PROVEN_FOR_UNIT,NO_CURRENT_EVIDENCE_ONLY,CATALOG_PLUS_CORESOURCE_CENSUS
The Princess and the Black-Eyed Pea,Deborah Eiland,the-princess-and-the-black-eyed-pea,the-princess-and-the-black-eyed-pea,Paperback,9781954414693,NO,,LSI_POD_WHOLESALE_GLOBAL_DISTRIBUTION_REQUIRES_PROVIDER_CHANNEL_EXPORT,PROVIDER_ROUTE_VISIBLE_OR_LEGACY_REQUIRED,PROVIDER_EXPORT_REQUIRED,PROVIDER_EXPORT_REQUIRED,PROVIDER_EXPORT_REQUIRED,PROVIDER_EXPORT_REQUIRED,PROVIDER_EXPORT_REQUIRED,PROVIDER_EXPORT_REQUIRED,PROVIDER_EXPORT_REQUIRED,LSI_OR_INGRAMSPARK_PRIMARY_LEGACY_VALID,LSI_POD_WHOLESALE_GLOBAL_DISTRIBUTION_REQUIRES_PROVIDER_CHANNEL_EXPORT,CORESOURCE_TO_LSI_PRIMARY,INGRAMSPARK_CONTINGENCY,NO_DIRECT_DUPLICATE_PROVEN_FOR_UNIT,YES_LATER_GOVERNED_NORMALIZATION_CANDIDATE,CATALOG_PLUS_CORESOURCE_CENSUS
The Princess and the Black-Eyed Pea,Deborah Eiland,the-princess-and-the-black-eyed-pea,the-princess-and-the-black-eyed-pea,Hardcover,9781954414686,NO,,LSI_POD_WHOLESALE_GLOBAL_DISTRIBUTION_REQUIRES_PROVIDER_CHANNEL_EXPORT,PROVIDER_ROUTE_VISIBLE_OR_LEGACY_REQUIRED,PROVIDER_EXPORT_REQUIRED,PROVIDER_EXPORT_REQUIRED,PROVIDER_EXPORT_REQUIRED,PROVIDER_EXPORT_REQUIRED,PROVIDER_EXPORT_REQUIRED,PROVIDER_EXPORT_REQUIRED,PROVIDER_EXPORT_REQUIRED,LSI_OR_INGRAMSPARK_PRIMARY_LEGACY_VALID,LSI_POD_WHOLESALE_GLOBAL_DISTRIBUTION_REQUIRES_PROVIDER_CHANNEL_EXPORT,CORESOURCE_TO_LSI_PRIMARY,INGRAMSPARK_CONTINGENCY,NO_DIRECT_DUPLICATE_PROVEN_FOR_UNIT,YES_LATER_GOVERNED_NORMALIZATION_CANDIDATE,CATALOG_PLUS_CORESOURCE_CENSUS
The Princess and the Black-Eyed Pea,Deborah Eiland,the-princess-and-the-black-eyed-pea,the-princess-and-the-black-eyed-pea,eBook,9781954414679,YES,9781954414679,APPLE_KOBO_BN_NOOK_AMAZON_AND_OTHER_EBOOK_CHANNELS_REQUIRE_PROVIDER_CHANNEL_EXPORT,NOT_PRIMARY_FOR_FORMAT,PROVIDER_EXPORT_REQUIRED,PROVIDER_EXPORT_REQUIRED,PROVIDER_EXPORT_REQUIRED,PROVIDER_EXPORT_REQUIRED,PROVIDER_EXPORT_REQUIRED,PROVIDER_EXPORT_REQUIRED,PROVIDER_EXPORT_REQUIRED,CORESOURCE_PRIMARY,APPLE_KOBO_BN_NOOK_AMAZON_AND_OTHER_EBOOK_CHANNELS_REQUIRE_PROVIDER_CHANNEL_EXPORT,CORESOURCE_PRIMARY,AMAZON_OR_BN_DIRECT_STRATEGIC_EXCEPTION_ONLY,NO_DIRECT_DUPLICATE_PROVEN_FOR_UNIT,NO_CURRENT_EVIDENCE_ONLY,CATALOG_PLUS_CORESOURCE_CENSUS
The Release of the Spirit,Lyle Goddard,the-release-of-the-spirit,the-release-of-the-spirit,Paperback,9781950719648,NO,,LSI_POD_WHOLESALE_GLOBAL_DISTRIBUTION_REQUIRES_PROVIDER_CHANNEL_EXPORT,PROVIDER_ROUTE_VISIBLE_OR_LEGACY_REQUIRED,PROVIDER_EXPORT_REQUIRED,PROVIDER_EXPORT_REQUIRED,PROVIDER_EXPORT_REQUIRED,PROVIDER_EXPORT_REQUIRED,PROVIDER_EXPORT_REQUIRED,PROVIDER_EXPORT_REQUIRED,PROVIDER_EXPORT_REQUIRED,LSI_OR_INGRAMSPARK_PRIMARY_LEGACY_VALID,LSI_POD_WHOLESALE_GLOBAL_DISTRIBUTION_REQUIRES_PROVIDER_CHANNEL_EXPORT,CORESOURCE_TO_LSI_PRIMARY,INGRAMSPARK_CONTINGENCY,NO_DIRECT_DUPLICATE_PROVEN_FOR_UNIT,YES_LATER_GOVERNED_NORMALIZATION_CANDIDATE,CATALOG_PLUS_CORESOURCE_CENSUS
The Release of the Spirit,Lyle Goddard,the-release-of-the-spirit,the-release-of-the-spirit,eBook,9781950719631,YES,9781950719631,APPLE_KOBO_BN_NOOK_AMAZON_AND_OTHER_EBOOK_CHANNELS_REQUIRE_PROVIDER_CHANNEL_EXPORT,NOT_PRIMARY_FOR_FORMAT,PROVIDER_EXPORT_REQUIRED,PROVIDER_EXPORT_REQUIRED,PROVIDER_EXPORT_REQUIRED,PROVIDER_EXPORT_REQUIRED,PROVIDER_EXPORT_REQUIRED,PROVIDER_EXPORT_REQUIRED,PROVIDER_EXPORT_REQUIRED,CORESOURCE_PRIMARY,APPLE_KOBO_BN_NOOK_AMAZON_AND_OTHER_EBOOK_CHANNELS_REQUIRE_PROVIDER_CHANNEL_EXPORT,CORESOURCE_PRIMARY,AMAZON_OR_BN_DIRECT_STRATEGIC_EXCEPTION_ONLY,NO_DIRECT_DUPLICATE_PROVEN_FOR_UNIT,NO_CURRENT_EVIDENCE_ONLY,CATALOG_PLUS_CORESOURCE_CENSUS
"The Sun, the Shadow, and the Silence",Nicky Williams,the-sun-the-shadow-and-the-silence,the-sun-the-shadow-and-the-silence,Paperback,9781961475557,NO,,LSI_POD_WHOLESALE_GLOBAL_DISTRIBUTION_REQUIRES_PROVIDER_CHANNEL_EXPORT,PROVIDER_ROUTE_VISIBLE_OR_LEGACY_REQUIRED,PROVIDER_EXPORT_REQUIRED,PROVIDER_EXPORT_REQUIRED,PROVIDER_EXPORT_REQUIRED,PROVIDER_EXPORT_REQUIRED,PROVIDER_EXPORT_REQUIRED,PROVIDER_EXPORT_REQUIRED,PROVIDER_EXPORT_REQUIRED,LSI_OR_INGRAMSPARK_PRIMARY_LEGACY_VALID,LSI_POD_WHOLESALE_GLOBAL_DISTRIBUTION_REQUIRES_PROVIDER_CHANNEL_EXPORT,CORESOURCE_TO_LSI_PRIMARY,INGRAMSPARK_CONTINGENCY,NO_DIRECT_DUPLICATE_PROVEN_FOR_UNIT,YES_LATER_GOVERNED_NORMALIZATION_CANDIDATE,CATALOG_PLUS_CORESOURCE_CENSUS
"The Sun, the Shadow, and the Silence",Nicky Williams,the-sun-the-shadow-and-the-silence,the-sun-the-shadow-and-the-silence,eBook,9781961475564,YES,9781961475557,APPLE_KOBO_BN_NOOK_AMAZON_AND_OTHER_EBOOK_CHANNELS_REQUIRE_PROVIDER_CHANNEL_EXPORT,NOT_PRIMARY_FOR_FORMAT,PROVIDER_EXPORT_REQUIRED,PROVIDER_EXPORT_REQUIRED,PROVIDER_EXPORT_REQUIRED,PROVIDER_EXPORT_REQUIRED,PROVIDER_EXPORT_REQUIRED,PROVIDER_EXPORT_REQUIRED,PROVIDER_EXPORT_REQUIRED,CORESOURCE_PRIMARY,APPLE_KOBO_BN_NOOK_AMAZON_AND_OTHER_EBOOK_CHANNELS_REQUIRE_PROVIDER_CHANNEL_EXPORT,CORESOURCE_PRIMARY,AMAZON_OR_BN_DIRECT_STRATEGIC_EXCEPTION_ONLY,NO_DIRECT_DUPLICATE_PROVEN_FOR_UNIT,NO_CURRENT_EVIDENCE_ONLY,CATALOG_PLUS_CORESOURCE_CENSUS
Uncomfortable Conversations with God,Leslie Banks,uncomfortable-conversations-with-god,uncomfortable-conversations-with-god,eBook,9781950719112,YES,9780578523712,APPLE_KOBO_BN_NOOK_AMAZON_AND_OTHER_EBOOK_CHANNELS_REQUIRE_PROVIDER_CHANNEL_EXPORT,NOT_PRIMARY_FOR_FORMAT,PROVIDER_EXPORT_REQUIRED,PROVIDER_EXPORT_REQUIRED,PROVIDER_EXPORT_REQUIRED,PROVIDER_EXPORT_REQUIRED,PROVIDER_EXPORT_REQUIRED,PROVIDER_EXPORT_REQUIRED,PROVIDER_EXPORT_REQUIRED,CORESOURCE_PRIMARY,APPLE_KOBO_BN_NOOK_AMAZON_AND_OTHER_EBOOK_CHANNELS_REQUIRE_PROVIDER_CHANNEL_EXPORT,CORESOURCE_PRIMARY,AMAZON_OR_BN_DIRECT_STRATEGIC_EXCEPTION_ONLY,NO_DIRECT_DUPLICATE_PROVEN_FOR_UNIT,NO_CURRENT_EVIDENCE_ONLY,CATALOG_PLUS_CORESOURCE_CENSUS
Understanding the Misunderstood,Tia Benincase,understanding-the-misunderstood,understanding-the-misunderstood,Hardcover,9781954414020,NO,,LSI_POD_WHOLESALE_GLOBAL_DISTRIBUTION_REQUIRES_PROVIDER_CHANNEL_EXPORT,PROVIDER_ROUTE_VISIBLE_OR_LEGACY_REQUIRED,PROVIDER_EXPORT_REQUIRED,PROVIDER_EXPORT_REQUIRED,PROVIDER_EXPORT_REQUIRED,PROVIDER_EXPORT_REQUIRED,PROVIDER_EXPORT_REQUIRED,PROVIDER_EXPORT_REQUIRED,PROVIDER_EXPORT_REQUIRED,LSI_OR_INGRAMSPARK_PRIMARY_LEGACY_VALID,LSI_POD_WHOLESALE_GLOBAL_DISTRIBUTION_REQUIRES_PROVIDER_CHANNEL_EXPORT,CORESOURCE_TO_LSI_PRIMARY,INGRAMSPARK_CONTINGENCY,NO_DIRECT_DUPLICATE_PROVEN_FOR_UNIT,YES_LATER_GOVERNED_NORMALIZATION_CANDIDATE,CATALOG_PLUS_CORESOURCE_CENSUS
Understanding the Misunderstood,Tia Benincase,understanding-the-misunderstood,understanding-the-misunderstood,eBook,9781954414013,YES,9781954414013,APPLE_KOBO_BN_NOOK_AMAZON_AND_OTHER_EBOOK_CHANNELS_REQUIRE_PROVIDER_CHANNEL_EXPORT,NOT_PRIMARY_FOR_FORMAT,PROVIDER_EXPORT_REQUIRED,PROVIDER_EXPORT_REQUIRED,PROVIDER_EXPORT_REQUIRED,PROVIDER_EXPORT_REQUIRED,PROVIDER_EXPORT_REQUIRED,PROVIDER_EXPORT_REQUIRED,PROVIDER_EXPORT_REQUIRED,CORESOURCE_PRIMARY,APPLE_KOBO_BN_NOOK_AMAZON_AND_OTHER_EBOOK_CHANNELS_REQUIRE_PROVIDER_CHANNEL_EXPORT,CORESOURCE_PRIMARY,AMAZON_OR_BN_DIRECT_STRATEGIC_EXCEPTION_ONLY,NO_DIRECT_DUPLICATE_PROVEN_FOR_UNIT,NO_CURRENT_EVIDENCE_ONLY,CATALOG_PLUS_CORESOURCE_CENSUS
War Mother,Winter Dockery,war-mother,war-mother,Paperback,9781961475380,NO,,LSI_POD_WHOLESALE_GLOBAL_DISTRIBUTION_REQUIRES_PROVIDER_CHANNEL_EXPORT,PROVIDER_ROUTE_VISIBLE_OR_LEGACY_REQUIRED,PROVIDER_EXPORT_REQUIRED,PROVIDER_EXPORT_REQUIRED,PROVIDER_EXPORT_REQUIRED,PROVIDER_EXPORT_REQUIRED,PROVIDER_EXPORT_REQUIRED,PROVIDER_EXPORT_REQUIRED,PROVIDER_EXPORT_REQUIRED,LSI_OR_INGRAMSPARK_PRIMARY_LEGACY_VALID,LSI_POD_WHOLESALE_GLOBAL_DISTRIBUTION_REQUIRES_PROVIDER_CHANNEL_EXPORT,CORESOURCE_TO_LSI_PRIMARY,INGRAMSPARK_CONTINGENCY,NO_DIRECT_DUPLICATE_PROVEN_FOR_UNIT,YES_LATER_GOVERNED_NORMALIZATION_CANDIDATE,CATALOG_PLUS_CORESOURCE_CENSUS
War Mother,Winter Dockery,war-mother,war-mother,eBook,9781961475397,YES,9781961475380,APPLE_KOBO_BN_NOOK_AMAZON_AND_OTHER_EBOOK_CHANNELS_REQUIRE_PROVIDER_CHANNEL_EXPORT,NOT_PRIMARY_FOR_FORMAT,PROVIDER_EXPORT_REQUIRED,PROVIDER_EXPORT_REQUIRED,PROVIDER_EXPORT_REQUIRED,PROVIDER_EXPORT_REQUIRED,PROVIDER_EXPORT_REQUIRED,PROVIDER_EXPORT_REQUIRED,PROVIDER_EXPORT_REQUIRED,CORESOURCE_PRIMARY,APPLE_KOBO_BN_NOOK_AMAZON_AND_OTHER_EBOOK_CHANNELS_REQUIRE_PROVIDER_CHANNEL_EXPORT,CORESOURCE_PRIMARY,AMAZON_OR_BN_DIRECT_STRATEGIC_EXCEPTION_ONLY,NO_DIRECT_DUPLICATE_PROVEN_FOR_UNIT,NO_CURRENT_EVIDENCE_ONLY,CATALOG_PLUS_CORESOURCE_CENSUS
Warriors and Angels,Shelley McIntosh,warriors-and-angels,warriors-and-angels,Paperback,9781961475519,YES,9781961475519,LSI_POD_WHOLESALE_GLOBAL_DISTRIBUTION_REQUIRES_PROVIDER_CHANNEL_EXPORT,PROVIDER_ROUTE_VISIBLE_OR_LEGACY_REQUIRED,PROVIDER_EXPORT_REQUIRED,PROVIDER_EXPORT_REQUIRED,PROVIDER_EXPORT_REQUIRED,PROVIDER_EXPORT_REQUIRED,PROVIDER_EXPORT_REQUIRED,PROVIDER_EXPORT_REQUIRED,PROVIDER_EXPORT_REQUIRED,CORESOURCE_TO_LSI_PRIMARY,LSI_POD_WHOLESALE_GLOBAL_DISTRIBUTION_REQUIRES_PROVIDER_CHANNEL_EXPORT,CORESOURCE_TO_LSI_PRIMARY,INGRAMSPARK_CONTINGENCY,NO_DIRECT_DUPLICATE_PROVEN_FOR_UNIT,NO_CURRENT_EVIDENCE_ONLY,CATALOG_PLUS_CORESOURCE_CENSUS
Warriors and Angels,Shelley McIntosh,warriors-and-angels,warriors-and-angels,eBook,9781961475526,YES,9781961475519,APPLE_KOBO_BN_NOOK_AMAZON_AND_OTHER_EBOOK_CHANNELS_REQUIRE_PROVIDER_CHANNEL_EXPORT,NOT_PRIMARY_FOR_FORMAT,PROVIDER_EXPORT_REQUIRED,PROVIDER_EXPORT_REQUIRED,PROVIDER_EXPORT_REQUIRED,PROVIDER_EXPORT_REQUIRED,PROVIDER_EXPORT_REQUIRED,PROVIDER_EXPORT_REQUIRED,PROVIDER_EXPORT_REQUIRED,CORESOURCE_PRIMARY,APPLE_KOBO_BN_NOOK_AMAZON_AND_OTHER_EBOOK_CHANNELS_REQUIRE_PROVIDER_CHANNEL_EXPORT,CORESOURCE_PRIMARY,AMAZON_OR_BN_DIRECT_STRATEGIC_EXCEPTION_ONLY,NO_DIRECT_DUPLICATE_PROVEN_FOR_UNIT,NO_CURRENT_EVIDENCE_ONLY,CATALOG_PLUS_CORESOURCE_CENSUS
Warrior's Breed,Dean Wilson,warrior-s-breed,warrior-s-breed,Paperback,9781954414662,NO,,LSI_POD_WHOLESALE_GLOBAL_DISTRIBUTION_REQUIRES_PROVIDER_CHANNEL_EXPORT,PROVIDER_ROUTE_VISIBLE_OR_LEGACY_REQUIRED,PROVIDER_EXPORT_REQUIRED,PROVIDER_EXPORT_REQUIRED,PROVIDER_EXPORT_REQUIRED,PROVIDER_EXPORT_REQUIRED,PROVIDER_EXPORT_REQUIRED,PROVIDER_EXPORT_REQUIRED,PROVIDER_EXPORT_REQUIRED,LSI_OR_INGRAMSPARK_PRIMARY_LEGACY_VALID,LSI_POD_WHOLESALE_GLOBAL_DISTRIBUTION_REQUIRES_PROVIDER_CHANNEL_EXPORT,CORESOURCE_TO_LSI_PRIMARY,INGRAMSPARK_CONTINGENCY,NO_DIRECT_DUPLICATE_PROVEN_FOR_UNIT,YES_LATER_GOVERNED_NORMALIZATION_CANDIDATE,CATALOG_PLUS_CORESOURCE_CENSUS
Warrior's Breed,Dean Wilson,warrior-s-breed,warrior-s-breed,eBook,9781954414655,YES,9781954414662,APPLE_KOBO_BN_NOOK_AMAZON_AND_OTHER_EBOOK_CHANNELS_REQUIRE_PROVIDER_CHANNEL_EXPORT,NOT_PRIMARY_FOR_FORMAT,PROVIDER_EXPORT_REQUIRED,PROVIDER_EXPORT_REQUIRED,PROVIDER_EXPORT_REQUIRED,PROVIDER_EXPORT_REQUIRED,PROVIDER_EXPORT_REQUIRED,PROVIDER_EXPORT_REQUIRED,PROVIDER_EXPORT_REQUIRED,CORESOURCE_PRIMARY,APPLE_KOBO_BN_NOOK_AMAZON_AND_OTHER_EBOOK_CHANNELS_REQUIRE_PROVIDER_CHANNEL_EXPORT,CORESOURCE_PRIMARY,AMAZON_OR_BN_DIRECT_STRATEGIC_EXCEPTION_ONLY,NO_DIRECT_DUPLICATE_PROVEN_FOR_UNIT,NO_CURRENT_EVIDENCE_ONLY,CATALOG_PLUS_CORESOURCE_CENSUS
When a Thug Meets Jesus,Mack Hughley,when-a-thug-meets-jesus,when-a-thug-meets-jesus,Paperback,9781961475977,NO,,LSI_POD_WHOLESALE_GLOBAL_DISTRIBUTION_REQUIRES_PROVIDER_CHANNEL_EXPORT,PROVIDER_ROUTE_VISIBLE_OR_LEGACY_REQUIRED,PROVIDER_EXPORT_REQUIRED,PROVIDER_EXPORT_REQUIRED,PROVIDER_EXPORT_REQUIRED,PROVIDER_EXPORT_REQUIRED,PROVIDER_EXPORT_REQUIRED,PROVIDER_EXPORT_REQUIRED,PROVIDER_EXPORT_REQUIRED,LSI_OR_INGRAMSPARK_PRIMARY_LEGACY_VALID,LSI_POD_WHOLESALE_GLOBAL_DISTRIBUTION_REQUIRES_PROVIDER_CHANNEL_EXPORT,CORESOURCE_TO_LSI_PRIMARY,INGRAMSPARK_CONTINGENCY,NO_DIRECT_DUPLICATE_PROVEN_FOR_UNIT,YES_LATER_GOVERNED_NORMALIZATION_CANDIDATE,CATALOG_PLUS_CORESOURCE_CENSUS
When a Thug Meets Jesus,Mack Hughley,when-a-thug-meets-jesus,when-a-thug-meets-jesus,eBook,9781961475984,YES,9781961475977,APPLE_KOBO_BN_NOOK_AMAZON_AND_OTHER_EBOOK_CHANNELS_REQUIRE_PROVIDER_CHANNEL_EXPORT,NOT_PRIMARY_FOR_FORMAT,PROVIDER_EXPORT_REQUIRED,PROVIDER_EXPORT_REQUIRED,PROVIDER_EXPORT_REQUIRED,PROVIDER_EXPORT_REQUIRED,PROVIDER_EXPORT_REQUIRED,PROVIDER_EXPORT_REQUIRED,PROVIDER_EXPORT_REQUIRED,CORESOURCE_PRIMARY,APPLE_KOBO_BN_NOOK_AMAZON_AND_OTHER_EBOOK_CHANNELS_REQUIRE_PROVIDER_CHANNEL_EXPORT,CORESOURCE_PRIMARY,AMAZON_OR_BN_DIRECT_STRATEGIC_EXCEPTION_ONLY,NO_DIRECT_DUPLICATE_PROVEN_FOR_UNIT,NO_CURRENT_EVIDENCE_ONLY,CATALOG_PLUS_CORESOURCE_CENSUS
When Zuri Came to Earth,Jaylonna Stevette,when-zuri-came-to-earth,when-zuri-came-to-earth,Paperback,9781961475991,NO,,LSI_POD_WHOLESALE_GLOBAL_DISTRIBUTION_REQUIRES_PROVIDER_CHANNEL_EXPORT,PROVIDER_ROUTE_VISIBLE_OR_LEGACY_REQUIRED,PROVIDER_EXPORT_REQUIRED,PROVIDER_EXPORT_REQUIRED,PROVIDER_EXPORT_REQUIRED,PROVIDER_EXPORT_REQUIRED,PROVIDER_EXPORT_REQUIRED,PROVIDER_EXPORT_REQUIRED,PROVIDER_EXPORT_REQUIRED,LSI_OR_INGRAMSPARK_PRIMARY_LEGACY_VALID,LSI_POD_WHOLESALE_GLOBAL_DISTRIBUTION_REQUIRES_PROVIDER_CHANNEL_EXPORT,CORESOURCE_TO_LSI_PRIMARY,INGRAMSPARK_CONTINGENCY,NO_DIRECT_DUPLICATE_PROVEN_FOR_UNIT,YES_LATER_GOVERNED_NORMALIZATION_CANDIDATE,CATALOG_PLUS_CORESOURCE_CENSUS
When Zuri Came to Earth,Jaylonna Stevette,when-zuri-came-to-earth,when-zuri-came-to-earth,eBook,9781954414952,NO,,APPLE_KOBO_BN_NOOK_AMAZON_AND_OTHER_EBOOK_CHANNELS_REQUIRE_PROVIDER_CHANNEL_EXPORT,NOT_PRIMARY_FOR_FORMAT,PROVIDER_EXPORT_REQUIRED,PROVIDER_EXPORT_REQUIRED,PROVIDER_EXPORT_REQUIRED,PROVIDER_EXPORT_REQUIRED,PROVIDER_EXPORT_REQUIRED,PROVIDER_EXPORT_REQUIRED,PROVIDER_EXPORT_REQUIRED,PROVIDER_READBACK_REQUIRED,APPLE_KOBO_BN_NOOK_AMAZON_AND_OTHER_EBOOK_CHANNELS_REQUIRE_PROVIDER_CHANNEL_EXPORT,CORESOURCE_PRIMARY,AMAZON_OR_BN_DIRECT_STRATEGIC_EXCEPTION_ONLY,NO_DIRECT_DUPLICATE_PROVEN_FOR_UNIT,NO_CURRENT_EVIDENCE_ONLY,CATALOG_PLUS_CORESOURCE_CENSUS
Why Faith Works For Some And Not For Others,Nathaniel Short,why-faith-works-for-some-and-not-for-others,why-faith-works-for-some-and-not-for-others,Paperback,9781954414259,NO,,LSI_POD_WHOLESALE_GLOBAL_DISTRIBUTION_REQUIRES_PROVIDER_CHANNEL_EXPORT,PROVIDER_ROUTE_VISIBLE_OR_LEGACY_REQUIRED,PROVIDER_EXPORT_REQUIRED,PROVIDER_EXPORT_REQUIRED,PROVIDER_EXPORT_REQUIRED,PROVIDER_EXPORT_REQUIRED,PROVIDER_EXPORT_REQUIRED,PROVIDER_EXPORT_REQUIRED,PROVIDER_EXPORT_REQUIRED,LSI_OR_INGRAMSPARK_PRIMARY_LEGACY_VALID,LSI_POD_WHOLESALE_GLOBAL_DISTRIBUTION_REQUIRES_PROVIDER_CHANNEL_EXPORT,CORESOURCE_TO_LSI_PRIMARY,INGRAMSPARK_CONTINGENCY,NO_DIRECT_DUPLICATE_PROVEN_FOR_UNIT,YES_LATER_GOVERNED_NORMALIZATION_CANDIDATE,CATALOG_PLUS_CORESOURCE_CENSUS
Why Faith Works For Some And Not For Others,Nathaniel Short,why-faith-works-for-some-and-not-for-others,why-faith-works-for-some-and-not-for-others,eBook,9781954414242,NO,,APPLE_KOBO_BN_NOOK_AMAZON_AND_OTHER_EBOOK_CHANNELS_REQUIRE_PROVIDER_CHANNEL_EXPORT,NOT_PRIMARY_FOR_FORMAT,PROVIDER_EXPORT_REQUIRED,PROVIDER_EXPORT_REQUIRED,PROVIDER_EXPORT_REQUIRED,PROVIDER_EXPORT_REQUIRED,PROVIDER_EXPORT_REQUIRED,PROVIDER_EXPORT_REQUIRED,PROVIDER_EXPORT_REQUIRED,PROVIDER_READBACK_REQUIRED,APPLE_KOBO_BN_NOOK_AMAZON_AND_OTHER_EBOOK_CHANNELS_REQUIRE_PROVIDER_CHANNEL_EXPORT,CORESOURCE_PRIMARY,AMAZON_OR_BN_DIRECT_STRATEGIC_EXCEPTION_ONLY,NO_DIRECT_DUPLICATE_PROVEN_FOR_UNIT,NO_CURRENT_EVIDENCE_ONLY,CATALOG_PLUS_CORESOURCE_CENSUS
Words of A Troubled Soul,David Williams,words-of-a-troubled-soul,words-of-a-troubled-soul,Paperback,9781954414563,NO,,LSI_POD_WHOLESALE_GLOBAL_DISTRIBUTION_REQUIRES_PROVIDER_CHANNEL_EXPORT,PROVIDER_ROUTE_VISIBLE_OR_LEGACY_REQUIRED,PROVIDER_EXPORT_REQUIRED,PROVIDER_EXPORT_REQUIRED,PROVIDER_EXPORT_REQUIRED,PROVIDER_EXPORT_REQUIRED,PROVIDER_EXPORT_REQUIRED,PROVIDER_EXPORT_REQUIRED,PROVIDER_EXPORT_REQUIRED,LSI_OR_INGRAMSPARK_PRIMARY_LEGACY_VALID,LSI_POD_WHOLESALE_GLOBAL_DISTRIBUTION_REQUIRES_PROVIDER_CHANNEL_EXPORT,CORESOURCE_TO_LSI_PRIMARY,INGRAMSPARK_CONTINGENCY,NO_DIRECT_DUPLICATE_PROVEN_FOR_UNIT,YES_LATER_GOVERNED_NORMALIZATION_CANDIDATE,CATALOG_PLUS_CORESOURCE_CENSUS
Words of A Troubled Soul,David Williams,words-of-a-troubled-soul,words-of-a-troubled-soul,Hardcover,9781961475021,NO,,LSI_POD_WHOLESALE_GLOBAL_DISTRIBUTION_REQUIRES_PROVIDER_CHANNEL_EXPORT,PROVIDER_ROUTE_VISIBLE_OR_LEGACY_REQUIRED,PROVIDER_EXPORT_REQUIRED,PROVIDER_EXPORT_REQUIRED,PROVIDER_EXPORT_REQUIRED,PROVIDER_EXPORT_REQUIRED,PROVIDER_EXPORT_REQUIRED,PROVIDER_EXPORT_REQUIRED,PROVIDER_EXPORT_REQUIRED,LSI_OR_INGRAMSPARK_PRIMARY_LEGACY_VALID,LSI_POD_WHOLESALE_GLOBAL_DISTRIBUTION_REQUIRES_PROVIDER_CHANNEL_EXPORT,CORESOURCE_TO_LSI_PRIMARY,INGRAMSPARK_CONTINGENCY,NO_DIRECT_DUPLICATE_PROVEN_FOR_UNIT,YES_LATER_GOVERNED_NORMALIZATION_CANDIDATE,CATALOG_PLUS_CORESOURCE_CENSUS
Words of A Troubled Soul,David Williams,words-of-a-troubled-soul,words-of-a-troubled-soul,eBook,9781954414556,YES,9781954414556,APPLE_KOBO_BN_NOOK_AMAZON_AND_OTHER_EBOOK_CHANNELS_REQUIRE_PROVIDER_CHANNEL_EXPORT,NOT_PRIMARY_FOR_FORMAT,PROVIDER_EXPORT_REQUIRED,PROVIDER_EXPORT_REQUIRED,PROVIDER_EXPORT_REQUIRED,PROVIDER_EXPORT_REQUIRED,PROVIDER_EXPORT_REQUIRED,PROVIDER_EXPORT_REQUIRED,PROVIDER_EXPORT_REQUIRED,CORESOURCE_PRIMARY,APPLE_KOBO_BN_NOOK_AMAZON_AND_OTHER_EBOOK_CHANNELS_REQUIRE_PROVIDER_CHANNEL_EXPORT,CORESOURCE_PRIMARY,AMAZON_OR_BN_DIRECT_STRATEGIC_EXCEPTION_ONLY,NO_DIRECT_DUPLICATE_PROVEN_FOR_UNIT,NO_CURRENT_EVIDENCE_ONLY,CATALOG_PLUS_CORESOURCE_CENSUS
"Your Brain Has Too Much What, Mommy??",Essence Unique,your-brain-has-too-much-what-mommy,your-brain-has-too-much-what-mommy,Paperback,9781954414785,NO,,LSI_POD_WHOLESALE_GLOBAL_DISTRIBUTION_REQUIRES_PROVIDER_CHANNEL_EXPORT,PROVIDER_ROUTE_VISIBLE_OR_LEGACY_REQUIRED,PROVIDER_EXPORT_REQUIRED,PROVIDER_EXPORT_REQUIRED,PROVIDER_EXPORT_REQUIRED,PROVIDER_EXPORT_REQUIRED,PROVIDER_EXPORT_REQUIRED,PROVIDER_EXPORT_REQUIRED,PROVIDER_EXPORT_REQUIRED,LSI_OR_INGRAMSPARK_PRIMARY_LEGACY_VALID,LSI_POD_WHOLESALE_GLOBAL_DISTRIBUTION_REQUIRES_PROVIDER_CHANNEL_EXPORT,CORESOURCE_TO_LSI_PRIMARY,INGRAMSPARK_CONTINGENCY,NO_DIRECT_DUPLICATE_PROVEN_FOR_UNIT,YES_LATER_GOVERNED_NORMALIZATION_CANDIDATE,CATALOG_PLUS_CORESOURCE_CENSUS
"Your Brain Has Too Much What, Mommy??",Essence Unique,your-brain-has-too-much-what-mommy,your-brain-has-too-much-what-mommy,eBook,9781954414792,YES,9781954414785,APPLE_KOBO_BN_NOOK_AMAZON_AND_OTHER_EBOOK_CHANNELS_REQUIRE_PROVIDER_CHANNEL_EXPORT,NOT_PRIMARY_FOR_FORMAT,PROVIDER_EXPORT_REQUIRED,PROVIDER_EXPORT_REQUIRED,PROVIDER_EXPORT_REQUIRED,PROVIDER_EXPORT_REQUIRED,PROVIDER_EXPORT_REQUIRED,PROVIDER_EXPORT_REQUIRED,PROVIDER_EXPORT_REQUIRED,CORESOURCE_PRIMARY,APPLE_KOBO_BN_NOOK_AMAZON_AND_OTHER_EBOOK_CHANNELS_REQUIRE_PROVIDER_CHANNEL_EXPORT,CORESOURCE_PRIMARY,AMAZON_OR_BN_DIRECT_STRATEGIC_EXCEPTION_ONLY,NO_DIRECT_DUPLICATE_PROVEN_FOR_UNIT,NO_CURRENT_EVIDENCE_ONLY,CATALOG_PLUS_CORESOURCE_CENSUS
Your Peace Is a Priority,Kiena Hughley,your-peace-is-a-priority,your-peace-is-a-priority,Paperback,9781961475458,NO,,LSI_POD_WHOLESALE_GLOBAL_DISTRIBUTION_REQUIRES_PROVIDER_CHANNEL_EXPORT,PROVIDER_ROUTE_VISIBLE_OR_LEGACY_REQUIRED,PROVIDER_EXPORT_REQUIRED,PROVIDER_EXPORT_REQUIRED,PROVIDER_EXPORT_REQUIRED,PROVIDER_EXPORT_REQUIRED,PROVIDER_EXPORT_REQUIRED,PROVIDER_EXPORT_REQUIRED,PROVIDER_EXPORT_REQUIRED,LSI_OR_INGRAMSPARK_PRIMARY_LEGACY_VALID,LSI_POD_WHOLESALE_GLOBAL_DISTRIBUTION_REQUIRES_PROVIDER_CHANNEL_EXPORT,CORESOURCE_TO_LSI_PRIMARY,INGRAMSPARK_CONTINGENCY,NO_DIRECT_DUPLICATE_PROVEN_FOR_UNIT,YES_LATER_GOVERNED_NORMALIZATION_CANDIDATE,CATALOG_PLUS_CORESOURCE_CENSUS
Your Peace Is a Priority,Kiena Hughley,your-peace-is-a-priority,your-peace-is-a-priority,eBook,9781961475465,YES,9781961475458,APPLE_KOBO_BN_NOOK_AMAZON_AND_OTHER_EBOOK_CHANNELS_REQUIRE_PROVIDER_CHANNEL_EXPORT,NOT_PRIMARY_FOR_FORMAT,PROVIDER_EXPORT_REQUIRED,PROVIDER_EXPORT_REQUIRED,PROVIDER_EXPORT_REQUIRED,PROVIDER_EXPORT_REQUIRED,PROVIDER_EXPORT_REQUIRED,PROVIDER_EXPORT_REQUIRED,PROVIDER_EXPORT_REQUIRED,CORESOURCE_PRIMARY,APPLE_KOBO_BN_NOOK_AMAZON_AND_OTHER_EBOOK_CHANNELS_REQUIRE_PROVIDER_CHANNEL_EXPORT,CORESOURCE_PRIMARY,AMAZON_OR_BN_DIRECT_STRATEGIC_EXCEPTION_ONLY,NO_DIRECT_DUPLICATE_PROVEN_FOR_UNIT,NO_CURRENT_EVIDENCE_ONLY,CATALOG_PLUS_CORESOURCE_CENSUS
You're Still Not Crazy,Carolyn Booker-Pierce,you-re-still-not-crazy,you-re-still-not-crazy,Paperback,9781954414235,NO,,LSI_POD_WHOLESALE_GLOBAL_DISTRIBUTION_REQUIRES_PROVIDER_CHANNEL_EXPORT,PROVIDER_ROUTE_VISIBLE_OR_LEGACY_REQUIRED,PROVIDER_EXPORT_REQUIRED,PROVIDER_EXPORT_REQUIRED,PROVIDER_EXPORT_REQUIRED,PROVIDER_EXPORT_REQUIRED,PROVIDER_EXPORT_REQUIRED,PROVIDER_EXPORT_REQUIRED,PROVIDER_EXPORT_REQUIRED,LSI_OR_INGRAMSPARK_PRIMARY_LEGACY_VALID,LSI_POD_WHOLESALE_GLOBAL_DISTRIBUTION_REQUIRES_PROVIDER_CHANNEL_EXPORT,CORESOURCE_TO_LSI_PRIMARY,INGRAMSPARK_CONTINGENCY,NO_DIRECT_DUPLICATE_PROVEN_FOR_UNIT,YES_LATER_GOVERNED_NORMALIZATION_CANDIDATE,CATALOG_PLUS_CORESOURCE_CENSUS
You're Still Not Crazy,Carolyn Booker-Pierce,you-re-still-not-crazy,you-re-still-not-crazy,eBook,9781954414228,YES,9781954414228,APPLE_KOBO_BN_NOOK_AMAZON_AND_OTHER_EBOOK_CHANNELS_REQUIRE_PROVIDER_CHANNEL_EXPORT,NOT_PRIMARY_FOR_FORMAT,PROVIDER_EXPORT_REQUIRED,PROVIDER_EXPORT_REQUIRED,PROVIDER_EXPORT_REQUIRED,PROVIDER_EXPORT_REQUIRED,PROVIDER_EXPORT_REQUIRED,PROVIDER_EXPORT_REQUIRED,PROVIDER_EXPORT_REQUIRED,CORESOURCE_PRIMARY,APPLE_KOBO_BN_NOOK_AMAZON_AND_OTHER_EBOOK_CHANNELS_REQUIRE_PROVIDER_CHANNEL_EXPORT,CORESOURCE_PRIMARY,AMAZON_OR_BN_DIRECT_STRATEGIC_EXCEPTION_ONLY,NO_DIRECT_DUPLICATE_PROVEN_FOR_UNIT,NO_CURRENT_EVIDENCE_ONLY,CATALOG_PLUS_CORESOURCE_CENSUS
"Girl, Did You Know...?",Kimberly Reeder,girl-did-you-know,girl-did-you-know,Paperback,9781961475748,YES,9781961475748,LSI_POD_WHOLESALE_GLOBAL_DISTRIBUTION_REQUIRES_PROVIDER_CHANNEL_EXPORT,PROVIDER_ROUTE_VISIBLE_OR_LEGACY_REQUIRED,PROVIDER_EXPORT_REQUIRED,PROVIDER_EXPORT_REQUIRED,PROVIDER_EXPORT_REQUIRED,PROVIDER_EXPORT_REQUIRED,PROVIDER_EXPORT_REQUIRED,PROVIDER_EXPORT_REQUIRED,PROVIDER_EXPORT_REQUIRED,CORESOURCE_TO_LSI_PRIMARY,LSI_POD_WHOLESALE_GLOBAL_DISTRIBUTION_REQUIRES_PROVIDER_CHANNEL_EXPORT,CORESOURCE_TO_LSI_PRIMARY,INGRAMSPARK_CONTINGENCY,NO_DIRECT_DUPLICATE_PROVEN_FOR_UNIT,NO_CURRENT_EVIDENCE_ONLY,CATALOG_PLUS_CORESOURCE_CENSUS
"Girl, Did You Know...?",Kimberly Reeder,girl-did-you-know,girl-did-you-know,eBook,9781961475755,YES,9781961475748,APPLE_KOBO_BN_NOOK_AMAZON_AND_OTHER_EBOOK_CHANNELS_REQUIRE_PROVIDER_CHANNEL_EXPORT,NOT_PRIMARY_FOR_FORMAT,PROVIDER_EXPORT_REQUIRED,PROVIDER_EXPORT_REQUIRED,PROVIDER_EXPORT_REQUIRED,PROVIDER_EXPORT_REQUIRED,PROVIDER_EXPORT_REQUIRED,PROVIDER_EXPORT_REQUIRED,PROVIDER_EXPORT_REQUIRED,CORESOURCE_PRIMARY,APPLE_KOBO_BN_NOOK_AMAZON_AND_OTHER_EBOOK_CHANNELS_REQUIRE_PROVIDER_CHANNEL_EXPORT,CORESOURCE_PRIMARY,AMAZON_OR_BN_DIRECT_STRATEGIC_EXCEPTION_ONLY,NO_DIRECT_DUPLICATE_PROVEN_FOR_UNIT,NO_CURRENT_EVIDENCE_ONLY,CATALOG_PLUS_CORESOURCE_CENSUS
The Conquest of Azenga,Iyorwuese Hagher,the-conquest-of-azenga,the-conquest-of-azenga,Paperback,9781961475762,YES,9781961475762,LSI_POD_WHOLESALE_GLOBAL_DISTRIBUTION_REQUIRES_PROVIDER_CHANNEL_EXPORT,PROVIDER_ROUTE_VISIBLE_OR_LEGACY_REQUIRED,PROVIDER_EXPORT_REQUIRED,PROVIDER_EXPORT_REQUIRED,PROVIDER_EXPORT_REQUIRED,PROVIDER_EXPORT_REQUIRED,PROVIDER_EXPORT_REQUIRED,PROVIDER_EXPORT_REQUIRED,PROVIDER_EXPORT_REQUIRED,CORESOURCE_TO_LSI_PRIMARY,LSI_POD_WHOLESALE_GLOBAL_DISTRIBUTION_REQUIRES_PROVIDER_CHANNEL_EXPORT,CORESOURCE_TO_LSI_PRIMARY,INGRAMSPARK_CONTINGENCY,NO_DIRECT_DUPLICATE_PROVEN_FOR_UNIT,NO_CURRENT_EVIDENCE_ONLY,CATALOG_PLUS_CORESOURCE_CENSUS
The Conquest of Azenga,Iyorwuese Hagher,the-conquest-of-azenga,the-conquest-of-azenga,Hardcover,9781961475779,YES,9781961475762,LSI_POD_WHOLESALE_GLOBAL_DISTRIBUTION_REQUIRES_PROVIDER_CHANNEL_EXPORT,PROVIDER_ROUTE_VISIBLE_OR_LEGACY_REQUIRED,PROVIDER_EXPORT_REQUIRED,PROVIDER_EXPORT_REQUIRED,PROVIDER_EXPORT_REQUIRED,PROVIDER_EXPORT_REQUIRED,PROVIDER_EXPORT_REQUIRED,PROVIDER_EXPORT_REQUIRED,PROVIDER_EXPORT_REQUIRED,CORESOURCE_TO_LSI_PRIMARY,LSI_POD_WHOLESALE_GLOBAL_DISTRIBUTION_REQUIRES_PROVIDER_CHANNEL_EXPORT,CORESOURCE_TO_LSI_PRIMARY,INGRAMSPARK_CONTINGENCY,NO_DIRECT_DUPLICATE_PROVEN_FOR_UNIT,NO_CURRENT_EVIDENCE_ONLY,CATALOG_PLUS_CORESOURCE_CENSUS
The Conquest of Azenga,Iyorwuese Hagher,the-conquest-of-azenga,the-conquest-of-azenga,eBook,9781961475786,YES,9781961475762,APPLE_KOBO_BN_NOOK_AMAZON_AND_OTHER_EBOOK_CHANNELS_REQUIRE_PROVIDER_CHANNEL_EXPORT,NOT_PRIMARY_FOR_FORMAT,PROVIDER_EXPORT_REQUIRED,PROVIDER_EXPORT_REQUIRED,PROVIDER_EXPORT_REQUIRED,PROVIDER_EXPORT_REQUIRED,PROVIDER_EXPORT_REQUIRED,PROVIDER_EXPORT_REQUIRED,PROVIDER_EXPORT_REQUIRED,CORESOURCE_PRIMARY,APPLE_KOBO_BN_NOOK_AMAZON_AND_OTHER_EBOOK_CHANNELS_REQUIRE_PROVIDER_CHANNEL_EXPORT,CORESOURCE_PRIMARY,AMAZON_OR_BN_DIRECT_STRATEGIC_EXCEPTION_ONLY,NO_DIRECT_DUPLICATE_PROVEN_FOR_UNIT,NO_CURRENT_EVIDENCE_ONLY,CATALOG_PLUS_CORESOURCE_CENSUS
