AUDIT_ROW_ID,TITLE_ID,TITLE_NAME,AUTHOR_NAME,RECORD_ROLE,CANONICAL_TITLE_ID,IS_CURRENT_OPERATIONAL_AUTHORITY,REQUIRES_RECONCILIATION,PROJECTED_STAGE,PROJECTED_SUBSTAGE,LAST_PROVEN_GOVERNED_STAGE,LAST_PROVEN_GOVERNED_SUBSTAGE,NEXT_GOVERNED_ACTION,SYSTEM_ATTENTION,PROJECTION_AHEAD_OF_PROVEN_STATE,RAW_LEGACY_STATUS_COULD_HAVE_PROJECTED_STAGE,NONCANONICAL_SUPPRESSED_FROM_AUTHORITY,LEGACY_OVERRIDE_CASE,DUPLICATE_OVERRIDE_CASE
W1-001,5aee90b0-9730-f111-88b4-6045bdd69738,(Untitled),Author pending,PLACEHOLDER,5aee90b0-9730-f111-88b4-6045bdd69738,FALSE,FALSE,DATA_GAP,DATA_GAP,DATA_GAP,DATA_GAP,Use canonical authority record for current lifecycle movement,NONE,NO,YES,YES,NO,NO
W1-002,9eb5559c-9630-f111-88b4-7c1e525b15c2,(Untitled),Author pending,PLACEHOLDER,9eb5559c-9630-f111-88b4-7c1e525b15c2,FALSE,FALSE,DATA_GAP,DATA_GAP,DATA_GAP,DATA_GAP,Use canonical authority record for current lifecycle movement,NONE,NO,YES,YES,NO,NO
W1-003,dcf603d3-c27a-f111-ab0f-000d3a14673b,101 Wisdom Lessons for Life and Living,j. Derrick Johnson,LEGACY_TITLE_RECORD,dcf603d3-c27a-f111-ab0f-000d3a14673b,FALSE,FALSE,DATA_GAP,DATA_GAP,DATA_GAP,DATA_GAP,Use canonical authority record for current lifecycle movement,NONE,NO,NO,YES,NO,NO
W1-004,6e27c7bc-c37a-f111-ab0f-000d3a14673b,27 Days to Overcoming Depression: Debunking All the Lies,Author pending,LEGACY_TITLE_RECORD,6e27c7bc-c37a-f111-ab0f-000d3a14673b,FALSE,FALSE,DATA_GAP,DATA_GAP,DATA_GAP,DATA_GAP,Use canonical authority record for current lifecycle movement,NONE,NO,NO,YES,NO,NO
W1-005,6f27c7bc-c37a-f111-ab0f-000d3a14673b,A Principal's Tale: A Self-Determined Leader,Author pending,LEGACY_TITLE_RECORD,6f27c7bc-c37a-f111-ab0f-000d3a14673b,FALSE,FALSE,DATA_GAP,DATA_GAP,DATA_GAP,DATA_GAP,Use canonical authority record for current lifecycle movement,NONE,NO,NO,YES,NO,NO
W1-006,3f09d7cb-c27a-f111-ab0f-6045bdd69678,A Trubie's Guide Pt. 1,Alesia Corpening,LEGACY_TITLE_RECORD,3f09d7cb-c27a-f111-ab0f-6045bdd69678,FALSE,FALSE,DATA_GAP,DATA_GAP,DATA_GAP,DATA_GAP,Use canonical authority record for current lifecycle movement,NONE,NO,NO,YES,NO,NO
W1-007,848904ca-c27a-f111-ab0f-6045bdd69738,A Trubie's Guide Pt. 2,Alesia Corpening,LEGACY_TITLE_RECORD,848904ca-c27a-f111-ab0f-6045bdd69738,FALSE,FALSE,DATA_GAP,DATA_GAP,DATA_GAP,DATA_GAP,Use canonical authority record for current lifecycle movement,NONE,NO,NO,YES,NO,NO
W1-008,7742c1c2-c37a-f111-ab0f-000d3a14673b,Abortion!: George and Giovanna,Author pending,LEGACY_TITLE_RECORD,7742c1c2-c37a-f111-ab0f-000d3a14673b,FALSE,FALSE,DATA_GAP,DATA_GAP,DATA_GAP,DATA_GAP,Use canonical authority record for current lifecycle movement,NONE,NO,NO,YES,NO,NO
W1-009,2d946ac0-c37a-f111-ab0f-00224820105b,Aligned!: Unlocking the DNA of Authentic Faith,Author pending,LEGACY_TITLE_RECORD,2d946ac0-c37a-f111-ab0f-00224820105b,FALSE,FALSE,DATA_GAP,DATA_GAP,DATA_GAP,DATA_GAP,Use canonical authority record for current lifecycle movement,NONE,NO,NO,YES,NO,NO
W1-010,dcbc7ebd-c37a-f111-ab0f-6045bdd69678,Are You Sure That You Are Ready?: A Guide for Vendors,Author pending,LEGACY_TITLE_RECORD,dcbc7ebd-c37a-f111-ab0f-6045bdd69678,FALSE,FALSE,DATA_GAP,DATA_GAP,DATA_GAP,DATA_GAP,Use canonical authority record for current lifecycle movement,NONE,NO,NO,YES,NO,NO
W1-011,7942c1c2-c37a-f111-ab0f-000d3a14673b,Because the Lord is My Shepherd: Psalm 23 and Me,Author pending,LEGACY_TITLE_RECORD,7942c1c2-c37a-f111-ab0f-000d3a14673b,FALSE,FALSE,DATA_GAP,DATA_GAP,DATA_GAP,DATA_GAP,Use canonical authority record for current lifecycle movement,NONE,NO,NO,YES,NO,NO
W1-012,8642c1c2-c37a-f111-ab0f-000d3a14673b,Bodacious: Controversial and Provocative,Author pending,LEGACY_TITLE_RECORD,8642c1c2-c37a-f111-ab0f-000d3a14673b,FALSE,FALSE,DATA_GAP,DATA_GAP,DATA_GAP,DATA_GAP,Use canonical authority record for current lifecycle movement,NONE,NO,NO,YES,NO,NO
W1-013,7867a4c3-c37a-f111-ab0f-6045bdd69678,Come Out Of Hiding: Activating Deliverance,Author pending,LEGACY_TITLE_RECORD,7867a4c3-c37a-f111-ab0f-6045bdd69678,FALSE,FALSE,DATA_GAP,DATA_GAP,DATA_GAP,DATA_GAP,Use canonical authority record for current lifecycle movement,NONE,NO,NO,YES,NO,NO
W1-014,8742c1c2-c37a-f111-ab0f-000d3a14673b,Connected!: Unlocking the DNA of Authentic Prayer - 2nd Edition,Author pending,LEGACY_TITLE_RECORD,8742c1c2-c37a-f111-ab0f-000d3a14673b,FALSE,FALSE,DATA_GAP,DATA_GAP,DATA_GAP,DATA_GAP,Use canonical authority record for current lifecycle movement,NONE,NO,NO,YES,NO,NO
W1-015,7a67a4c3-c37a-f111-ab0f-6045bdd69678,Delicious Ideas!: The Legacy Cookbook,Author pending,LEGACY_TITLE_RECORD,7a67a4c3-c37a-f111-ab0f-6045bdd69678,FALSE,FALSE,DATA_GAP,DATA_GAP,DATA_GAP,DATA_GAP,Use canonical authority record for current lifecycle movement,NONE,NO,NO,YES,NO,NO
W1-016,7c67a4c3-c37a-f111-ab0f-6045bdd69678,Discipline and Direction: God's Leadership Style,Author pending,LEGACY_TITLE_RECORD,7c67a4c3-c37a-f111-ab0f-6045bdd69678,FALSE,FALSE,DATA_GAP,DATA_GAP,DATA_GAP,DATA_GAP,Use canonical authority record for current lifecycle movement,NONE,NO,NO,YES,NO,NO
W1-017,7d67a4c3-c37a-f111-ab0f-6045bdd69678,Divinely Inspired: Trauma Triumphed,Author pending,LEGACY_TITLE_RECORD,7d67a4c3-c37a-f111-ab0f-6045bdd69678,FALSE,FALSE,DATA_GAP,DATA_GAP,DATA_GAP,DATA_GAP,Use canonical authority record for current lifecycle movement,NONE,NO,NO,YES,NO,NO
W1-018,fb3174cd-c27a-f111-ab0f-6045bdd69435,Establishing Glory 2: The Relationship Handbook (2nd Edition),"Jackie Smith, Jr.",LEGACY_TITLE_RECORD,fb3174cd-c27a-f111-ab0f-6045bdd69435,FALSE,FALSE,DATA_GAP,DATA_GAP,DATA_GAP,DATA_GAP,Use canonical authority record for current lifecycle movement,NONE,NO,NO,YES,NO,NO
W1-019,9c8797ca-c27a-f111-ab0f-7c1e525b15c2,Establishing Glory 3: The Marriage Handbook,"Jackie Smith, Jr.",LEGACY_TITLE_RECORD,9c8797ca-c27a-f111-ab0f-7c1e525b15c2,FALSE,FALSE,DATA_GAP,DATA_GAP,DATA_GAP,DATA_GAP,Use canonical authority record for current lifecycle movement,NONE,NO,NO,YES,NO,NO
W1-020,6e7835ca-c37a-f111-ab0f-6045bdd69678,Inspirations from God: God is Gooood!,Author pending,LEGACY_TITLE_RECORD,6e7835ca-c37a-f111-ab0f-6045bdd69678,FALSE,FALSE,DATA_GAP,DATA_GAP,DATA_GAP,DATA_GAP,Use canonical authority record for current lifecycle movement,NONE,NO,NO,YES,NO,NO
W1-021,311405c7-c37a-f111-ab0f-7c1e525b15c2,Jewels by Lady J: A Book of Daily Devotion and Reflection One Day at a Time,Author pending,LEGACY_TITLE_RECORD,311405c7-c37a-f111-ab0f-7c1e525b15c2,FALSE,FALSE,DATA_GAP,DATA_GAP,DATA_GAP,DATA_GAP,Use canonical authority record for current lifecycle movement,NONE,NO,NO,YES,NO,NO
W1-022,6f7835ca-c37a-f111-ab0f-6045bdd69678,Just What I Needed: Daily Devotional,Author pending,LEGACY_TITLE_RECORD,6f7835ca-c37a-f111-ab0f-6045bdd69678,FALSE,FALSE,DATA_GAP,DATA_GAP,DATA_GAP,DATA_GAP,Use canonical authority record for current lifecycle movement,NONE,NO,NO,YES,NO,NO
W1-023,08bf1ac7-c37a-f111-ab0f-00224820105b,Loving the Addict: While Taking Care of Yourself First,Author pending,LEGACY_TITLE_RECORD,08bf1ac7-c37a-f111-ab0f-00224820105b,FALSE,FALSE,DATA_GAP,DATA_GAP,DATA_GAP,DATA_GAP,Use canonical authority record for current lifecycle movement,NONE,NO,NO,YES,NO,NO
W1-024,b4c11ac7-c37a-f111-ab0f-00224820105b,Memoir of a Black Christian Nationalist: Seeds of Liberation,Author pending,LEGACY_TITLE_RECORD,b4c11ac7-c37a-f111-ab0f-00224820105b,FALSE,FALSE,DATA_GAP,DATA_GAP,DATA_GAP,DATA_GAP,Use canonical authority record for current lifecycle movement,NONE,NO,NO,YES,NO,NO
W1-025,3b1405c7-c37a-f111-ab0f-7c1e525b15c2,Mirror of Refining Insight: An Introspective Look At Pursuing Your Purpose,Author pending,LEGACY_TITLE_RECORD,3b1405c7-c37a-f111-ab0f-7c1e525b15c2,FALSE,FALSE,DATA_GAP,DATA_GAP,DATA_GAP,DATA_GAP,Use canonical authority record for current lifecycle movement,NONE,NO,NO,YES,NO,NO
W1-026,1759fcc8-c37a-f111-ab0f-000d3a14673b,More Than A Village: Raising Black Men in America,Author pending,LEGACY_TITLE_RECORD,1759fcc8-c37a-f111-ab0f-000d3a14673b,FALSE,FALSE,DATA_GAP,DATA_GAP,DATA_GAP,DATA_GAP,Use canonical authority record for current lifecycle movement,NONE,NO,NO,YES,NO,NO
W1-027,887835ca-c37a-f111-ab0f-6045bdd69678,My ABCs,Author pending,LEGACY_TITLE_RECORD,887835ca-c37a-f111-ab0f-6045bdd69678,FALSE,FALSE,DATA_GAP,DATA_GAP,DATA_GAP,DATA_GAP,Use canonical authority record for current lifecycle movement,NONE,NO,NO,YES,NO,NO
W1-028,a97835ca-c37a-f111-ab0f-6045bdd69678,SHE: An Expose' of Her Insufficiencies,Author pending,LEGACY_TITLE_RECORD,a97835ca-c37a-f111-ab0f-6045bdd69678,FALSE,FALSE,DATA_GAP,DATA_GAP,DATA_GAP,DATA_GAP,Use canonical authority record for current lifecycle movement,NONE,NO,NO,YES,NO,NO
W1-029,a32156cd-c37a-f111-ab0f-00224820105b,Speech Therapy Works!: Juliana's Story,Author pending,LEGACY_TITLE_RECORD,a32156cd-c37a-f111-ab0f-00224820105b,FALSE,FALSE,DATA_GAP,DATA_GAP,DATA_GAP,DATA_GAP,Use canonical authority record for current lifecycle movement,NONE,NO,NO,YES,NO,NO
W1-030,b27835ca-c37a-f111-ab0f-6045bdd69678,"Taylor Made: My Life, My Story",Author pending,LEGACY_TITLE_RECORD,b27835ca-c37a-f111-ab0f-6045bdd69678,FALSE,FALSE,DATA_GAP,DATA_GAP,DATA_GAP,DATA_GAP,Use canonical authority record for current lifecycle movement,NONE,NO,NO,YES,NO,NO
W1-031,d13274cd-c27a-f111-ab0f-6045bdd69435,The Doctrine of the Last Things,Obadiah Harris,LEGACY_TITLE_RECORD,d13274cd-c27a-f111-ab0f-6045bdd69435,FALSE,FALSE,DATA_GAP,DATA_GAP,DATA_GAP,DATA_GAP,Use canonical authority record for current lifecycle movement,NONE,NO,NO,YES,NO,NO
W1-032,ab2156cd-c37a-f111-ab0f-00224820105b,"The Essence of Life, Love Letters to Christ: Poems of Life and Love from the Pages of the Heart",Author pending,LEGACY_TITLE_RECORD,ab2156cd-c37a-f111-ab0f-00224820105b,FALSE,FALSE,DATA_GAP,DATA_GAP,DATA_GAP,DATA_GAP,Use canonical authority record for current lifecycle movement,NONE,NO,NO,YES,NO,NO
W1-033,0a6386cf-c37a-f111-ab0f-000d3a14673b,The Great Hair Restart: The Journal,Author pending,LEGACY_TITLE_RECORD,0a6386cf-c37a-f111-ab0f-000d3a14673b,FALSE,FALSE,DATA_GAP,DATA_GAP,DATA_GAP,DATA_GAP,Use canonical authority record for current lifecycle movement,NONE,NO,NO,YES,NO,NO
W1-034,9a2556cd-c37a-f111-ab0f-00224820105b,The Great Hair Restart: The Ultimate Guide to Resetting Your Natural Hair Journey with Confidence,Author pending,LEGACY_TITLE_RECORD,9a2556cd-c37a-f111-ab0f-00224820105b,FALSE,FALSE,DATA_GAP,DATA_GAP,DATA_GAP,DATA_GAP,Use canonical authority record for current lifecycle movement,NONE,NO,NO,YES,NO,NO
W1-035,5e4797d0-c27a-f111-ab0f-7c1e525b15c2,"The I Am In Me Part 2, Second Edition",Tekisha Wimbush,LEGACY_TITLE_RECORD,5e4797d0-c27a-f111-ab0f-7c1e525b15c2,FALSE,FALSE,DATA_GAP,DATA_GAP,DATA_GAP,DATA_GAP,Use canonical authority record for current lifecycle movement,NONE,NO,NO,YES,NO,NO
W1-036,5f4797d0-c27a-f111-ab0f-7c1e525b15c2,"The I Am in Me, Second Edition",Tekisha Wimbush,LEGACY_TITLE_RECORD,5f4797d0-c27a-f111-ab0f-7c1e525b15c2,FALSE,FALSE,DATA_GAP,DATA_GAP,DATA_GAP,DATA_GAP,Use canonical authority record for current lifecycle movement,NONE,NO,NO,YES,NO,NO
W1-037,0d6386cf-c37a-f111-ab0f-000d3a14673b,The Journey: The Inspiration and Message Behind the Music,Author pending,LEGACY_TITLE_RECORD,0d6386cf-c37a-f111-ab0f-000d3a14673b,FALSE,FALSE,DATA_GAP,DATA_GAP,DATA_GAP,DATA_GAP,Use canonical authority record for current lifecycle movement,NONE,NO,NO,YES,NO,NO
W1-038,b2838072-e23d-f111-88b5-7c1e525b15c2,todays's new title,Author pending,LEGACY_TITLE_RECORD,b2838072-e23d-f111-88b5-7c1e525b15c2,FALSE,FALSE,DATA_GAP,DATA_GAP,DATA_GAP,DATA_GAP,Use canonical authority record for current lifecycle movement,NONE,NO,NO,YES,NO,NO
W1-039,4a37c9d0-c37a-f111-ab0f-6045bdd69678,Warriors and Angels: Liberating Inner Power in the Journey of Life,Author pending,LEGACY_TITLE_RECORD,4a37c9d0-c37a-f111-ab0f-6045bdd69678,FALSE,FALSE,DATA_GAP,DATA_GAP,DATA_GAP,DATA_GAP,Use canonical authority record for current lifecycle movement,NONE,NO,NO,YES,NO,NO
W1-040,226386cf-c37a-f111-ab0f-000d3a14673b,You're Still Not Crazy: You May Be An Empath Dealing With A Narcissist,Author pending,LEGACY_TITLE_RECORD,226386cf-c37a-f111-ab0f-000d3a14673b,FALSE,FALSE,DATA_GAP,DATA_GAP,DATA_GAP,DATA_GAP,Use canonical authority record for current lifecycle movement,NONE,NO,NO,YES,NO,NO
W1-041,5837c9d0-c37a-f111-ab0f-6045bdd69678,Your Peace is a Priority: A Devotional Journal,Author pending,LEGACY_TITLE_RECORD,5837c9d0-c37a-f111-ab0f-6045bdd69678,FALSE,FALSE,DATA_GAP,DATA_GAP,DATA_GAP,DATA_GAP,Use canonical authority record for current lifecycle movement,NONE,NO,NO,YES,NO,NO
W1-042,74719cd6-cd95-f111-8076-6045bdd69678,Indomitable Indomitable Escaping Witchcraft and Finding My Identity in Christ,Quanisha Dockery,REQUIRES_RECONCILIATION,74719cd6-cd95-f111-8076-6045bdd69678,FALSE,TRUE,DATA_GAP,DATA_GAP,DATA_GAP,DATA_GAP,Reconcile canonical title authority before projecting current lifecycle movement,RECONCILIATION_REQUIRED,NO,YES,YES,NO,NO
W1-043,cb7e283c-db89-f111-ab10-6045bdd69738,JM1 Synthetic Intake Fetch Proof 20260727165010,JM1 SyntheticFetch20260727165010,REQUIRES_RECONCILIATION,cb7e283c-db89-f111-ab10-6045bdd69738,FALSE,TRUE,DATA_GAP,DATA_GAP,DATA_GAP,DATA_GAP,Reconcile canonical title authority before projecting current lifecycle movement,RECONCILIATION_REQUIRED,NO,NO,YES,NO,NO
W1-044,71f19874-d989-f111-ab10-00224820105b,JM1 Synthetic Intake SEV1 Proof 20260727163730,JM1 SyntheticIntake20260727163730,REQUIRES_RECONCILIATION,71f19874-d989-f111-ab10-00224820105b,FALSE,TRUE,DATA_GAP,DATA_GAP,DATA_GAP,DATA_GAP,Reconcile canonical title authority before projecting current lifecycle movement,RECONCILIATION_REQUIRED,NO,NO,YES,NO,NO
W1-045,577858c2-da89-f111-ab10-000d3a14673b,JM1 Synthetic Intake SEV1 Proof 20260727164554,JM1 SyntheticIntake20260727164554,REQUIRES_RECONCILIATION,577858c2-da89-f111-ab10-000d3a14673b,FALSE,TRUE,DATA_GAP,DATA_GAP,DATA_GAP,DATA_GAP,Reconcile canonical title authority before projecting current lifecycle movement,RECONCILIATION_REQUIRED,NO,NO,YES,NO,NO
W1-046,02923fbd-019d-f111-b8dc-6045bdd69435,New Book Test,Jackie Test,REQUIRES_RECONCILIATION,02923fbd-019d-f111-b8dc-6045bdd69435,FALSE,TRUE,DATA_GAP,DATA_GAP,DATA_GAP,DATA_GAP,Reconcile canonical title authority before projecting current lifecycle movement,RECONCILIATION_REQUIRED,NO,NO,YES,NO,NO
W1-047,f42a9474-1f76-f111-ab0f-6045bdd69738,The Long Watch - Intake Success Validation,Jackie Smith Jr,REQUIRES_RECONCILIATION,f42a9474-1f76-f111-ab0f-6045bdd69738,FALSE,TRUE,DATA_GAP,DATA_GAP,DATA_GAP,DATA_GAP,Reconcile canonical title authority before projecting current lifecycle movement,RECONCILIATION_REQUIRED,NO,NO,YES,NO,NO
W1-048,833582da-b389-f111-ab10-00224820105b,100 Wisdom Lessons for Life and Living,J Derrick Johnson,DUPLICATE_RECORD,833582da-b389-f111-ab10-00224820105b,FALSE,FALSE,DATA_GAP,DATA_GAP,DATA_GAP,DATA_GAP,Use canonical authority record for current lifecycle movement,NONE,NO,NO,YES,NO,NO
W1-049,863582da-b389-f111-ab10-00224820105b,100 Wisdom Lessons for Life and Living,J Derrick Johnson,DUPLICATE_RECORD,863582da-b389-f111-ab10-00224820105b,FALSE,FALSE,DATA_GAP,DATA_GAP,DATA_GAP,DATA_GAP,Use canonical authority record for current lifecycle movement,NONE,NO,NO,YES,NO,NO
W1-050,bfe69bd7-b389-f111-ab10-6045bdd69435,100 Wisdom Lessons for Life and Living,J Derrick Johnson,DUPLICATE_RECORD,bfe69bd7-b389-f111-ab10-6045bdd69435,FALSE,FALSE,DATA_GAP,DATA_GAP,DATA_GAP,DATA_GAP,Use canonical authority record for current lifecycle movement,NONE,NO,NO,YES,NO,NO
W1-051,34926ac0-c37a-f111-ab0f-00224820105b,100 Wisdom Lessons for Life and Living,Author pending,DUPLICATE_RECORD,34926ac0-c37a-f111-ab0f-00224820105b,FALSE,FALSE,DATA_GAP,DATA_GAP,DATA_GAP,DATA_GAP,Use canonical authority record for current lifecycle movement,NONE,NO,NO,YES,NO,NO
W1-052,8e0402da-b389-f111-ab10-000d3a14673b,7 Step Jumpstart to Becoming Your Best Self,Ericka Johnson Settles,DUPLICATE_RECORD,8e0402da-b389-f111-ab10-000d3a14673b,FALSE,FALSE,DATA_GAP,DATA_GAP,DATA_GAP,DATA_GAP,Use canonical authority record for current lifecycle movement,NONE,NO,NO,YES,NO,NO
W1-053,4a9a11da-b389-f111-ab10-6045bdd69738,7 Step Jumpstart to Becoming Your Best Self,Ericka Johnson Settles,DUPLICATE_RECORD,4a9a11da-b389-f111-ab10-6045bdd69738,FALSE,FALSE,DATA_GAP,DATA_GAP,DATA_GAP,DATA_GAP,Use canonical authority record for current lifecycle movement,NONE,NO,NO,YES,NO,NO
W1-054,778904ca-c27a-f111-ab0f-6045bdd69738,A Little Bit of Everything,Eryonna Noelle,DUPLICATE_RECORD,778904ca-c27a-f111-ab0f-6045bdd69738,FALSE,FALSE,DATA_GAP,DATA_GAP,DATA_GAP,DATA_GAP,Use canonical authority record for current lifecycle movement,NONE,NO,NO,YES,NO,NO
W1-055,a8e382d8-b389-f111-ab10-6045bdd69678,A Portrait of Paradise,Iyorwuese Hagher,DUPLICATE_RECORD,a8e382d8-b389-f111-ab10-6045bdd69678,FALSE,FALSE,DATA_GAP,DATA_GAP,DATA_GAP,DATA_GAP,Use canonical authority record for current lifecycle movement,NONE,NO,NO,YES,NO,NO
W1-056,f57d1ada-b389-f111-ab10-7c1e525b15c2,A Portrait of Paradise,Iyorwuese Hagher,DUPLICATE_RECORD,f57d1ada-b389-f111-ab10-7c1e525b15c2,FALSE,FALSE,DATA_GAP,DATA_GAP,DATA_GAP,DATA_GAP,Use canonical authority record for current lifecycle movement,NONE,NO,NO,YES,NO,NO
W1-057,11d2c5d7-b389-f111-ab10-000d3a9eacee,"A Truebies Guide, Part 1",Alesia Corpening,DUPLICATE_RECORD,11d2c5d7-b389-f111-ab10-000d3a9eacee,FALSE,FALSE,DATA_GAP,DATA_GAP,DATA_GAP,DATA_GAP,Use canonical authority record for current lifecycle movement,NONE,NO,NO,YES,NO,NO
W1-058,aee382d8-b389-f111-ab10-6045bdd69678,"A Truebies Guide, Part 1",Alesia Corpening,DUPLICATE_RECORD,aee382d8-b389-f111-ab10-6045bdd69678,FALSE,FALSE,DATA_GAP,DATA_GAP,DATA_GAP,DATA_GAP,Use canonical authority record for current lifecycle movement,NONE,NO,NO,YES,NO,NO
W1-059,37ce3ac0-c37a-f111-ab0f-7c1e525b15c2,"A Truebies Guide, Part 1",Author pending,DUPLICATE_RECORD,37ce3ac0-c37a-f111-ab0f-7c1e525b15c2,FALSE,FALSE,DATA_GAP,DATA_GAP,DATA_GAP,DATA_GAP,Use canonical authority record for current lifecycle movement,NONE,NO,NO,YES,NO,NO
W1-060,2554a0dd-b389-f111-ab10-6045bdd69435,"A Truebies Guide, Part 2",Alesia Corpening,DUPLICATE_RECORD,2554a0dd-b389-f111-ab10-6045bdd69435,FALSE,FALSE,DATA_GAP,DATA_GAP,DATA_GAP,DATA_GAP,Use canonical authority record for current lifecycle movement,NONE,NO,NO,YES,NO,NO
W1-061,afe382d8-b389-f111-ab10-6045bdd69678,"A Truebies Guide, Part 2",Alesia Corpening,DUPLICATE_RECORD,afe382d8-b389-f111-ab10-6045bdd69678,FALSE,FALSE,DATA_GAP,DATA_GAP,DATA_GAP,DATA_GAP,Use canonical authority record for current lifecycle movement,NONE,NO,NO,YES,NO,NO
W1-062,2c946ac0-c37a-f111-ab0f-00224820105b,"A Truebies Guide, Part 2",Author pending,DUPLICATE_RECORD,2c946ac0-c37a-f111-ab0f-00224820105b,FALSE,FALSE,DATA_GAP,DATA_GAP,DATA_GAP,DATA_GAP,Use canonical authority record for current lifecycle movement,NONE,NO,NO,YES,NO,NO
W1-063,f67d1ada-b389-f111-ab10-7c1e525b15c2,Abortion!,Carolyn Booker-Pierce,DUPLICATE_RECORD,f67d1ada-b389-f111-ab10-7c1e525b15c2,FALSE,FALSE,DATA_GAP,DATA_GAP,DATA_GAP,DATA_GAP,Use canonical authority record for current lifecycle movement,NONE,NO,NO,YES,NO,NO
W1-064,79064bcd-c27a-f111-ab0f-00224820105b,According to Mark,Alice V. Pryor,DUPLICATE_RECORD,79064bcd-c27a-f111-ab0f-00224820105b,FALSE,FALSE,DATA_GAP,DATA_GAP,DATA_GAP,DATA_GAP,Use canonical authority record for current lifecycle movement,NONE,NO,NO,YES,NO,NO
W1-065,8c3582da-b389-f111-ab10-00224820105b,Aligned!,Dennis Brown,DUPLICATE_RECORD,8c3582da-b389-f111-ab10-00224820105b,FALSE,FALSE,DATA_GAP,DATA_GAP,DATA_GAP,DATA_GAP,Use canonical authority record for current lifecycle movement,NONE,NO,NO,YES,NO,NO
W1-066,a00402da-b389-f111-ab10-000d3a14673b,Almost Happy,Jaylonna Stevette,DUPLICATE_RECORD,a00402da-b389-f111-ab10-000d3a14673b,FALSE,FALSE,DATA_GAP,DATA_GAP,DATA_GAP,DATA_GAP,Use canonical authority record for current lifecycle movement,NONE,NO,NO,YES,NO,NO
W1-067,539a11da-b389-f111-ab10-6045bdd69738,Almost Happy,Jaylonna Stevette,DUPLICATE_RECORD,539a11da-b389-f111-ab10-6045bdd69738,FALSE,FALSE,DATA_GAP,DATA_GAP,DATA_GAP,DATA_GAP,Use canonical authority record for current lifecycle movement,NONE,NO,NO,YES,NO,NO
W1-068,017e1ada-b389-f111-ab10-7c1e525b15c2,Because the Lord is My Shepherd,Carolyn Booker-Pierce,DUPLICATE_RECORD,017e1ada-b389-f111-ab10-7c1e525b15c2,FALSE,FALSE,DATA_GAP,DATA_GAP,DATA_GAP,DATA_GAP,Use canonical authority record for current lifecycle movement,NONE,NO,NO,YES,NO,NO
W1-069,933582da-b389-f111-ab10-00224820105b,Come Out of Hiding,Christina Chislom,DUPLICATE_RECORD,933582da-b389-f111-ab10-00224820105b,FALSE,FALSE,DATA_GAP,DATA_GAP,DATA_GAP,DATA_GAP,Use canonical authority record for current lifecycle movement,NONE,NO,NO,YES,NO,NO
W1-070,057e1ada-b389-f111-ab10-7c1e525b15c2,Come Out of Hiding,Christina Chislom,DUPLICATE_RECORD,057e1ada-b389-f111-ab10-7c1e525b15c2,FALSE,FALSE,DATA_GAP,DATA_GAP,DATA_GAP,DATA_GAP,Use canonical authority record for current lifecycle movement,NONE,NO,NO,YES,NO,NO
W1-071,938904ca-c27a-f111-ab0f-6045bdd69738,Come Out of Hiding,Chistina Chislom,DUPLICATE_RECORD,938904ca-c27a-f111-ab0f-6045bdd69738,FALSE,FALSE,DATA_GAP,DATA_GAP,DATA_GAP,DATA_GAP,Use canonical authority record for current lifecycle movement,NONE,NO,NO,YES,NO,NO
W1-072,08dac7dd-b389-f111-ab10-000d3a9eacee,Connected!,Dennis Brown,DUPLICATE_RECORD,08dac7dd-b389-f111-ab10-000d3a9eacee,FALSE,FALSE,DATA_GAP,DATA_GAP,DATA_GAP,DATA_GAP,Use canonical authority record for current lifecycle movement,NONE,NO,NO,YES,NO,NO
W1-073,7967a4c3-c37a-f111-ab0f-6045bdd69678,Connected!,Author pending,DUPLICATE_RECORD,7967a4c3-c37a-f111-ab0f-6045bdd69678,FALSE,FALSE,DATA_GAP,DATA_GAP,DATA_GAP,DATA_GAP,Use canonical authority record for current lifecycle movement,NONE,NO,NO,YES,NO,NO
W1-074,0cdac7dd-b389-f111-ab10-000d3a9eacee,Damaged,Lisa Taylor,DUPLICATE_RECORD,0cdac7dd-b389-f111-ab10-000d3a9eacee,FALSE,FALSE,DATA_GAP,DATA_GAP,DATA_GAP,DATA_GAP,Use canonical authority record for current lifecycle movement,NONE,NO,NO,YES,NO,NO
W1-075,ba0402da-b389-f111-ab10-000d3a14673b,Delicious Ideas!,Agape International Cathedral,DUPLICATE_RECORD,ba0402da-b389-f111-ab10-000d3a14673b,FALSE,FALSE,DATA_GAP,DATA_GAP,DATA_GAP,DATA_GAP,Use canonical authority record for current lifecycle movement,NONE,NO,NO,YES,NO,NO
W1-076,0a7e1ada-b389-f111-ab10-7c1e525b15c2,Delicious Ideas!,Agape International Cathedral,DUPLICATE_RECORD,0a7e1ada-b389-f111-ab10-7c1e525b15c2,FALSE,FALSE,DATA_GAP,DATA_GAP,DATA_GAP,DATA_GAP,Use canonical authority record for current lifecycle movement,NONE,NO,NO,YES,NO,NO
W1-077,3154a0dd-b389-f111-ab10-6045bdd69435,Department of the Air Force Mission Driven Leadership,USAF,DUPLICATE_RECORD,3154a0dd-b389-f111-ab10-6045bdd69435,FALSE,FALSE,DATA_GAP,DATA_GAP,DATA_GAP,DATA_GAP,Use canonical authority record for current lifecycle movement,NONE,NO,NO,YES,NO,NO
W1-078,2c966ac0-c37a-f111-ab0f-00224820105b,Department of the Air Force Mission Driven Leadership,Author pending,DUPLICATE_RECORD,2c966ac0-c37a-f111-ab0f-00224820105b,FALSE,FALSE,DATA_GAP,DATA_GAP,DATA_GAP,DATA_GAP,Use canonical authority record for current lifecycle movement,NONE,NO,NO,YES,NO,NO
W1-079,3354a0dd-b389-f111-ab10-6045bdd69435,Department of the Air Force: Mission Driven Leadership,USAF,DUPLICATE_RECORD,3354a0dd-b389-f111-ab10-6045bdd69435,FALSE,FALSE,DATA_GAP,DATA_GAP,DATA_GAP,DATA_GAP,Use canonical authority record for current lifecycle movement,NONE,NO,NO,YES,NO,NO
W1-080,64106fd3-c27a-f111-ab0f-6045bdd69435,Department of the Air Force: Mission Driven Leadership,"Andrew Bowens, Lenetta Banks Williams, Jamichael Hill Beard, Anthony Cain",DUPLICATE_RECORD,64106fd3-c27a-f111-ab0f-6045bdd69435,FALSE,FALSE,DATA_GAP,DATA_GAP,DATA_GAP,DATA_GAP,Use canonical authority record for current lifecycle movement,NONE,NO,NO,YES,NO,NO
W1-081,7b67a4c3-c37a-f111-ab0f-6045bdd69678,Destined to Break the Curse Devotional,Author pending,DUPLICATE_RECORD,7b67a4c3-c37a-f111-ab0f-6045bdd69678,FALSE,FALSE,DATA_GAP,DATA_GAP,DATA_GAP,DATA_GAP,Use canonical authority record for current lifecycle movement,NONE,NO,NO,YES,NO,NO
W1-082,16dac7dd-b389-f111-ab10-000d3a9eacee,Establishing Glory,"Jackie Smith, Jr.",DUPLICATE_RECORD,16dac7dd-b389-f111-ab10-000d3a9eacee,FALSE,FALSE,DATA_GAP,DATA_GAP,DATA_GAP,DATA_GAP,Use canonical authority record for current lifecycle movement,NONE,NO,NO,YES,NO,NO
W1-083,4454a0dd-b389-f111-ab10-6045bdd69435,Establishing Glory,"Jackie Smith, Jr.",DUPLICATE_RECORD,4454a0dd-b389-f111-ab10-6045bdd69435,FALSE,FALSE,DATA_GAP,DATA_GAP,DATA_GAP,DATA_GAP,Use canonical authority record for current lifecycle movement,NONE,NO,NO,YES,NO,NO
W1-084,4554a0dd-b389-f111-ab10-6045bdd69435,Establishing Glory,"Jackie Smith, Jr.",DUPLICATE_RECORD,4554a0dd-b389-f111-ab10-6045bdd69435,FALSE,FALSE,DATA_GAP,DATA_GAP,DATA_GAP,DATA_GAP,Use canonical authority record for current lifecycle movement,NONE,NO,NO,YES,NO,NO
W1-085,b37e1ee0-b389-f111-ab10-000d3a14673b,Establishing Glory,"Jackie Smith, Jr.",DUPLICATE_RECORD,b37e1ee0-b389-f111-ab10-000d3a14673b,FALSE,FALSE,DATA_GAP,DATA_GAP,DATA_GAP,DATA_GAP,Use canonical authority record for current lifecycle movement,NONE,NO,NO,YES,NO,NO
W1-086,154097e0-b389-f111-ab10-00224820105b,Establishing Glory,"Jackie Smith, Jr.",DUPLICATE_RECORD,154097e0-b389-f111-ab10-00224820105b,FALSE,FALSE,DATA_GAP,DATA_GAP,DATA_GAP,DATA_GAP,Use canonical authority record for current lifecycle movement,NONE,NO,NO,YES,NO,NO
W1-087,249c7bde-b389-f111-ab10-6045bdd69678,Establishing Glory,"Jackie Smith, Jr.",DUPLICATE_RECORD,249c7bde-b389-f111-ab10-6045bdd69678,FALSE,FALSE,DATA_GAP,DATA_GAP,DATA_GAP,DATA_GAP,Use canonical authority record for current lifecycle movement,NONE,NO,NO,YES,NO,NO
W1-088,54a0a0e0-b389-f111-ab10-6045bdd69738,Establishing Glory,"Jackie Smith, Jr.",DUPLICATE_RECORD,54a0a0e0-b389-f111-ab10-6045bdd69738,FALSE,FALSE,DATA_GAP,DATA_GAP,DATA_GAP,DATA_GAP,Use canonical authority record for current lifecycle movement,NONE,NO,NO,YES,NO,NO
W1-089,55a0a0e0-b389-f111-ab10-6045bdd69738,Establishing Glory,"Jackie Smith, Jr.",DUPLICATE_RECORD,55a0a0e0-b389-f111-ab10-6045bdd69738,FALSE,FALSE,DATA_GAP,DATA_GAP,DATA_GAP,DATA_GAP,Use canonical authority record for current lifecycle movement,NONE,NO,NO,YES,NO,NO
W1-090,9d5b72e0-b389-f111-ab10-7c1e525b15c2,Establishing Glory,"Jackie Smith, Jr.",DUPLICATE_RECORD,9d5b72e0-b389-f111-ab10-7c1e525b15c2,FALSE,FALSE,DATA_GAP,DATA_GAP,DATA_GAP,DATA_GAP,Use canonical authority record for current lifecycle movement,NONE,NO,NO,YES,NO,NO
W1-091,9242c1c2-c37a-f111-ab0f-000d3a14673b,Establishing Glory,Author pending,DUPLICATE_RECORD,9242c1c2-c37a-f111-ab0f-000d3a14673b,FALSE,FALSE,DATA_GAP,DATA_GAP,DATA_GAP,DATA_GAP,Use canonical authority record for current lifecycle movement,NONE,NO,NO,YES,NO,NO
W1-092,174097e0-b389-f111-ab10-00224820105b,Establishing Glory 2,"Jackie Smith, Jr.",DUPLICATE_RECORD,174097e0-b389-f111-ab10-00224820105b,FALSE,FALSE,DATA_GAP,DATA_GAP,DATA_GAP,DATA_GAP,Use canonical authority record for current lifecycle movement,NONE,NO,NO,YES,NO,NO
W1-093,4654a0dd-b389-f111-ab10-6045bdd69435,Establishing Glory 2,"Jackie Smith, Jr.",DUPLICATE_RECORD,4654a0dd-b389-f111-ab10-6045bdd69435,FALSE,FALSE,DATA_GAP,DATA_GAP,DATA_GAP,DATA_GAP,Use canonical authority record for current lifecycle movement,NONE,NO,NO,YES,NO,NO
W1-094,299c7bde-b389-f111-ab10-6045bdd69678,Establishing Glory 2,"Jackie Smith, Jr.",DUPLICATE_RECORD,299c7bde-b389-f111-ab10-6045bdd69678,FALSE,FALSE,DATA_GAP,DATA_GAP,DATA_GAP,DATA_GAP,Use canonical authority record for current lifecycle movement,NONE,NO,NO,YES,NO,NO
W1-095,9342c1c2-c37a-f111-ab0f-000d3a14673b,Establishing Glory 2,Author pending,DUPLICATE_RECORD,9342c1c2-c37a-f111-ab0f-000d3a14673b,FALSE,FALSE,DATA_GAP,DATA_GAP,DATA_GAP,DATA_GAP,Use canonical authority record for current lifecycle movement,NONE,NO,NO,YES,NO,NO
W1-096,2e9c7bde-b389-f111-ab10-6045bdd69678,Establishing Glory 3,"Jackie Smith, Jr.",DUPLICATE_RECORD,2e9c7bde-b389-f111-ab10-6045bdd69678,FALSE,FALSE,DATA_GAP,DATA_GAP,DATA_GAP,DATA_GAP,Use canonical authority record for current lifecycle movement,NONE,NO,NO,YES,NO,NO
W1-097,a35b72e0-b389-f111-ab10-7c1e525b15c2,Establishing Glory 3,"Jackie Smith, Jr.",DUPLICATE_RECORD,a35b72e0-b389-f111-ab10-7c1e525b15c2,FALSE,FALSE,DATA_GAP,DATA_GAP,DATA_GAP,DATA_GAP,Use canonical authority record for current lifecycle movement,NONE,NO,NO,YES,NO,NO
W1-098,a45b72e0-b389-f111-ab10-7c1e525b15c2,Establishing Glory 3,"Jackie Smith, Jr.",DUPLICATE_RECORD,a45b72e0-b389-f111-ab10-7c1e525b15c2,FALSE,FALSE,DATA_GAP,DATA_GAP,DATA_GAP,DATA_GAP,Use canonical authority record for current lifecycle movement,NONE,NO,NO,YES,NO,NO
W1-099,7e67a4c3-c37a-f111-ab0f-6045bdd69678,Establishing Glory 3,Author pending,DUPLICATE_RECORD,7e67a4c3-c37a-f111-ab0f-6045bdd69678,FALSE,FALSE,DATA_GAP,DATA_GAP,DATA_GAP,DATA_GAP,Use canonical authority record for current lifecycle movement,NONE,NO,NO,YES,NO,NO
W1-100,b47e1ee0-b389-f111-ab10-000d3a14673b,Establishing Glory: The Praise and Worship Handbook,"Jackie Smith, Jr.",DUPLICATE_RECORD,b47e1ee0-b389-f111-ab10-000d3a14673b,FALSE,FALSE,DATA_GAP,DATA_GAP,DATA_GAP,DATA_GAP,Use canonical authority record for current lifecycle movement,NONE,NO,NO,YES,NO,NO
W1-101,56a0a0e0-b389-f111-ab10-6045bdd69738,Establishing Glory: The Praise and Worship Handbook,"Jackie Smith, Jr.",DUPLICATE_RECORD,56a0a0e0-b389-f111-ab10-6045bdd69738,FALSE,FALSE,DATA_GAP,DATA_GAP,DATA_GAP,DATA_GAP,Use canonical authority record for current lifecycle movement,NONE,NO,NO,YES,NO,NO
W1-102,b1b61ac7-c37a-f111-ab0f-00224820105b,Establishing Glory: The Praise and Worship Handbook,Author pending,DUPLICATE_RECORD,b1b61ac7-c37a-f111-ab0f-00224820105b,FALSE,FALSE,DATA_GAP,DATA_GAP,DATA_GAP,DATA_GAP,Use canonical authority record for current lifecycle movement,NONE,NO,NO,YES,NO,NO
W1-103,194097e0-b389-f111-ab10-00224820105b,Establishing Glory: The Relationship Handbook,"Jackie Smith, Jr.",DUPLICATE_RECORD,194097e0-b389-f111-ab10-00224820105b,FALSE,FALSE,DATA_GAP,DATA_GAP,DATA_GAP,DATA_GAP,Use canonical authority record for current lifecycle movement,NONE,NO,NO,YES,NO,NO
W1-104,dbb71ac7-c37a-f111-ab0f-00224820105b,Establishing Glory: The Relationship Handbook,Author pending,DUPLICATE_RECORD,dbb71ac7-c37a-f111-ab0f-00224820105b,FALSE,FALSE,DATA_GAP,DATA_GAP,DATA_GAP,DATA_GAP,Use canonical authority record for current lifecycle movement,NONE,NO,NO,YES,NO,NO
W1-105,161405c7-c37a-f111-ab0f-7c1e525b15c2,"Focus, Trust, & Follow",Author pending,DUPLICATE_RECORD,161405c7-c37a-f111-ab0f-7c1e525b15c2,FALSE,FALSE,DATA_GAP,DATA_GAP,DATA_GAP,DATA_GAP,Use canonical authority record for current lifecycle movement,NONE,NO,NO,YES,NO,NO
W1-106,a65b72e0-b389-f111-ab10-7c1e525b15c2,Getting Back 2 Happy,Jaylonna Stevette,DUPLICATE_RECORD,a65b72e0-b389-f111-ab10-7c1e525b15c2,FALSE,FALSE,DATA_GAP,DATA_GAP,DATA_GAP,DATA_GAP,Use canonical authority record for current lifecycle movement,NONE,NO,NO,YES,NO,NO
W1-107,5a54a0dd-b389-f111-ab10-6045bdd69435,Getting Back 2 Happy: The Chronicles of Tabby (Unabridged),Jaylonna Stevette,DUPLICATE_RECORD,5a54a0dd-b389-f111-ab10-6045bdd69435,FALSE,FALSE,DATA_GAP,DATA_GAP,DATA_GAP,DATA_GAP,Use canonical authority record for current lifecycle movement,NONE,NO,NO,YES,NO,NO
W1-108,9542c1c2-c37a-f111-ab0f-000d3a14673b,Getting Back 2 Happy: The Chronicles of Tabby (Unabridged),Author pending,DUPLICATE_RECORD,9542c1c2-c37a-f111-ab0f-000d3a14673b,FALSE,FALSE,DATA_GAP,DATA_GAP,DATA_GAP,DATA_GAP,Use canonical authority record for current lifecycle movement,NONE,NO,NO,YES,NO,NO
W1-109,1e4097e0-b389-f111-ab10-00224820105b,"Girl, Did You Know...?",Kimberly Reeder,DUPLICATE_RECORD,1e4097e0-b389-f111-ab10-00224820105b,FALSE,FALSE,DATA_GAP,DATA_GAP,DATA_GAP,DATA_GAP,Use canonical authority record for current lifecycle movement,NONE,NO,NO,YES,NO,NO
W1-110,d0b91ac7-c37a-f111-ab0f-00224820105b,"Girl, Did You Know…?",Author pending,DUPLICATE_RECORD,d0b91ac7-c37a-f111-ab0f-00224820105b,FALSE,FALSE,DATA_GAP,DATA_GAP,DATA_GAP,DATA_GAP,Use canonical authority record for current lifecycle movement,NONE,NO,NO,YES,NO,NO
W1-111,6454a0dd-b389-f111-ab10-6045bdd69435,"Girl, You're Not Crazy. You're Dealing With a Narcissist",Carolyn Booker-Pierce,DUPLICATE_RECORD,6454a0dd-b389-f111-ab10-6045bdd69435,FALSE,FALSE,DATA_GAP,DATA_GAP,DATA_GAP,DATA_GAP,Use canonical authority record for current lifecycle movement,NONE,NO,NO,YES,NO,NO
W1-112,7f67a4c3-c37a-f111-ab0f-6045bdd69678,God’s Business Plan,Author pending,DUPLICATE_RECORD,7f67a4c3-c37a-f111-ab0f-6045bdd69678,FALSE,FALSE,DATA_GAP,DATA_GAP,DATA_GAP,DATA_GAP,Use canonical authority record for current lifecycle movement,NONE,NO,NO,YES,NO,NO
W1-113,7e000573-cc7a-f111-ab0f-7c1e525b15c2,God's Nudge,Tekisha Wimbush,DUPLICATE_RECORD,7e000573-cc7a-f111-ab0f-7c1e525b15c2,FALSE,FALSE,DATA_GAP,DATA_GAP,DATA_GAP,DATA_GAP,Use canonical authority record for current lifecycle movement,NONE,NO,NO,YES,NO,NO
W1-114,6209d7cb-c27a-f111-ab0f-6045bdd69678,God's Word For This World,"Thomas Johnson, Sr.",DUPLICATE_RECORD,6209d7cb-c27a-f111-ab0f-6045bdd69678,FALSE,FALSE,DATA_GAP,DATA_GAP,DATA_GAP,DATA_GAP,Use canonical authority record for current lifecycle movement,NONE,NO,NO,YES,NO,NO
W1-115,c2ed8074-cc7a-f111-ab0f-6045bdd69435,God’s Word For This World,"Thomas Johnson, Sr.",DUPLICATE_RECORD,c2ed8074-cc7a-f111-ab0f-6045bdd69435,FALSE,FALSE,DATA_GAP,DATA_GAP,DATA_GAP,DATA_GAP,Use canonical authority record for current lifecycle movement,NONE,NO,NO,YES,NO,NO
W1-116,9d42c1c2-c37a-f111-ab0f-000d3a14673b,Grandmothers Educating Minds,Author pending,DUPLICATE_RECORD,9d42c1c2-c37a-f111-ab0f-000d3a14673b,FALSE,FALSE,DATA_GAP,DATA_GAP,DATA_GAP,DATA_GAP,Use canonical authority record for current lifecycle movement,NONE,NO,NO,YES,NO,NO
W1-117,db5b72e0-b389-f111-ab10-7c1e525b15c2,Have You Considered My Servant?,Jaylonna Stevette,DUPLICATE_RECORD,db5b72e0-b389-f111-ab10-7c1e525b15c2,FALSE,FALSE,DATA_GAP,DATA_GAP,DATA_GAP,DATA_GAP,Use canonical authority record for current lifecycle movement,NONE,NO,NO,YES,NO,NO
W1-118,d6b91ac7-c37a-f111-ab0f-00224820105b,"Help God, I Am - the Collection",Author pending,DUPLICATE_RECORD,d6b91ac7-c37a-f111-ab0f-00224820105b,FALSE,FALSE,DATA_GAP,DATA_GAP,DATA_GAP,DATA_GAP,Use canonical authority record for current lifecycle movement,NONE,NO,NO,YES,NO,NO
W1-119,e55b72e0-b389-f111-ab10-7c1e525b15c2,"Help God, I Am - The Collection",Cheryl Travis,DUPLICATE_RECORD,e55b72e0-b389-f111-ab10-7c1e525b15c2,FALSE,FALSE,DATA_GAP,DATA_GAP,DATA_GAP,DATA_GAP,Use canonical authority record for current lifecycle movement,NONE,NO,NO,YES,NO,NO
W1-120,2a4097e0-b389-f111-ab10-00224820105b,"Help God, I Am Afraid",Cheryl Travis,DUPLICATE_RECORD,2a4097e0-b389-f111-ab10-00224820105b,FALSE,FALSE,DATA_GAP,DATA_GAP,DATA_GAP,DATA_GAP,Use canonical authority record for current lifecycle movement,NONE,NO,NO,YES,NO,NO
W1-121,f05b72e0-b389-f111-ab10-7c1e525b15c2,"Help God, I Am Angry",Cheryl Travis,DUPLICATE_RECORD,f05b72e0-b389-f111-ab10-7c1e525b15c2,FALSE,FALSE,DATA_GAP,DATA_GAP,DATA_GAP,DATA_GAP,Use canonical authority record for current lifecycle movement,NONE,NO,NO,YES,NO,NO
W1-122,5ca0a0e0-b389-f111-ab10-6045bdd69738,"Help God, I Am Confused",Cheryl Travis,DUPLICATE_RECORD,5ca0a0e0-b389-f111-ab10-6045bdd69738,FALSE,FALSE,DATA_GAP,DATA_GAP,DATA_GAP,DATA_GAP,Use canonical authority record for current lifecycle movement,NONE,NO,NO,YES,NO,NO
W1-123,b97e1ee0-b389-f111-ab10-000d3a14673b,"Help God, I Am Hurt",Cheryl Travis,DUPLICATE_RECORD,b97e1ee0-b389-f111-ab10-000d3a14673b,FALSE,FALSE,DATA_GAP,DATA_GAP,DATA_GAP,DATA_GAP,Use canonical authority record for current lifecycle movement,NONE,NO,NO,YES,NO,NO
W1-124,b3a6c7e3-b389-f111-ab10-000d3a9eacee,"Help God, I Am Lonely",Cheryl Travis,DUPLICATE_RECORD,b3a6c7e3-b389-f111-ab10-000d3a9eacee,FALSE,FALSE,DATA_GAP,DATA_GAP,DATA_GAP,DATA_GAP,Use canonical authority record for current lifecycle movement,NONE,NO,NO,YES,NO,NO
W1-125,b5a6c7e3-b389-f111-ab10-000d3a9eacee,"Help God, I Am Lost",Cheryl Travis,DUPLICATE_RECORD,b5a6c7e3-b389-f111-ab10-000d3a9eacee,FALSE,FALSE,DATA_GAP,DATA_GAP,DATA_GAP,DATA_GAP,Use canonical authority record for current lifecycle movement,NONE,NO,NO,YES,NO,NO
W1-126,bc7e1ee0-b389-f111-ab10-000d3a14673b,"Help God, I Am Sad",Cheryl Travis,DUPLICATE_RECORD,bc7e1ee0-b389-f111-ab10-000d3a14673b,FALSE,FALSE,DATA_GAP,DATA_GAP,DATA_GAP,DATA_GAP,Use canonical authority record for current lifecycle movement,NONE,NO,NO,YES,NO,NO
W1-127,73dea4e3-b389-f111-ab10-6045bdd69435,"Hop, Hop, Hop",Tawana Mars,DUPLICATE_RECORD,73dea4e3-b389-f111-ab10-6045bdd69435,FALSE,FALSE,DATA_GAP,DATA_GAP,DATA_GAP,DATA_GAP,Use canonical authority record for current lifecycle movement,NONE,NO,NO,YES,NO,NO
W1-128,1c5c72e0-b389-f111-ab10-7c1e525b15c2,"Hop, Hop, Hop",Tawana Mars,DUPLICATE_RECORD,1c5c72e0-b389-f111-ab10-7c1e525b15c2,FALSE,FALSE,DATA_GAP,DATA_GAP,DATA_GAP,DATA_GAP,Use canonical authority record for current lifecycle movement,NONE,NO,NO,YES,NO,NO
W1-129,564797d0-c27a-f111-ab0f-7c1e525b15c2,"Hop, Hop, Hop",Tawanna Mars,DUPLICATE_RECORD,564797d0-c27a-f111-ab0f-7c1e525b15c2,FALSE,FALSE,DATA_GAP,DATA_GAP,DATA_GAP,DATA_GAP,Use canonical authority record for current lifecycle movement,NONE,NO,NO,YES,NO,NO
W1-130,c0ee73e4-b389-f111-ab10-6045bdd69678,Inner Peace Through Life's Storms,KD Heard,DUPLICATE_RECORD,c0ee73e4-b389-f111-ab10-6045bdd69678,FALSE,FALSE,DATA_GAP,DATA_GAP,DATA_GAP,DATA_GAP,Use canonical authority record for current lifecycle movement,NONE,NO,NO,YES,NO,NO
W1-131,df0f6fd3-c27a-f111-ab0f-6045bdd69435,Inner Peace Through Life's Storms,KD Heard,DUPLICATE_RECORD,df0f6fd3-c27a-f111-ab0f-6045bdd69435,FALSE,FALSE,DATA_GAP,DATA_GAP,DATA_GAP,DATA_GAP,Use canonical authority record for current lifecycle movement,NONE,NO,NO,YES,NO,NO
W1-132,61a0a0e0-b389-f111-ab10-6045bdd69738,Inspirations from God,Edith Clay,DUPLICATE_RECORD,61a0a0e0-b389-f111-ab10-6045bdd69738,FALSE,FALSE,DATA_GAP,DATA_GAP,DATA_GAP,DATA_GAP,Use canonical authority record for current lifecycle movement,NONE,NO,NO,YES,NO,NO
W1-133,574797d0-c27a-f111-ab0f-7c1e525b15c2,Just What I Needed,Andrean Young,DUPLICATE_RECORD,574797d0-c27a-f111-ab0f-7c1e525b15c2,FALSE,FALSE,DATA_GAP,DATA_GAP,DATA_GAP,DATA_GAP,Use canonical authority record for current lifecycle movement,NONE,NO,NO,YES,NO,NO
W1-134,665c72e0-b389-f111-ab10-7c1e525b15c2,Let Me Tell You about It,Lisa Clark,DUPLICATE_RECORD,665c72e0-b389-f111-ab10-7c1e525b15c2,FALSE,FALSE,DATA_GAP,DATA_GAP,DATA_GAP,DATA_GAP,Use canonical authority record for current lifecycle movement,NONE,NO,NO,YES,NO,NO
W1-135,955c72e0-b389-f111-ab10-7c1e525b15c2,Loving the Addict,Carolyn Booker-Pierce,DUPLICATE_RECORD,955c72e0-b389-f111-ab10-7c1e525b15c2,FALSE,FALSE,DATA_GAP,DATA_GAP,DATA_GAP,DATA_GAP,Use canonical authority record for current lifecycle movement,NONE,NO,NO,YES,NO,NO
W1-136,f9ee73e4-b389-f111-ab10-6045bdd69678,Melodies from Heaven,Bailery Cunningham,DUPLICATE_RECORD,f9ee73e4-b389-f111-ab10-6045bdd69678,FALSE,FALSE,DATA_GAP,DATA_GAP,DATA_GAP,DATA_GAP,Use canonical authority record for current lifecycle movement,NONE,NO,NO,YES,NO,NO
W1-137,7edea4e3-b389-f111-ab10-6045bdd69435,Melodies From Heaven,Bailery Cunningham,DUPLICATE_RECORD,7edea4e3-b389-f111-ab10-6045bdd69435,FALSE,FALSE,DATA_GAP,DATA_GAP,DATA_GAP,DATA_GAP,Use canonical authority record for current lifecycle movement,NONE,NO,NO,YES,NO,NO
W1-138,fdee73e4-b389-f111-ab10-6045bdd69678,More Than A Village,Carolyn Booker-Pierce,DUPLICATE_RECORD,fdee73e4-b389-f111-ab10-6045bdd69678,FALSE,FALSE,DATA_GAP,DATA_GAP,DATA_GAP,DATA_GAP,Use canonical authority record for current lifecycle movement,NONE,NO,NO,YES,NO,NO
W1-139,83c2a2e6-b389-f111-ab10-6045bdd69738,Naughty Tales,Jaylonna Stevette,DUPLICATE_RECORD,83c2a2e6-b389-f111-ab10-6045bdd69738,FALSE,FALSE,DATA_GAP,DATA_GAP,DATA_GAP,DATA_GAP,Use canonical authority record for current lifecycle movement,NONE,NO,NO,YES,NO,NO
W1-140,a05f72d0-c27a-f111-ab0f-6045bdd69738,Naughty Tales,Jaylonna Stevette,DUPLICATE_RECORD,a05f72d0-c27a-f111-ab0f-6045bdd69738,FALSE,FALSE,DATA_GAP,DATA_GAP,DATA_GAP,DATA_GAP,Use canonical authority record for current lifecycle movement,NONE,NO,NO,YES,NO,NO
W1-141,992156cd-c37a-f111-ab0f-00224820105b,Peaches Can Do It!,Author pending,DUPLICATE_RECORD,992156cd-c37a-f111-ab0f-00224820105b,FALSE,FALSE,DATA_GAP,DATA_GAP,DATA_GAP,DATA_GAP,Use canonical authority record for current lifecycle movement,NONE,NO,NO,YES,NO,NO
W1-142,f78be1e6-b389-f111-ab10-000d3a14673b,Pretty Wings,Natasha Gilchrest,DUPLICATE_RECORD,f78be1e6-b389-f111-ab10-000d3a14673b,FALSE,FALSE,DATA_GAP,DATA_GAP,DATA_GAP,DATA_GAP,Use canonical authority record for current lifecycle movement,NONE,NO,NO,YES,NO,NO
W1-143,52e06ae6-b389-f111-ab10-7c1e525b15c2,Pretty Wings,Natasha Gilchrest,DUPLICATE_RECORD,52e06ae6-b389-f111-ab10-7c1e525b15c2,FALSE,FALSE,DATA_GAP,DATA_GAP,DATA_GAP,DATA_GAP,Use canonical authority record for current lifecycle movement,NONE,NO,NO,YES,NO,NO
W1-144,c7a6c7e3-b389-f111-ab10-000d3a9eacee,Rhyming It up with Church Stuff,Juanita Travis,DUPLICATE_RECORD,c7a6c7e3-b389-f111-ab10-000d3a9eacee,FALSE,FALSE,DATA_GAP,DATA_GAP,DATA_GAP,DATA_GAP,Use canonical authority record for current lifecycle movement,NONE,NO,NO,YES,NO,NO
W1-145,87c2a2e6-b389-f111-ab10-6045bdd69738,Rhyming It up with Church Stuff,Juanita Travis,DUPLICATE_RECORD,87c2a2e6-b389-f111-ab10-6045bdd69738,FALSE,FALSE,DATA_GAP,DATA_GAP,DATA_GAP,DATA_GAP,Use canonical authority record for current lifecycle movement,NONE,NO,NO,YES,NO,NO
W1-146,d5f603d3-c27a-f111-ab0f-000d3a14673b,Rhyming It up with Church Stuff,Junaita Travis,DUPLICATE_RECORD,d5f603d3-c27a-f111-ab0f-000d3a14673b,FALSE,FALSE,DATA_GAP,DATA_GAP,DATA_GAP,DATA_GAP,Use canonical authority record for current lifecycle movement,NONE,NO,NO,YES,NO,NO
W1-147,a01a04cd-c27a-f111-ab0f-000d3a14673b,She,Darlene Carson,DUPLICATE_RECORD,a01a04cd-c27a-f111-ab0f-000d3a14673b,FALSE,FALSE,DATA_GAP,DATA_GAP,DATA_GAP,DATA_GAP,Use canonical authority record for current lifecycle movement,NONE,NO,NO,YES,NO,NO
W1-148,8a8fefe6-b389-f111-ab10-00224820105b,Speech Therapy Works!,Cynthia Sloan,DUPLICATE_RECORD,8a8fefe6-b389-f111-ab10-00224820105b,FALSE,FALSE,DATA_GAP,DATA_GAP,DATA_GAP,DATA_GAP,Use canonical authority record for current lifecycle movement,NONE,NO,NO,YES,NO,NO
W1-149,cda6c7e3-b389-f111-ab10-000d3a9eacee,The Celestial Advantage,Obadiah Harris,DUPLICATE_RECORD,cda6c7e3-b389-f111-ab10-000d3a9eacee,FALSE,FALSE,DATA_GAP,DATA_GAP,DATA_GAP,DATA_GAP,Use canonical authority record for current lifecycle movement,NONE,NO,NO,YES,NO,NO
W1-150,fc8be1e6-b389-f111-ab10-000d3a14673b,The Conquest of Azenga,Iyorwuese Hagher,DUPLICATE_RECORD,fc8be1e6-b389-f111-ab10-000d3a14673b,FALSE,FALSE,DATA_GAP,DATA_GAP,DATA_GAP,DATA_GAP,Use canonical authority record for current lifecycle movement,NONE,NO,NO,YES,NO,NO
W1-151,8bdea4e3-b389-f111-ab10-6045bdd69435,The Conquest of Azenga,Iyorwuese Hagher,DUPLICATE_RECORD,8bdea4e3-b389-f111-ab10-6045bdd69435,FALSE,FALSE,DATA_GAP,DATA_GAP,DATA_GAP,DATA_GAP,Use canonical authority record for current lifecycle movement,NONE,NO,NO,YES,NO,NO
W1-152,8d8fefe6-b389-f111-ab10-00224820105b,The Doctrine of Last Things,Obadiah Harris,DUPLICATE_RECORD,8d8fefe6-b389-f111-ab10-00224820105b,FALSE,FALSE,DATA_GAP,DATA_GAP,DATA_GAP,DATA_GAP,Use canonical authority record for current lifecycle movement,NONE,NO,NO,YES,NO,NO
W1-153,1fef73e4-b389-f111-ab10-6045bdd69678,The Doctrine of Last Things,Obadiah Harris,DUPLICATE_RECORD,1fef73e4-b389-f111-ab10-6045bdd69678,FALSE,FALSE,DATA_GAP,DATA_GAP,DATA_GAP,DATA_GAP,Use canonical authority record for current lifecycle movement,NONE,NO,NO,YES,NO,NO
W1-154,f96286cf-c37a-f111-ab0f-000d3a14673b,The Doctrine of Last Things,Author pending,DUPLICATE_RECORD,f96286cf-c37a-f111-ab0f-000d3a14673b,FALSE,FALSE,DATA_GAP,DATA_GAP,DATA_GAP,DATA_GAP,Use canonical authority record for current lifecycle movement,NONE,NO,NO,YES,NO,NO
W1-155,b67835ca-c37a-f111-ab0f-6045bdd69678,"The Essence of Life, Love Letters to Christ",Author pending,DUPLICATE_RECORD,b67835ca-c37a-f111-ab0f-6045bdd69678,FALSE,FALSE,DATA_GAP,DATA_GAP,DATA_GAP,DATA_GAP,Use canonical authority record for current lifecycle movement,NONE,NO,NO,YES,NO,NO
W1-156,fd8be1e6-b389-f111-ab10-000d3a14673b,The Fight for the Promiseland,Cheryl Cook,DUPLICATE_RECORD,fd8be1e6-b389-f111-ab10-000d3a14673b,FALSE,FALSE,DATA_GAP,DATA_GAP,DATA_GAP,DATA_GAP,Use canonical authority record for current lifecycle movement,NONE,NO,NO,YES,NO,NO
W1-157,8cc2a2e6-b389-f111-ab10-6045bdd69738,The Flame,Dennis Brown,DUPLICATE_RECORD,8cc2a2e6-b389-f111-ab10-6045bdd69738,FALSE,FALSE,DATA_GAP,DATA_GAP,DATA_GAP,DATA_GAP,Use canonical authority record for current lifecycle movement,NONE,NO,NO,YES,NO,NO
W1-158,968fefe6-b389-f111-ab10-00224820105b,The I Am in Me,Tekisha Wimbush,DUPLICATE_RECORD,968fefe6-b389-f111-ab10-00224820105b,FALSE,FALSE,DATA_GAP,DATA_GAP,DATA_GAP,DATA_GAP,Use canonical authority record for current lifecycle movement,NONE,NO,NO,YES,NO,NO
W1-159,e8c1cae9-b389-f111-ab10-6045bdd69435,The I Am in Me,Tekisha Wimbush,DUPLICATE_RECORD,e8c1cae9-b389-f111-ab10-6045bdd69435,FALSE,FALSE,DATA_GAP,DATA_GAP,DATA_GAP,DATA_GAP,Use canonical authority record for current lifecycle movement,NONE,NO,NO,YES,NO,NO
W1-160,0b6386cf-c37a-f111-ab0f-000d3a14673b,The I Am in Me,Author pending,DUPLICATE_RECORD,0b6386cf-c37a-f111-ab0f-000d3a14673b,FALSE,FALSE,DATA_GAP,DATA_GAP,DATA_GAP,DATA_GAP,Use canonical authority record for current lifecycle movement,NONE,NO,NO,YES,NO,NO
W1-161,e9c1cae9-b389-f111-ab10-6045bdd69435,The I Am in Me Part 2,Tekisha Wimbush,DUPLICATE_RECORD,e9c1cae9-b389-f111-ab10-6045bdd69435,FALSE,FALSE,DATA_GAP,DATA_GAP,DATA_GAP,DATA_GAP,Use canonical authority record for current lifecycle movement,NONE,NO,NO,YES,NO,NO
W1-162,8fc2a2e6-b389-f111-ab10-6045bdd69738,The I Am in Me Part 2,Tekisha Wimbush,DUPLICATE_RECORD,8fc2a2e6-b389-f111-ab10-6045bdd69738,FALSE,FALSE,DATA_GAP,DATA_GAP,DATA_GAP,DATA_GAP,Use canonical authority record for current lifecycle movement,NONE,NO,NO,YES,NO,NO
W1-163,3d37c9d0-c37a-f111-ab0f-6045bdd69678,The I Am in Me Part 2,Author pending,DUPLICATE_RECORD,3d37c9d0-c37a-f111-ab0f-6045bdd69678,FALSE,FALSE,DATA_GAP,DATA_GAP,DATA_GAP,DATA_GAP,Use canonical authority record for current lifecycle movement,NONE,NO,NO,YES,NO,NO
W1-164,0b2ac7e9-b389-f111-ab10-000d3a9eacee,The Journey,Rosetta Perry,DUPLICATE_RECORD,0b2ac7e9-b389-f111-ab10-000d3a9eacee,FALSE,FALSE,DATA_GAP,DATA_GAP,DATA_GAP,DATA_GAP,Use canonical authority record for current lifecycle movement,NONE,NO,NO,YES,NO,NO
W1-165,18e01ad3-c27a-f111-ab0f-6045bdd69678,The Little Girl with the Plow,Chistina Chislom,DUPLICATE_RECORD,18e01ad3-c27a-f111-ab0f-6045bdd69678,FALSE,FALSE,DATA_GAP,DATA_GAP,DATA_GAP,DATA_GAP,Use canonical authority record for current lifecycle movement,NONE,NO,NO,YES,NO,NO
W1-166,978fefe6-b389-f111-ab10-00224820105b,The Little Girl with the Plow!,Christina Chislom,DUPLICATE_RECORD,978fefe6-b389-f111-ab10-00224820105b,FALSE,FALSE,DATA_GAP,DATA_GAP,DATA_GAP,DATA_GAP,Use canonical authority record for current lifecycle movement,NONE,NO,NO,YES,NO,NO
W1-167,95e16ae6-b389-f111-ab10-7c1e525b15c2,The Little Girl with the Plow!,Christina Chislom,DUPLICATE_RECORD,95e16ae6-b389-f111-ab10-7c1e525b15c2,FALSE,FALSE,DATA_GAP,DATA_GAP,DATA_GAP,DATA_GAP,Use canonical authority record for current lifecycle movement,NONE,NO,NO,YES,NO,NO
W1-168,a12556cd-c37a-f111-ab0f-00224820105b,The Little Girl with the Plow!,Author pending,DUPLICATE_RECORD,a12556cd-c37a-f111-ab0f-00224820105b,FALSE,FALSE,DATA_GAP,DATA_GAP,DATA_GAP,DATA_GAP,Use canonical authority record for current lifecycle movement,NONE,NO,NO,YES,NO,NO
W1-169,8f5f72d0-c27a-f111-ab0f-6045bdd69738,The Never Before Told Story of the Gelatin Monster,Nicky Williams,DUPLICATE_RECORD,8f5f72d0-c27a-f111-ab0f-6045bdd69738,FALSE,FALSE,DATA_GAP,DATA_GAP,DATA_GAP,DATA_GAP,Use canonical authority record for current lifecycle movement,NONE,NO,NO,YES,NO,NO
W1-170,06c2cae9-b389-f111-ab10-6045bdd69435,The Paper Champ,Felix Catheline,DUPLICATE_RECORD,06c2cae9-b389-f111-ab10-6045bdd69435,FALSE,FALSE,DATA_GAP,DATA_GAP,DATA_GAP,DATA_GAP,Use canonical authority record for current lifecycle movement,NONE,NO,NO,YES,NO,NO
W1-171,3ee961cd-c37a-f111-ab0f-7c1e525b15c2,What Goes up Must Come down Let's Face It,Author pending,DUPLICATE_RECORD,3ee961cd-c37a-f111-ab0f-7c1e525b15c2,FALSE,FALSE,DATA_GAP,DATA_GAP,DATA_GAP,DATA_GAP,Use canonical authority record for current lifecycle movement,NONE,NO,NO,YES,NO,NO
W1-172,1b2ac7e9-b389-f111-ab10-000d3a9eacee,You're Still Not Crazy,Carolyn Booker-Pierce,DUPLICATE_RECORD,1b2ac7e9-b389-f111-ab10-000d3a9eacee,FALSE,FALSE,DATA_GAP,DATA_GAP,DATA_GAP,DATA_GAP,Use canonical authority record for current lifecycle movement,NONE,NO,NO,YES,NO,NO
W1-173,b50f6fd3-c27a-f111-ab0f-6045bdd69435,"Your brain has too much what, mommy",Essence Unique,DUPLICATE_RECORD,b50f6fd3-c27a-f111-ab0f-6045bdd69435,FALSE,FALSE,DATA_GAP,DATA_GAP,DATA_GAP,DATA_GAP,Use canonical authority record for current lifecycle movement,NONE,NO,NO,YES,NO,NO
W1-174,236386cf-c37a-f111-ab0f-000d3a14673b,"Your Brain Has Too Much What, Mommy??",Author pending,DUPLICATE_RECORD,236386cf-c37a-f111-ab0f-000d3a14673b,FALSE,FALSE,DATA_GAP,DATA_GAP,DATA_GAP,DATA_GAP,Use canonical authority record for current lifecycle movement,NONE,NO,NO,YES,NO,NO
W1-175,39515cd9-7a8a-f111-ab10-000d3a1a9efa,JM1 Duplicate Proof 20260727173641,JM1 Duplicate20260727173641,CANONICAL_PUBLISHED_TITLE,39515cd9-7a8a-f111-ab10-000d3a1a9efa,TRUE,FALSE,POST_PUBLICATION,POST_PUBLICATION_STEWARDSHIP,POST_PUBLICATION,POST_PUBLICATION_STEWARDSHIP,Maintain post-publication stewardship,NONE,NO,YES,NO,NO,NO
W1-176,81c81786-4889-f111-ab10-000d3a14673b,JM1 Preview Synthetic Artifact A,JM1 Preview Author A,CANONICAL_PUBLISHED_TITLE,81c81786-4889-f111-ab10-000d3a14673b,TRUE,FALSE,POST_PUBLICATION,POST_PUBLICATION_STEWARDSHIP,POST_PUBLICATION,POST_PUBLICATION_STEWARDSHIP,Maintain post-publication stewardship,NONE,NO,YES,NO,NO,NO
W1-177,8de10c93-4a89-f111-ab10-7c1e525b15c2,JM1 Preview Synthetic Artifact B,JM1 Preview Author B,CANONICAL_PUBLISHED_TITLE,8de10c93-4a89-f111-ab10-7c1e525b15c2,TRUE,FALSE,POST_PUBLICATION,POST_PUBLICATION_STEWARDSHIP,POST_PUBLICATION,POST_PUBLICATION_STEWARDSHIP,Maintain post-publication stewardship,NONE,NO,YES,NO,NO,NO
W1-178,17b02bdb-7a8a-f111-ab10-6045bdd69678,JM1 Synthetic Intake Final Proof 20260727170349,JM1 SyntheticFinal20260727170349,CANONICAL_PUBLISHED_TITLE,17b02bdb-7a8a-f111-ab10-6045bdd69678,TRUE,FALSE,POST_PUBLICATION,POST_PUBLICATION_STEWARDSHIP,POST_PUBLICATION,POST_PUBLICATION_STEWARDSHIP,Maintain post-publication stewardship,NONE,NO,YES,NO,NO,NO
W1-179,14b02bdb-7a8a-f111-ab10-6045bdd69678,JM1 Synthetic Intake Final Proof 20260727172010,JM1 SyntheticFinal20260727172010,CANONICAL_PUBLISHED_TITLE,14b02bdb-7a8a-f111-ab10-6045bdd69678,TRUE,FALSE,POST_PUBLICATION,POST_PUBLICATION_STEWARDSHIP,POST_PUBLICATION,POST_PUBLICATION_STEWARDSHIP,Maintain post-publication stewardship,NONE,NO,YES,NO,NO,NO
W1-180,f2af2bdb-7a8a-f111-ab10-6045bdd69678,JM1 Synthetic Intake Restored Proof 20260727173332,JM1 SyntheticRestored20260727173332,CANONICAL_PUBLISHED_TITLE,f2af2bdb-7a8a-f111-ab10-6045bdd69678,TRUE,FALSE,POST_PUBLICATION,POST_PUBLICATION_STEWARDSHIP,POST_PUBLICATION,POST_PUBLICATION_STEWARDSHIP,Maintain post-publication stewardship,NONE,NO,YES,NO,NO,NO
W1-181,7a8102e6-698b-f111-ab10-7c1e525b15c2,GATE-W1 App Service Staging DOCX Join 1785342161378,Gate W1 Docx Synthetic,CANONICAL_PUBLISHED_TITLE,7a8102e6-698b-f111-ab10-7c1e525b15c2,TRUE,FALSE,POST_PUBLICATION,POST_PUBLICATION_STEWARDSHIP,POST_PUBLICATION,POST_PUBLICATION_STEWARDSHIP,Maintain post-publication stewardship,NONE,NO,YES,NO,NO,NO
W1-182,11590673-6a8b-f111-ab10-7c1e525b15c2,GATE-W1 App Service Staging Long DOCX Join 1785342346355,Gate W1 Long Docx Synthetic,CANONICAL_PUBLISHED_TITLE,11590673-6a8b-f111-ab10-7c1e525b15c2,TRUE,FALSE,POST_PUBLICATION,POST_PUBLICATION_STEWARDSHIP,POST_PUBLICATION,POST_PUBLICATION_STEWARDSHIP,Maintain post-publication stewardship,NONE,NO,YES,NO,NO,NO
W1-183,a31f2e58-698b-f111-ab0f-7ced8dce6fda,GATE-W1 App Service Staging Multipart Join 1785341972350,Gate W1 Multipart Synthetic,CANONICAL_PUBLISHED_TITLE,a31f2e58-698b-f111-ab0f-7ced8dce6fda,TRUE,FALSE,POST_PUBLICATION,POST_PUBLICATION_STEWARDSHIP,POST_PUBLICATION,POST_PUBLICATION_STEWARDSHIP,Maintain post-publication stewardship,NONE,NO,YES,NO,NO,NO
W1-184,8bcc42c8-688b-f111-ab10-7c1e525b15c2,GATE-W1 App Service Staging Positive Join 1785341427544,Gate W1 Join Synthetic,CANONICAL_PUBLISHED_TITLE,8bcc42c8-688b-f111-ab10-7c1e525b15c2,TRUE,FALSE,POST_PUBLICATION,POST_PUBLICATION_STEWARDSHIP,POST_PUBLICATION,POST_PUBLICATION_STEWARDSHIP,Maintain post-publication stewardship,NONE,NO,YES,NO,NO,NO
W1-185,7f9b991c-418b-f111-ab10-7c1e525b15c2,GATE-W1 Synthetic Certification Manuscript 20260729,Gate W1 Synthetic,CANONICAL_PUBLISHED_TITLE,7f9b991c-418b-f111-ab10-7c1e525b15c2,TRUE,FALSE,POST_PUBLICATION,POST_PUBLICATION_STEWARDSHIP,POST_PUBLICATION,POST_PUBLICATION_STEWARDSHIP,Maintain post-publication stewardship,NONE,NO,YES,NO,NO,NO
W1-186,48e831f0-418b-f111-ab10-000d3a1a9efa,GATE-W1 Synthetic Recommendation Manuscript 20260729,Gate W1 Synthetic,CANONICAL_PUBLISHED_TITLE,48e831f0-418b-f111-ab10-000d3a1a9efa,TRUE,FALSE,POST_PUBLICATION,POST_PUBLICATION_STEWARDSHIP,POST_PUBLICATION,POST_PUBLICATION_STEWARDSHIP,Maintain post-publication stewardship,NONE,NO,YES,NO,NO,NO
W1-187,f79006b7-f595-f111-8076-00224820105b,'TIL DEATH DO US PART,"Jackie Smith, Jr.",CANONICAL_PUBLISHED_TITLE,f79006b7-f595-f111-8076-00224820105b,TRUE,FALSE,POST_PUBLICATION,POST_PUBLICATION_STEWARDSHIP,POST_PUBLICATION,POST_PUBLICATION_STEWARDSHIP,Maintain post-publication stewardship,NONE,NO,YES,NO,NO,NO
W1-188,ca68c994-fd89-f111-ab10-00224820105b,Untitled,Atta Boateng,CANONICAL_PUBLISHED_TITLE,ca68c994-fd89-f111-ab10-00224820105b,TRUE,FALSE,POST_PUBLICATION,POST_PUBLICATION_STEWARDSHIP,POST_PUBLICATION,POST_PUBLICATION_STEWARDSHIP,Maintain post-publication stewardship,NONE,NO,YES,NO,NO,NO
W1-189,d8e69bd7-b389-f111-ab10-6045bdd69435,27 Days to Overcoming Depression,Donjia Walls,DUPLICATE_RECORD,d8e69bd7-b389-f111-ab10-6045bdd69435,FALSE,FALSE,DATA_GAP,DATA_GAP,DATA_GAP,DATA_GAP,Use canonical authority record for current lifecycle movement,NONE,NO,NO,YES,NO,NO
W1-190,dee69bd7-b389-f111-ab10-6045bdd69435,365 Days Of Transparency,Daphanny Baker,DUPLICATE_RECORD,dee69bd7-b389-f111-ab10-6045bdd69435,FALSE,FALSE,DATA_GAP,DATA_GAP,DATA_GAP,DATA_GAP,Use canonical authority record for current lifecycle movement,NONE,NO,NO,YES,NO,NO
W1-191,4b9a11da-b389-f111-ab10-6045bdd69738,A Blended Family,Shecara Norris,DUPLICATE_RECORD,4b9a11da-b389-f111-ab10-6045bdd69738,FALSE,FALSE,DATA_GAP,DATA_GAP,DATA_GAP,DATA_GAP,Use canonical authority record for current lifecycle movement,NONE,NO,NO,YES,NO,NO
W1-192,f47d1ada-b389-f111-ab10-7c1e525b15c2,A Blended Family,Shecara Norris,DUPLICATE_RECORD,f47d1ada-b389-f111-ab10-7c1e525b15c2,FALSE,FALSE,DATA_GAP,DATA_GAP,DATA_GAP,DATA_GAP,Use canonical authority record for current lifecycle movement,NONE,NO,NO,YES,NO,NO
W1-193,9fe382d8-b389-f111-ab10-6045bdd69678,A Little Bit of Everything,Eryonna Barrino,DUPLICATE_RECORD,9fe382d8-b389-f111-ab10-6045bdd69678,FALSE,FALSE,DATA_GAP,DATA_GAP,DATA_GAP,DATA_GAP,Use canonical authority record for current lifecycle movement,NONE,NO,NO,YES,NO,NO
W1-194,a3e382d8-b389-f111-ab10-6045bdd69678,A Little Bit of Everything,Eryonna Barrino,DUPLICATE_RECORD,a3e382d8-b389-f111-ab10-6045bdd69678,FALSE,FALSE,DATA_GAP,DATA_GAP,DATA_GAP,DATA_GAP,Use canonical authority record for current lifecycle movement,NONE,NO,NO,YES,NO,NO
W1-195,abe382d8-b389-f111-ab10-6045bdd69678,A Principal's Tale,Shelley McIntosh,DUPLICATE_RECORD,abe382d8-b389-f111-ab10-6045bdd69678,FALSE,FALSE,DATA_GAP,DATA_GAP,DATA_GAP,DATA_GAP,Use canonical authority record for current lifecycle movement,NONE,NO,NO,YES,NO,NO
W1-196,509a11da-b389-f111-ab10-6045bdd69738,According to Mark,Alice Pryor,DUPLICATE_RECORD,509a11da-b389-f111-ab10-6045bdd69738,FALSE,FALSE,DATA_GAP,DATA_GAP,DATA_GAP,DATA_GAP,Use canonical authority record for current lifecycle movement,NONE,NO,NO,YES,NO,NO
W1-197,2754a0dd-b389-f111-ab10-6045bdd69435,According to Mark,Alice Pryor,DUPLICATE_RECORD,2754a0dd-b389-f111-ab10-6045bdd69435,FALSE,FALSE,DATA_GAP,DATA_GAP,DATA_GAP,DATA_GAP,Use canonical authority record for current lifecycle movement,NONE,NO,NO,YES,NO,NO
W1-198,f87d1ada-b389-f111-ab10-7c1e525b15c2,According to Mark,Alice Pryor,DUPLICATE_RECORD,f87d1ada-b389-f111-ab10-7c1e525b15c2,FALSE,FALSE,DATA_GAP,DATA_GAP,DATA_GAP,DATA_GAP,Use canonical authority record for current lifecycle movement,NONE,NO,NO,YES,NO,NO
W1-199,549a11da-b389-f111-ab10-6045bdd69738,Are You Sure That You Are Ready?,Ericka Thornton,DUPLICATE_RECORD,549a11da-b389-f111-ab10-6045bdd69738,FALSE,FALSE,DATA_GAP,DATA_GAP,DATA_GAP,DATA_GAP,Use canonical authority record for current lifecycle movement,NONE,NO,NO,YES,NO,NO
W1-200,a60402da-b389-f111-ab10-000d3a14673b,BEE Careful,Deborah Eiland,DUPLICATE_RECORD,a60402da-b389-f111-ab10-000d3a14673b,FALSE,FALSE,DATA_GAP,DATA_GAP,DATA_GAP,DATA_GAP,Use canonical authority record for current lifecycle movement,NONE,NO,NO,YES,NO,NO
W1-201,04dac7dd-b389-f111-ab10-000d3a9eacee,BEE Careful,Deborah Eiland,DUPLICATE_RECORD,04dac7dd-b389-f111-ab10-000d3a9eacee,FALSE,FALSE,DATA_GAP,DATA_GAP,DATA_GAP,DATA_GAP,Use canonical authority record for current lifecycle movement,NONE,NO,NO,YES,NO,NO
W1-202,06dac7dd-b389-f111-ab10-000d3a9eacee,BEE Careful,Deborah Eiland,DUPLICATE_RECORD,06dac7dd-b389-f111-ab10-000d3a9eacee,FALSE,FALSE,DATA_GAP,DATA_GAP,DATA_GAP,DATA_GAP,Use canonical authority record for current lifecycle movement,NONE,NO,NO,YES,NO,NO
W1-203,079c7bde-b389-f111-ab10-6045bdd69678,BEE Careful,Deborah Eiland,DUPLICATE_RECORD,079c7bde-b389-f111-ab10-6045bdd69678,FALSE,FALSE,DATA_GAP,DATA_GAP,DATA_GAP,DATA_GAP,Use canonical authority record for current lifecycle movement,NONE,NO,NO,YES,NO,NO
W1-204,559a11da-b389-f111-ab10-6045bdd69738,BEE Careful,Deborah Eiland,DUPLICATE_RECORD,559a11da-b389-f111-ab10-6045bdd69738,FALSE,FALSE,DATA_GAP,DATA_GAP,DATA_GAP,DATA_GAP,Use canonical authority record for current lifecycle movement,NONE,NO,NO,YES,NO,NO
W1-205,569a11da-b389-f111-ab10-6045bdd69738,Biblical Prescriptions For Life's Troubles,Terry Stephens,DUPLICATE_RECORD,569a11da-b389-f111-ab10-6045bdd69738,FALSE,FALSE,DATA_GAP,DATA_GAP,DATA_GAP,DATA_GAP,Use canonical authority record for current lifecycle movement,NONE,NO,NO,YES,NO,NO
W1-206,07dac7dd-b389-f111-ab10-000d3a9eacee,Bodacious,Nathaniel Short,DUPLICATE_RECORD,07dac7dd-b389-f111-ab10-000d3a9eacee,FALSE,FALSE,DATA_GAP,DATA_GAP,DATA_GAP,DATA_GAP,Use canonical authority record for current lifecycle movement,NONE,NO,NO,YES,NO,NO
W1-207,943582da-b389-f111-ab10-00224820105b,Conquer Your Fears and Win,Gloria Patterson,DUPLICATE_RECORD,943582da-b389-f111-ab10-00224820105b,FALSE,FALSE,DATA_GAP,DATA_GAP,DATA_GAP,DATA_GAP,Use canonical authority record for current lifecycle movement,NONE,NO,NO,YES,NO,NO
W1-208,139c7bde-b389-f111-ab10-6045bdd69678,Conquer Your Fears and Win,Gloria Patterson,DUPLICATE_RECORD,139c7bde-b389-f111-ab10-6045bdd69678,FALSE,FALSE,DATA_GAP,DATA_GAP,DATA_GAP,DATA_GAP,Use canonical authority record for current lifecycle movement,NONE,NO,NO,YES,NO,NO
W1-209,af7e1ee0-b389-f111-ab10-000d3a14673b,Destined to Break the Curse,"Sean Smith, Sr.",DUPLICATE_RECORD,af7e1ee0-b389-f111-ab10-000d3a14673b,FALSE,FALSE,DATA_GAP,DATA_GAP,DATA_GAP,DATA_GAP,Use canonical authority record for current lifecycle movement,NONE,NO,NO,YES,NO,NO
W1-210,3654a0dd-b389-f111-ab10-6045bdd69435,Destined To Break The Curse Devotional,"Sean Smith, Sr.",DUPLICATE_RECORD,3654a0dd-b389-f111-ab10-6045bdd69435,FALSE,FALSE,DATA_GAP,DATA_GAP,DATA_GAP,DATA_GAP,Use canonical authority record for current lifecycle movement,NONE,NO,NO,YES,NO,NO
W1-211,b17e1ee0-b389-f111-ab10-000d3a14673b,Discipline and Direction,Terry Stephens,DUPLICATE_RECORD,b17e1ee0-b389-f111-ab10-000d3a14673b,FALSE,FALSE,DATA_GAP,DATA_GAP,DATA_GAP,DATA_GAP,Use canonical authority record for current lifecycle movement,NONE,NO,NO,YES,NO,NO
W1-212,b27e1ee0-b389-f111-ab10-000d3a14673b,Divinely Inspired,Regina Scales,DUPLICATE_RECORD,b27e1ee0-b389-f111-ab10-000d3a14673b,FALSE,FALSE,DATA_GAP,DATA_GAP,DATA_GAP,DATA_GAP,Use canonical authority record for current lifecycle movement,NONE,NO,NO,YES,NO,NO
W1-213,15dac7dd-b389-f111-ab10-000d3a9eacee,Divinely Inspired,Regina Scales,DUPLICATE_RECORD,15dac7dd-b389-f111-ab10-000d3a9eacee,FALSE,FALSE,DATA_GAP,DATA_GAP,DATA_GAP,DATA_GAP,Use canonical authority record for current lifecycle movement,NONE,NO,NO,YES,NO,NO
W1-214,5154a0dd-b389-f111-ab10-6045bdd69435,"Focus, Trust, & Follow",Shana Byrd,DUPLICATE_RECORD,5154a0dd-b389-f111-ab10-6045bdd69435,FALSE,FALSE,DATA_GAP,DATA_GAP,DATA_GAP,DATA_GAP,Use canonical authority record for current lifecycle movement,NONE,NO,NO,YES,NO,NO
W1-215,b67e1ee0-b389-f111-ab10-000d3a14673b,From Stylist to CEO,Karen Hill,DUPLICATE_RECORD,b67e1ee0-b389-f111-ab10-000d3a14673b,FALSE,FALSE,DATA_GAP,DATA_GAP,DATA_GAP,DATA_GAP,Use canonical authority record for current lifecycle movement,NONE,NO,NO,YES,NO,NO
W1-216,1d4097e0-b389-f111-ab10-00224820105b,From Stylist to CEO,Karen Hill,DUPLICATE_RECORD,1d4097e0-b389-f111-ab10-00224820105b,FALSE,FALSE,DATA_GAP,DATA_GAP,DATA_GAP,DATA_GAP,Use canonical authority record for current lifecycle movement,NONE,NO,NO,YES,NO,NO
W1-217,24e01ad3-c27a-f111-ab0f-6045bdd69678,From Stylist to CEO,Karen Hill,DUPLICATE_RECORD,24e01ad3-c27a-f111-ab0f-6045bdd69678,FALSE,FALSE,DATA_GAP,DATA_GAP,DATA_GAP,DATA_GAP,Use canonical authority record for current lifecycle movement,NONE,NO,NO,YES,NO,NO
W1-218,57a0a0e0-b389-f111-ab10-6045bdd69738,God’s Business Plan,Terry Stephens,DUPLICATE_RECORD,57a0a0e0-b389-f111-ab10-6045bdd69738,FALSE,FALSE,DATA_GAP,DATA_GAP,DATA_GAP,DATA_GAP,Use canonical authority record for current lifecycle movement,NONE,NO,NO,YES,NO,NO
W1-219,58a0a0e0-b389-f111-ab10-6045bdd69738,God’s Business Plan,Terry Stephens,DUPLICATE_RECORD,58a0a0e0-b389-f111-ab10-6045bdd69738,FALSE,FALSE,DATA_GAP,DATA_GAP,DATA_GAP,DATA_GAP,Use canonical authority record for current lifecycle movement,NONE,NO,NO,YES,NO,NO
W1-220,6b54a0dd-b389-f111-ab10-6045bdd69435,God's Word for This World,Thomas Johnson,DUPLICATE_RECORD,6b54a0dd-b389-f111-ab10-6045bdd69435,FALSE,FALSE,DATA_GAP,DATA_GAP,DATA_GAP,DATA_GAP,Use canonical authority record for current lifecycle movement,NONE,NO,NO,YES,NO,NO
W1-221,cd5b72e0-b389-f111-ab10-7c1e525b15c2,God's Word For This World,Thomas Johnson,DUPLICATE_RECORD,cd5b72e0-b389-f111-ab10-7c1e525b15c2,FALSE,FALSE,DATA_GAP,DATA_GAP,DATA_GAP,DATA_GAP,Use canonical authority record for current lifecycle movement,NONE,NO,NO,YES,NO,NO
W1-222,294097e0-b389-f111-ab10-00224820105b,Grandmothers Educating Minds,Toni Kleckley,DUPLICATE_RECORD,294097e0-b389-f111-ab10-00224820105b,FALSE,FALSE,DATA_GAP,DATA_GAP,DATA_GAP,DATA_GAP,Use canonical authority record for current lifecycle movement,NONE,NO,NO,YES,NO,NO
W1-223,59a0a0e0-b389-f111-ab10-6045bdd69738,Grandmothers Educating Minds,Toni Kleckley,DUPLICATE_RECORD,59a0a0e0-b389-f111-ab10-6045bdd69738,FALSE,FALSE,DATA_GAP,DATA_GAP,DATA_GAP,DATA_GAP,Use canonical authority record for current lifecycle movement,NONE,NO,NO,YES,NO,NO
W1-224,9a8904ca-c27a-f111-ab0f-6045bdd69738,"Grandmothers Educating Minds, 2nd Edition",Toni Kleckley,LEGACY_TITLE_RECORD,9a8904ca-c27a-f111-ab0f-6045bdd69738,FALSE,FALSE,DATA_GAP,DATA_GAP,DATA_GAP,DATA_GAP,Use canonical authority record for current lifecycle movement,NONE,NO,NO,YES,NO,NO
W1-225,bd7e1ee0-b389-f111-ab10-000d3a14673b,Hodge Podge of Life,Mildred Beard,DUPLICATE_RECORD,bd7e1ee0-b389-f111-ab10-000d3a14673b,FALSE,FALSE,DATA_GAP,DATA_GAP,DATA_GAP,DATA_GAP,Use canonical authority record for current lifecycle movement,NONE,NO,NO,YES,NO,NO
W1-226,bf7e1ee0-b389-f111-ab10-000d3a14673b,I Am My Worst Enemy!,Maurche Reed,DUPLICATE_RECORD,bf7e1ee0-b389-f111-ab10-000d3a14673b,FALSE,FALSE,DATA_GAP,DATA_GAP,DATA_GAP,DATA_GAP,Use canonical authority record for current lifecycle movement,NONE,NO,NO,YES,NO,NO
W1-227,c17e1ee0-b389-f111-ab10-000d3a14673b,Jalen Becomes a Big Brother,Deborah Eiland,DUPLICATE_RECORD,c17e1ee0-b389-f111-ab10-000d3a14673b,FALSE,FALSE,DATA_GAP,DATA_GAP,DATA_GAP,DATA_GAP,Use canonical authority record for current lifecycle movement,NONE,NO,NO,YES,NO,NO
W1-228,c4ee73e4-b389-f111-ab10-6045bdd69678,Jalen Becomes a Big Brother,Deborah Eiland,DUPLICATE_RECORD,c4ee73e4-b389-f111-ab10-6045bdd69678,FALSE,FALSE,DATA_GAP,DATA_GAP,DATA_GAP,DATA_GAP,Use canonical authority record for current lifecycle movement,NONE,NO,NO,YES,NO,NO
W1-229,b6a6c7e3-b389-f111-ab10-000d3a9eacee,Jewels by Lady J,Janet Stephens,DUPLICATE_RECORD,b6a6c7e3-b389-f111-ab10-000d3a9eacee,FALSE,FALSE,DATA_GAP,DATA_GAP,DATA_GAP,DATA_GAP,Use canonical authority record for current lifecycle movement,NONE,NO,NO,YES,NO,NO
W1-230,79dea4e3-b389-f111-ab10-6045bdd69435,Jewels by Lady J,Janet Stephens,DUPLICATE_RECORD,79dea4e3-b389-f111-ab10-6045bdd69435,FALSE,FALSE,DATA_GAP,DATA_GAP,DATA_GAP,DATA_GAP,Use canonical authority record for current lifecycle movement,NONE,NO,NO,YES,NO,NO
W1-231,c27e1ee0-b389-f111-ab10-000d3a14673b,Just What I Needed,Adrean Young,DUPLICATE_RECORD,c27e1ee0-b389-f111-ab10-000d3a14673b,FALSE,FALSE,DATA_GAP,DATA_GAP,DATA_GAP,DATA_GAP,Use canonical authority record for current lifecycle movement,NONE,NO,NO,YES,NO,NO
W1-232,454097e0-b389-f111-ab10-00224820105b,Just What I Needed,Adrean Young,DUPLICATE_RECORD,454097e0-b389-f111-ab10-00224820105b,FALSE,FALSE,DATA_GAP,DATA_GAP,DATA_GAP,DATA_GAP,Use canonical authority record for current lifecycle movement,NONE,NO,NO,YES,NO,NO
W1-233,7ddea4e3-b389-f111-ab10-6045bdd69435,Kingdom Equipment 101,Terry Stephens,DUPLICATE_RECORD,7ddea4e3-b389-f111-ab10-6045bdd69435,FALSE,FALSE,DATA_GAP,DATA_GAP,DATA_GAP,DATA_GAP,Use canonical authority record for current lifecycle movement,NONE,NO,NO,YES,NO,NO
W1-234,ecee73e4-b389-f111-ab10-6045bdd69678,Lady Daphanny's Altar,Daphanny Baker,DUPLICATE_RECORD,ecee73e4-b389-f111-ab10-6045bdd69678,FALSE,FALSE,DATA_GAP,DATA_GAP,DATA_GAP,DATA_GAP,Use canonical authority record for current lifecycle movement,NONE,NO,NO,YES,NO,NO
W1-235,464097e0-b389-f111-ab10-00224820105b,Life After Detour,Deanna Jones,DUPLICATE_RECORD,464097e0-b389-f111-ab10-00224820105b,FALSE,FALSE,DATA_GAP,DATA_GAP,DATA_GAP,DATA_GAP,Use canonical authority record for current lifecycle movement,NONE,NO,NO,YES,NO,NO
W1-236,62a0a0e0-b389-f111-ab10-6045bdd69738,Love Is An Action Word,Kurt Broadnax,DUPLICATE_RECORD,62a0a0e0-b389-f111-ab10-6045bdd69738,FALSE,FALSE,DATA_GAP,DATA_GAP,DATA_GAP,DATA_GAP,Use canonical authority record for current lifecycle movement,NONE,NO,NO,YES,NO,NO
W1-237,845c72e0-b389-f111-ab10-7c1e525b15c2,Love Lucy,Diane Johnson,DUPLICATE_RECORD,845c72e0-b389-f111-ab10-7c1e525b15c2,FALSE,FALSE,DATA_GAP,DATA_GAP,DATA_GAP,DATA_GAP,Use canonical authority record for current lifecycle movement,NONE,NO,NO,YES,NO,NO
W1-238,484097e0-b389-f111-ab10-00224820105b,Love of My Life,Thaddues Smith,DUPLICATE_RECORD,484097e0-b389-f111-ab10-00224820105b,FALSE,FALSE,DATA_GAP,DATA_GAP,DATA_GAP,DATA_GAP,Use canonical authority record for current lifecycle movement,NONE,NO,NO,YES,NO,NO
W1-239,474097e0-b389-f111-ab10-00224820105b,Love of My Life,Thaddues Smith,DUPLICATE_RECORD,474097e0-b389-f111-ab10-00224820105b,FALSE,FALSE,DATA_GAP,DATA_GAP,DATA_GAP,DATA_GAP,Use canonical authority record for current lifecycle movement,NONE,NO,NO,YES,NO,NO
W1-240,584797d0-c27a-f111-ab0f-7c1e525b15c2,Melodies from Heaven,Bailey Cunningham,DUPLICATE_RECORD,584797d0-c27a-f111-ab0f-7c1e525b15c2,FALSE,FALSE,DATA_GAP,DATA_GAP,DATA_GAP,DATA_GAP,Use canonical authority record for current lifecycle movement,NONE,NO,NO,YES,NO,NO
W1-241,bca6c7e3-b389-f111-ab10-000d3a9eacee,Memoir of a Black Christian Nationalist,Shelley McIntosh,DUPLICATE_RECORD,bca6c7e3-b389-f111-ab10-000d3a9eacee,FALSE,FALSE,DATA_GAP,DATA_GAP,DATA_GAP,DATA_GAP,Use canonical authority record for current lifecycle movement,NONE,NO,NO,YES,NO,NO
W1-242,63a0a0e0-b389-f111-ab10-6045bdd69738,Memoir of a Black Christian Nationalist,Shelley McIntosh,DUPLICATE_RECORD,63a0a0e0-b389-f111-ab10-6045bdd69738,FALSE,FALSE,DATA_GAP,DATA_GAP,DATA_GAP,DATA_GAP,Use canonical authority record for current lifecycle movement,NONE,NO,NO,YES,NO,NO
W1-243,7fc2a2e6-b389-f111-ab10-6045bdd69738,Memoir of a Black Christian Nationalist,Shelley McIntosh,DUPLICATE_RECORD,7fc2a2e6-b389-f111-ab10-6045bdd69738,FALSE,FALSE,DATA_GAP,DATA_GAP,DATA_GAP,DATA_GAP,Use canonical authority record for current lifecycle movement,NONE,NO,NO,YES,NO,NO
W1-244,f48be1e6-b389-f111-ab10-000d3a14673b,Mirror of Refining Insight,Marvin Grayson,DUPLICATE_RECORD,f48be1e6-b389-f111-ab10-000d3a14673b,FALSE,FALSE,DATA_GAP,DATA_GAP,DATA_GAP,DATA_GAP,Use canonical authority record for current lifecycle movement,NONE,NO,NO,YES,NO,NO
W1-245,a9df6ae6-b389-f111-ab10-7c1e525b15c2,Mirror of Refining Insight,Marvin Grayson,DUPLICATE_RECORD,a9df6ae6-b389-f111-ab10-7c1e525b15c2,FALSE,FALSE,DATA_GAP,DATA_GAP,DATA_GAP,DATA_GAP,Use canonical authority record for current lifecycle movement,NONE,NO,NO,YES,NO,NO
W1-246,82c2a2e6-b389-f111-ab10-6045bdd69738,Music Ministry Unplugged,Will Harris,DUPLICATE_RECORD,82c2a2e6-b389-f111-ab10-6045bdd69738,FALSE,FALSE,DATA_GAP,DATA_GAP,DATA_GAP,DATA_GAP,Use canonical authority record for current lifecycle movement,NONE,NO,NO,YES,NO,NO
W1-247,d6df6ae6-b389-f111-ab10-7c1e525b15c2,My ABC's,Christy Grogg,DUPLICATE_RECORD,d6df6ae6-b389-f111-ab10-7c1e525b15c2,FALSE,FALSE,DATA_GAP,DATA_GAP,DATA_GAP,DATA_GAP,Use canonical authority record for current lifecycle movement,NONE,NO,NO,YES,NO,NO
W1-248,bfa6c7e3-b389-f111-ab10-000d3a9eacee,Never Give Up On Love,Pamela Smith,DUPLICATE_RECORD,bfa6c7e3-b389-f111-ab10-000d3a9eacee,FALSE,FALSE,DATA_GAP,DATA_GAP,DATA_GAP,DATA_GAP,Use canonical authority record for current lifecycle movement,NONE,NO,NO,YES,NO,NO
W1-249,f58be1e6-b389-f111-ab10-000d3a14673b,Number 23 and Me,Wayne Pounds,DUPLICATE_RECORD,f58be1e6-b389-f111-ab10-000d3a14673b,FALSE,FALSE,DATA_GAP,DATA_GAP,DATA_GAP,DATA_GAP,Use canonical authority record for current lifecycle movement,NONE,NO,NO,YES,NO,NO
W1-250,0cef73e4-b389-f111-ab10-6045bdd69678,One Soul,Veronica Brown,DUPLICATE_RECORD,0cef73e4-b389-f111-ab10-6045bdd69678,FALSE,FALSE,DATA_GAP,DATA_GAP,DATA_GAP,DATA_GAP,Use canonical authority record for current lifecycle movement,NONE,NO,NO,YES,NO,NO
W1-251,878fefe6-b389-f111-ab10-00224820105b,Ordinary People Searching for Greatness,Earline Neal,DUPLICATE_RECORD,878fefe6-b389-f111-ab10-00224820105b,FALSE,FALSE,DATA_GAP,DATA_GAP,DATA_GAP,DATA_GAP,Use canonical authority record for current lifecycle movement,NONE,NO,NO,YES,NO,NO
W1-252,83dea4e3-b389-f111-ab10-6045bdd69435,Ordinary People Searching for Greatness,Earline Neal,DUPLICATE_RECORD,83dea4e3-b389-f111-ab10-6045bdd69435,FALSE,FALSE,DATA_GAP,DATA_GAP,DATA_GAP,DATA_GAP,Use canonical authority record for current lifecycle movement,NONE,NO,NO,YES,NO,NO
W1-253,10ef73e4-b389-f111-ab10-6045bdd69678,Peaches Can Do It!,Daphanny Baker,DUPLICATE_RECORD,10ef73e4-b389-f111-ab10-6045bdd69678,FALSE,FALSE,DATA_GAP,DATA_GAP,DATA_GAP,DATA_GAP,Use canonical authority record for current lifecycle movement,NONE,NO,NO,YES,NO,NO
W1-254,f68be1e6-b389-f111-ab10-000d3a14673b,Pieces of Me All Over the Place,Ashanti Flemister,DUPLICATE_RECORD,f68be1e6-b389-f111-ab10-000d3a14673b,FALSE,FALSE,DATA_GAP,DATA_GAP,DATA_GAP,DATA_GAP,Use canonical authority record for current lifecycle movement,NONE,NO,NO,YES,NO,NO
W1-255,f1084bcd-c27a-f111-ab0f-00224820105b,Pretty Wings,Natasha Gilchrist,DUPLICATE_RECORD,f1084bcd-c27a-f111-ab0f-00224820105b,FALSE,FALSE,DATA_GAP,DATA_GAP,DATA_GAP,DATA_GAP,Use canonical authority record for current lifecycle movement,NONE,NO,NO,YES,NO,NO
W1-256,88c2a2e6-b389-f111-ab10-6045bdd69738,Seasons of Life,Kurt Broadnax,DUPLICATE_RECORD,88c2a2e6-b389-f111-ab10-6045bdd69738,FALSE,FALSE,DATA_GAP,DATA_GAP,DATA_GAP,DATA_GAP,Use canonical authority record for current lifecycle movement,NONE,NO,NO,YES,NO,NO
W1-257,f88be1e6-b389-f111-ab10-000d3a14673b,She,M Darlene Carson,DUPLICATE_RECORD,f88be1e6-b389-f111-ab10-000d3a14673b,FALSE,FALSE,DATA_GAP,DATA_GAP,DATA_GAP,DATA_GAP,Use canonical authority record for current lifecycle movement,NONE,NO,NO,YES,NO,NO
W1-258,caa6c7e3-b389-f111-ab10-000d3a9eacee,SHE,M Darlene Carson,DUPLICATE_RECORD,caa6c7e3-b389-f111-ab10-000d3a9eacee,FALSE,FALSE,DATA_GAP,DATA_GAP,DATA_GAP,DATA_GAP,Use canonical authority record for current lifecycle movement,NONE,NO,NO,YES,NO,NO
W1-259,89dea4e3-b389-f111-ab10-6045bdd69435,Support Beyond the Cycle,Brandyn McElroy,DUPLICATE_RECORD,89dea4e3-b389-f111-ab10-6045bdd69435,FALSE,FALSE,DATA_GAP,DATA_GAP,DATA_GAP,DATA_GAP,Use canonical authority record for current lifecycle movement,NONE,NO,NO,YES,NO,NO
W1-260,8b8fefe6-b389-f111-ab10-00224820105b,Taylor Made,Will Harris,DUPLICATE_RECORD,8b8fefe6-b389-f111-ab10-00224820105b,FALSE,FALSE,DATA_GAP,DATA_GAP,DATA_GAP,DATA_GAP,Use canonical authority record for current lifecycle movement,NONE,NO,NO,YES,NO,NO
W1-261,8c8fefe6-b389-f111-ab10-00224820105b,Taylor Made,Will Harris,DUPLICATE_RECORD,8c8fefe6-b389-f111-ab10-00224820105b,FALSE,FALSE,DATA_GAP,DATA_GAP,DATA_GAP,DATA_GAP,Use canonical authority record for current lifecycle movement,NONE,NO,NO,YES,NO,NO
W1-262,89c2a2e6-b389-f111-ab10-6045bdd69738,Taylor Made,Will Harris,DUPLICATE_RECORD,89c2a2e6-b389-f111-ab10-6045bdd69738,FALSE,FALSE,DATA_GAP,DATA_GAP,DATA_GAP,DATA_GAP,Use canonical authority record for current lifecycle movement,NONE,NO,NO,YES,NO,NO
W1-263,c1f603d3-c27a-f111-ab0f-000d3a14673b,The ESSENCE of Life,Tracy Norris,LEGACY_TITLE_RECORD,c1f603d3-c27a-f111-ab0f-000d3a14673b,FALSE,FALSE,DATA_GAP,DATA_GAP,DATA_GAP,DATA_GAP,Use canonical authority record for current lifecycle movement,NONE,NO,NO,YES,NO,NO
W1-264,8edea4e3-b389-f111-ab10-6045bdd69435,"The Essence of Life, Love Letters to Christ",Tracy Norris,DUPLICATE_RECORD,8edea4e3-b389-f111-ab10-6045bdd69435,FALSE,FALSE,DATA_GAP,DATA_GAP,DATA_GAP,DATA_GAP,Use canonical authority record for current lifecycle movement,NONE,NO,NO,YES,NO,NO
W1-265,23ef73e4-b389-f111-ab10-6045bdd69678,"The Essence of Life, Love Letters to Christ",Tracy Norris,DUPLICATE_RECORD,23ef73e4-b389-f111-ab10-6045bdd69678,FALSE,FALSE,DATA_GAP,DATA_GAP,DATA_GAP,DATA_GAP,Use canonical authority record for current lifecycle movement,NONE,NO,NO,YES,NO,NO
W1-266,fe8be1e6-b389-f111-ab10-000d3a14673b,The Girl with the Ebony Locs and the Three Bears,Deborah Eiland,DUPLICATE_RECORD,fe8be1e6-b389-f111-ab10-000d3a14673b,FALSE,FALSE,DATA_GAP,DATA_GAP,DATA_GAP,DATA_GAP,Use canonical authority record for current lifecycle movement,NONE,NO,NO,YES,NO,NO
W1-267,038ce1e6-b389-f111-ab10-000d3a14673b,The Great Hair Restart,Karen Hill,DUPLICATE_RECORD,038ce1e6-b389-f111-ab10-000d3a14673b,FALSE,FALSE,DATA_GAP,DATA_GAP,DATA_GAP,DATA_GAP,Use canonical authority record for current lifecycle movement,NONE,NO,NO,YES,NO,NO
W1-268,dfc1cae9-b389-f111-ab10-6045bdd69435,The Great Hair Restart,Karen Hill,DUPLICATE_RECORD,dfc1cae9-b389-f111-ab10-6045bdd69435,FALSE,FALSE,DATA_GAP,DATA_GAP,DATA_GAP,DATA_GAP,Use canonical authority record for current lifecycle movement,NONE,NO,NO,YES,NO,NO
W1-269,e0c1cae9-b389-f111-ab10-6045bdd69435,The Great Hair Restart,Karen Hill,DUPLICATE_RECORD,e0c1cae9-b389-f111-ab10-6045bdd69435,FALSE,FALSE,DATA_GAP,DATA_GAP,DATA_GAP,DATA_GAP,Use canonical authority record for current lifecycle movement,NONE,NO,NO,YES,NO,NO
W1-270,8dc2a2e6-b389-f111-ab10-6045bdd69738,The Great Hair Restart,Karen Hill,DUPLICATE_RECORD,8dc2a2e6-b389-f111-ab10-6045bdd69738,FALSE,FALSE,DATA_GAP,DATA_GAP,DATA_GAP,DATA_GAP,Use canonical authority record for current lifecycle movement,NONE,NO,NO,YES,NO,NO
W1-271,28e16ae6-b389-f111-ab10-7c1e525b15c2,The Great Hair Restart,Karen Hill,DUPLICATE_RECORD,28e16ae6-b389-f111-ab10-7c1e525b15c2,FALSE,FALSE,DATA_GAP,DATA_GAP,DATA_GAP,DATA_GAP,Use canonical authority record for current lifecycle movement,NONE,NO,NO,YES,NO,NO
W1-272,098ce1e6-b389-f111-ab10-000d3a14673b,The Healed Me,Maurche Reed,DUPLICATE_RECORD,098ce1e6-b389-f111-ab10-000d3a14673b,FALSE,FALSE,DATA_GAP,DATA_GAP,DATA_GAP,DATA_GAP,Use canonical authority record for current lifecycle movement,NONE,NO,NO,YES,NO,NO
W1-273,072ac7e9-b389-f111-ab10-000d3a9eacee,The Healed Me,Maurche Reed,DUPLICATE_RECORD,072ac7e9-b389-f111-ab10-000d3a9eacee,FALSE,FALSE,DATA_GAP,DATA_GAP,DATA_GAP,DATA_GAP,Use canonical authority record for current lifecycle movement,NONE,NO,NO,YES,NO,NO
W1-274,176290ea-b389-f111-ab10-6045bdd69678,The Hood,Randall Beverly,DUPLICATE_RECORD,176290ea-b389-f111-ab10-6045bdd69678,FALSE,FALSE,DATA_GAP,DATA_GAP,DATA_GAP,DATA_GAP,Use canonical authority record for current lifecycle movement,NONE,NO,NO,YES,NO,NO
W1-275,92c2a2e6-b389-f111-ab10-6045bdd69738,The Master's Piece,Sylvia Benson,DUPLICATE_RECORD,92c2a2e6-b389-f111-ab10-6045bdd69738,FALSE,FALSE,DATA_GAP,DATA_GAP,DATA_GAP,DATA_GAP,Use canonical authority record for current lifecycle movement,NONE,NO,NO,YES,NO,NO
W1-276,733cd77a-cc7a-f111-ab0f-6045bdd69678,The Master's Piece,Sylvia Benson,DUPLICATE_RECORD,733cd77a-cc7a-f111-ab0f-6045bdd69678,FALSE,FALSE,DATA_GAP,DATA_GAP,DATA_GAP,DATA_GAP,Use canonical authority record for current lifecycle movement,NONE,NO,NO,YES,NO,NO
W1-277,bfe16ae6-b389-f111-ab10-7c1e525b15c2,The Messenger,Daphanny Baker,DUPLICATE_RECORD,bfe16ae6-b389-f111-ab10-7c1e525b15c2,FALSE,FALSE,DATA_GAP,DATA_GAP,DATA_GAP,DATA_GAP,Use canonical authority record for current lifecycle movement,NONE,NO,NO,YES,NO,NO
W1-278,0f8ce1e6-b389-f111-ab10-000d3a14673b,The Never Before Told Story of the Gelatin Monster,Shaniqua Williams,DUPLICATE_RECORD,0f8ce1e6-b389-f111-ab10-000d3a14673b,FALSE,FALSE,DATA_GAP,DATA_GAP,DATA_GAP,DATA_GAP,Use canonical authority record for current lifecycle movement,NONE,NO,NO,YES,NO,NO
W1-279,276290ea-b389-f111-ab10-6045bdd69678,The Never Before Told Story of the Gelatin Monster,Shaniqua Williams,DUPLICATE_RECORD,276290ea-b389-f111-ab10-6045bdd69678,FALSE,FALSE,DATA_GAP,DATA_GAP,DATA_GAP,DATA_GAP,Use canonical authority record for current lifecycle movement,NONE,NO,NO,YES,NO,NO
W1-280,9f8fefe6-b389-f111-ab10-00224820105b,The Princess and the Black-eyed Pea,Deborah Eiland,DUPLICATE_RECORD,9f8fefe6-b389-f111-ab10-00224820105b,FALSE,FALSE,DATA_GAP,DATA_GAP,DATA_GAP,DATA_GAP,Use canonical authority record for current lifecycle movement,NONE,NO,NO,YES,NO,NO
W1-281,16c2cae9-b389-f111-ab10-6045bdd69435,The Princess and the Black-eyed Pea,Deborah Eiland,DUPLICATE_RECORD,16c2cae9-b389-f111-ab10-6045bdd69435,FALSE,FALSE,DATA_GAP,DATA_GAP,DATA_GAP,DATA_GAP,Use canonical authority record for current lifecycle movement,NONE,NO,NO,YES,NO,NO
W1-282,118ce1e6-b389-f111-ab10-000d3a14673b,The Release of the Spirit,Lyle Goddard,DUPLICATE_RECORD,118ce1e6-b389-f111-ab10-000d3a14673b,FALSE,FALSE,DATA_GAP,DATA_GAP,DATA_GAP,DATA_GAP,Use canonical authority record for current lifecycle movement,NONE,NO,NO,YES,NO,NO
W1-283,426290ea-b389-f111-ab10-6045bdd69678,"The Sun, the Shadow, and the Silence",Devin Gilchrest,DUPLICATE_RECORD,426290ea-b389-f111-ab10-6045bdd69678,FALSE,FALSE,DATA_GAP,DATA_GAP,DATA_GAP,DATA_GAP,Use canonical authority record for current lifecycle movement,NONE,NO,NO,YES,NO,NO
W1-284,22c2cae9-b389-f111-ab10-6045bdd69435,Uncomfortable Conversations with God,Leslie Banks,DUPLICATE_RECORD,22c2cae9-b389-f111-ab10-6045bdd69435,FALSE,FALSE,DATA_GAP,DATA_GAP,DATA_GAP,DATA_GAP,Use canonical authority record for current lifecycle movement,NONE,NO,NO,YES,NO,NO
W1-285,172ac7e9-b389-f111-ab10-000d3a9eacee,Understanding the Misunderstood,Tia Benincase,DUPLICATE_RECORD,172ac7e9-b389-f111-ab10-000d3a9eacee,FALSE,FALSE,DATA_GAP,DATA_GAP,DATA_GAP,DATA_GAP,Use canonical authority record for current lifecycle movement,NONE,NO,NO,YES,NO,NO
W1-286,128ce1e6-b389-f111-ab10-000d3a14673b,War Mother,Winter Dockery,DUPLICATE_RECORD,128ce1e6-b389-f111-ab10-000d3a14673b,FALSE,FALSE,DATA_GAP,DATA_GAP,DATA_GAP,DATA_GAP,Use canonical authority record for current lifecycle movement,NONE,NO,NO,YES,NO,NO
W1-287,fec27b7a-cc7a-f111-ab0f-6045bdd69435,Warrior's Breed,Dean Wilson,DUPLICATE_RECORD,fec27b7a-cc7a-f111-ab0f-6045bdd69435,FALSE,FALSE,DATA_GAP,DATA_GAP,DATA_GAP,DATA_GAP,Use canonical authority record for current lifecycle movement,NONE,NO,NO,YES,NO,NO
W1-288,676290ea-b389-f111-ab10-6045bdd69678,Warriors and Angels,Shelley McIntosh,DUPLICATE_RECORD,676290ea-b389-f111-ab10-6045bdd69678,FALSE,FALSE,DATA_GAP,DATA_GAP,DATA_GAP,DATA_GAP,Use canonical authority record for current lifecycle movement,NONE,NO,NO,YES,NO,NO
W1-289,192ac7e9-b389-f111-ab10-000d3a9eacee,What Goes up Must Come down Let's Face It,Carol Roye,DUPLICATE_RECORD,192ac7e9-b389-f111-ab10-000d3a9eacee,FALSE,FALSE,DATA_GAP,DATA_GAP,DATA_GAP,DATA_GAP,Use canonical authority record for current lifecycle movement,NONE,NO,NO,YES,NO,NO
W1-290,810464ec-b389-f111-ab10-7c1e525b15c2,What Goes Up Must Come Down Let's Face It,Carol Roye,DUPLICATE_RECORD,810464ec-b389-f111-ab10-7c1e525b15c2,FALSE,FALSE,DATA_GAP,DATA_GAP,DATA_GAP,DATA_GAP,Use canonical authority record for current lifecycle movement,NONE,NO,NO,YES,NO,NO
W1-291,6c6290ea-b389-f111-ab10-6045bdd69678,When a Thug Meets Jesus,Mack Hughley,DUPLICATE_RECORD,6c6290ea-b389-f111-ab10-6045bdd69678,FALSE,FALSE,DATA_GAP,DATA_GAP,DATA_GAP,DATA_GAP,Use canonical authority record for current lifecycle movement,NONE,NO,NO,YES,NO,NO
W1-292,900464ec-b389-f111-ab10-7c1e525b15c2,When Zuri Came to Earth,Gwendolyn Rucker-Carr,DUPLICATE_RECORD,900464ec-b389-f111-ab10-7c1e525b15c2,FALSE,FALSE,DATA_GAP,DATA_GAP,DATA_GAP,DATA_GAP,Use canonical authority record for current lifecycle movement,NONE,NO,NO,YES,NO,NO
W1-293,65137ed6-c27a-f111-ab0f-6045bdd69738,When Zuri Came to Earth,Gwendolyn Rucker-Carr,DUPLICATE_RECORD,65137ed6-c27a-f111-ab0f-6045bdd69738,FALSE,FALSE,DATA_GAP,DATA_GAP,DATA_GAP,DATA_GAP,Use canonical authority record for current lifecycle movement,NONE,NO,NO,YES,NO,NO
W1-294,9e8ffdd6-c27a-f111-ab0f-7c1e525b15c2,Why Faith Works for Some and Not for Others,Rodney Waller,DUPLICATE_RECORD,9e8ffdd6-c27a-f111-ab0f-7c1e525b15c2,FALSE,FALSE,DATA_GAP,DATA_GAP,DATA_GAP,DATA_GAP,Use canonical authority record for current lifecycle movement,NONE,NO,NO,YES,NO,NO
W1-295,e1b26aed-b389-f111-ab10-6045bdd69738,Why Faith Works For Some And Not For Others,Rodney Waller,DUPLICATE_RECORD,e1b26aed-b389-f111-ab10-6045bdd69738,FALSE,FALSE,DATA_GAP,DATA_GAP,DATA_GAP,DATA_GAP,Use canonical authority record for current lifecycle movement,NONE,NO,NO,YES,NO,NO
W1-296,c8d3f1ec-b389-f111-ab10-00224820105b,Words of a Troubled Soul,David Williams,DUPLICATE_RECORD,c8d3f1ec-b389-f111-ab10-00224820105b,FALSE,FALSE,DATA_GAP,DATA_GAP,DATA_GAP,DATA_GAP,Use canonical authority record for current lifecycle movement,NONE,NO,NO,YES,NO,NO
W1-297,bc4188ed-b389-f111-ab10-000d3a14673b,Words of A Troubled Soul,David Williams,DUPLICATE_RECORD,bc4188ed-b389-f111-ab10-000d3a14673b,FALSE,FALSE,DATA_GAP,DATA_GAP,DATA_GAP,DATA_GAP,Use canonical authority record for current lifecycle movement,NONE,NO,NO,YES,NO,NO
W1-298,1c2ac7e9-b389-f111-ab10-000d3a9eacee,"Your brain has too much what, mommy??",Essence Easley,DUPLICATE_RECORD,1c2ac7e9-b389-f111-ab10-000d3a9eacee,FALSE,FALSE,DATA_GAP,DATA_GAP,DATA_GAP,DATA_GAP,Use canonical authority record for current lifecycle movement,NONE,NO,NO,YES,NO,NO
W1-299,cdd3f1ec-b389-f111-ab10-00224820105b,"Your Brain Has Too Much What, Mommy??",Essence Easley,DUPLICATE_RECORD,cdd3f1ec-b389-f111-ab10-00224820105b,FALSE,FALSE,DATA_GAP,DATA_GAP,DATA_GAP,DATA_GAP,Use canonical authority record for current lifecycle movement,NONE,NO,NO,YES,NO,NO
W1-300,2bc2cae9-b389-f111-ab10-6045bdd69435,Your Peace Is a Priority,Kiena Hughley,DUPLICATE_RECORD,2bc2cae9-b389-f111-ab10-6045bdd69435,FALSE,FALSE,DATA_GAP,DATA_GAP,DATA_GAP,DATA_GAP,Use canonical authority record for current lifecycle movement,NONE,NO,NO,YES,NO,NO
W1-301,fd577d2b-01a0-f111-b8dc-000d3a14673b,Indomitable,Quanisha Dockery,CANONICAL_CURRENT_TITLE,fd577d2b-01a0-f111-b8dc-000d3a14673b,TRUE,FALSE,DATA_GAP,DATA_GAP,DATA_GAP,DATA_GAP,Resolve lifecycle mapping conflict,DATA_GAP,NO,YES,NO,NO,NO
W1-302,f1908dc9-5775-f111-ab0f-6045bdd69435,Establishing Glory: The Library,"Jackie Smith, Jr.",CANONICAL_PUBLISHED_TITLE,f1908dc9-5775-f111-ab0f-6045bdd69435,TRUE,FALSE,POST_PUBLICATION,POST_PUBLICATION_STEWARDSHIP,POST_PUBLICATION,POST_PUBLICATION_STEWARDSHIP,Maintain post-publication stewardship,NONE,NO,YES,NO,NO,NO
W1-303,b57e1ee0-b389-f111-ab10-000d3a14673b,For What It's Worth,Kelli Milligan Stammen,DUPLICATE_RECORD,b57e1ee0-b389-f111-ab10-000d3a14673b,FALSE,FALSE,DATA_GAP,DATA_GAP,DATA_GAP,DATA_GAP,Use canonical authority record for current lifecycle movement,NONE,NO,NO,YES,NO,NO
W1-304,1159fcc8-c37a-f111-ab0f-000d3a14673b,Memoir of a Black Christian Nationalist: Seeds of Liberation (Unabridged),Shelley McIntosh,LEGACY_TITLE_RECORD,1159fcc8-c37a-f111-ab0f-000d3a14673b,FALSE,FALSE,DATA_GAP,DATA_GAP,DATA_GAP,DATA_GAP,Use canonical authority record for current lifecycle movement,NONE,NO,NO,YES,NO,NO
W1-305,d6f603d3-c27a-f111-ab0f-000d3a14673b,The Flame,Dennis Brown,DUPLICATE_RECORD,d6f603d3-c27a-f111-ab0f-000d3a14673b,FALSE,FALSE,DATA_GAP,DATA_GAP,DATA_GAP,DATA_GAP,Use canonical authority record for current lifecycle movement,NONE,NO,NO,YES,NO,NO
W1-306,0e8ce1e6-b389-f111-ab10-000d3a14673b,The Messenger 2,Daphanny Baker,DUPLICATE_RECORD,0e8ce1e6-b389-f111-ab10-000d3a14673b,FALSE,FALSE,DATA_GAP,DATA_GAP,DATA_GAP,DATA_GAP,Use canonical authority record for current lifecycle movement,NONE,NO,NO,YES,NO,NO
W1-307,91c5e1ef-2980-f111-ab0f-7c1e525b15c2,Before You Were Born,Sean Crowley,CANONICAL_PUBLISHED_TITLE,91c5e1ef-2980-f111-ab0f-7c1e525b15c2,TRUE,FALSE,POST_PUBLICATION,POST_PUBLICATION_STEWARDSHIP,POST_PUBLICATION,POST_PUBLICATION_STEWARDSHIP,Maintain post-publication stewardship,NONE,NO,YES,NO,NO,NO
W1-308,daf8180f-85a3-f111-b8de-000d3a14673b,WHOLENESS - BECOMING,Jackuline Fly,CANONICAL_PUBLISHED_TITLE,daf8180f-85a3-f111-b8de-000d3a14673b,TRUE,FALSE,EDITORIAL_PRODUCTION,LINE_EDITING,EDITORIAL_PRODUCTION,LINE_EDITING,Queue Line Editing,NONE,NO,YES,NO,NO,NO
W1-309,fad1c5d7-b389-f111-ab10-000d3a9eacee,100 Wisdom Lessons for Life and Living,J Derrick Johnson,DUPLICATE_RECORD,fad1c5d7-b389-f111-ab10-000d3a9eacee,FALSE,FALSE,DATA_GAP,DATA_GAP,DATA_GAP,DATA_GAP,Use canonical authority record for current lifecycle movement,NONE,NO,NO,YES,NO,NO
W1-310,d0f603d3-c27a-f111-ab0f-000d3a14673b,27 Days to Overcoming Depression,Donjia Walls,DUPLICATE_RECORD,d0f603d3-c27a-f111-ab0f-000d3a14673b,FALSE,FALSE,DATA_GAP,DATA_GAP,DATA_GAP,DATA_GAP,Use canonical authority record for current lifecycle movement,NONE,NO,NO,YES,NO,NO
W1-311,69b21fc6-c27a-f111-ab0f-000d3a14673b,365 Days of Transparency,Daphanny Baker,DUPLICATE_RECORD,69b21fc6-c27a-f111-ab0f-000d3a14673b,FALSE,FALSE,DATA_GAP,DATA_GAP,DATA_GAP,DATA_GAP,Use canonical authority record for current lifecycle movement,NONE,NO,NO,YES,NO,NO
W1-312,3e09d7cb-c27a-f111-ab0f-6045bdd69678,7 Step Jumpstart to Becoming Your Best Self,Ericka Johnson Settles,DUPLICATE_RECORD,3e09d7cb-c27a-f111-ab0f-6045bdd69678,FALSE,FALSE,DATA_GAP,DATA_GAP,DATA_GAP,DATA_GAP,Use canonical authority record for current lifecycle movement,NONE,NO,NO,YES,NO,NO
W1-313,6f8904ca-c27a-f111-ab0f-6045bdd69738,A Blended Family,Shecara Norris,DUPLICATE_RECORD,6f8904ca-c27a-f111-ab0f-6045bdd69738,FALSE,FALSE,DATA_GAP,DATA_GAP,DATA_GAP,DATA_GAP,Use canonical authority record for current lifecycle movement,NONE,NO,NO,YES,NO,NO
W1-314,c74b00d4-c27a-f111-ab0f-00224820105b,A Portrait of Paradise,Iyorwuese Hagher,DUPLICATE_RECORD,c74b00d4-c27a-f111-ab0f-00224820105b,FALSE,FALSE,DATA_GAP,DATA_GAP,DATA_GAP,DATA_GAP,Use canonical authority record for current lifecycle movement,NONE,NO,NO,YES,NO,NO
W1-315,841a04cd-c27a-f111-ab0f-000d3a14673b,A Principal's Tale,Shelley McIntosh,DUPLICATE_RECORD,841a04cd-c27a-f111-ab0f-000d3a14673b,FALSE,FALSE,DATA_GAP,DATA_GAP,DATA_GAP,DATA_GAP,Use canonical authority record for current lifecycle movement,NONE,NO,NO,YES,NO,NO
W1-316,614797d0-c27a-f111-ab0f-7c1e525b15c2,Abortion!,Carolyn Booker-Pierce,DUPLICATE_RECORD,614797d0-c27a-f111-ab0f-7c1e525b15c2,FALSE,FALSE,DATA_GAP,DATA_GAP,DATA_GAP,DATA_GAP,Use canonical authority record for current lifecycle movement,NONE,NO,NO,YES,NO,NO
W1-317,7a064bcd-c27a-f111-ab0f-00224820105b,Aligned!,Dennis Brown,DUPLICATE_RECORD,7a064bcd-c27a-f111-ab0f-00224820105b,FALSE,FALSE,DATA_GAP,DATA_GAP,DATA_GAP,DATA_GAP,Use canonical authority record for current lifecycle movement,NONE,NO,NO,YES,NO,NO
W1-318,7b064bcd-c27a-f111-ab0f-00224820105b,Almost Happy,Jaylonna Stevette,DUPLICATE_RECORD,7b064bcd-c27a-f111-ab0f-00224820105b,FALSE,FALSE,DATA_GAP,DATA_GAP,DATA_GAP,DATA_GAP,Use canonical authority record for current lifecycle movement,NONE,NO,NO,YES,NO,NO
W1-319,4009d7cb-c27a-f111-ab0f-6045bdd69678,Are You Sure That You Are Ready?,Ericka Thornton,DUPLICATE_RECORD,4009d7cb-c27a-f111-ab0f-6045bdd69678,FALSE,FALSE,DATA_GAP,DATA_GAP,DATA_GAP,DATA_GAP,Use canonical authority record for current lifecycle movement,NONE,NO,NO,YES,NO,NO
W1-320,9b4b00d4-c27a-f111-ab0f-00224820105b,Because the Lord Is My Shepherd,Carolyn Booker-Pierce,DUPLICATE_RECORD,9b4b00d4-c27a-f111-ab0f-00224820105b,FALSE,FALSE,DATA_GAP,DATA_GAP,DATA_GAP,DATA_GAP,Use canonical authority record for current lifecycle movement,NONE,NO,NO,YES,NO,NO
W1-321,998797ca-c27a-f111-ab0f-7c1e525b15c2,BEE Careful,Deborah Eiland,DUPLICATE_RECORD,998797ca-c27a-f111-ab0f-7c1e525b15c2,FALSE,FALSE,DATA_GAP,DATA_GAP,DATA_GAP,DATA_GAP,Use canonical authority record for current lifecycle movement,NONE,NO,NO,YES,NO,NO
W1-322,928904ca-c27a-f111-ab0f-6045bdd69738,Biblical Prescriptions for Life's Troubles,Terry Stephens,DUPLICATE_RECORD,928904ca-c27a-f111-ab0f-6045bdd69738,FALSE,FALSE,DATA_GAP,DATA_GAP,DATA_GAP,DATA_GAP,Use canonical authority record for current lifecycle movement,NONE,NO,NO,YES,NO,NO
W1-323,901a04cd-c27a-f111-ab0f-000d3a14673b,Bodacious,Nathaniel Short,DUPLICATE_RECORD,901a04cd-c27a-f111-ab0f-000d3a14673b,FALSE,FALSE,DATA_GAP,DATA_GAP,DATA_GAP,DATA_GAP,Use canonical authority record for current lifecycle movement,NONE,NO,NO,YES,NO,NO
W1-324,911a04cd-c27a-f111-ab0f-000d3a14673b,Connected!,Dennis Brown,DUPLICATE_RECORD,911a04cd-c27a-f111-ab0f-000d3a14673b,FALSE,FALSE,DATA_GAP,DATA_GAP,DATA_GAP,DATA_GAP,Use canonical authority record for current lifecycle movement,NONE,NO,NO,YES,NO,NO
W1-325,9a8797ca-c27a-f111-ab0f-7c1e525b15c2,Conquer Your Fears and Win,Gloria Patterson,DUPLICATE_RECORD,9a8797ca-c27a-f111-ab0f-7c1e525b15c2,FALSE,FALSE,DATA_GAP,DATA_GAP,DATA_GAP,DATA_GAP,Use canonical authority record for current lifecycle movement,NONE,NO,NO,YES,NO,NO
W1-326,33106fd3-c27a-f111-ab0f-6045bdd69435,Damaged,Lisa Taylor,DUPLICATE_RECORD,33106fd3-c27a-f111-ab0f-6045bdd69435,FALSE,FALSE,DATA_GAP,DATA_GAP,DATA_GAP,DATA_GAP,Use canonical authority record for current lifecycle movement,NONE,NO,NO,YES,NO,NO
W1-327,c70f6fd3-c27a-f111-ab0f-6045bdd69435,Delicious Ideas!,Agape International Cathedral,DUPLICATE_RECORD,c70f6fd3-c27a-f111-ab0f-6045bdd69435,FALSE,FALSE,DATA_GAP,DATA_GAP,DATA_GAP,DATA_GAP,Use canonical authority record for current lifecycle movement,NONE,NO,NO,YES,NO,NO
W1-328,9c4b00d4-c27a-f111-ab0f-00224820105b,Destined to Break the Curse,"Sean Smith, Sr.",DUPLICATE_RECORD,9c4b00d4-c27a-f111-ab0f-00224820105b,FALSE,FALSE,DATA_GAP,DATA_GAP,DATA_GAP,DATA_GAP,Use canonical authority record for current lifecycle movement,NONE,NO,NO,YES,NO,NO
W1-329,9b8797ca-c27a-f111-ab0f-7c1e525b15c2,Destined to Break the Curse Devotional,"Sean Smith, Sr.",DUPLICATE_RECORD,9b8797ca-c27a-f111-ab0f-7c1e525b15c2,FALSE,FALSE,DATA_GAP,DATA_GAP,DATA_GAP,DATA_GAP,Use canonical authority record for current lifecycle movement,NONE,NO,NO,YES,NO,NO
W1-330,80064bcd-c27a-f111-ab0f-00224820105b,Discipline and Direction,Terry Stephens,DUPLICATE_RECORD,80064bcd-c27a-f111-ab0f-00224820105b,FALSE,FALSE,DATA_GAP,DATA_GAP,DATA_GAP,DATA_GAP,Use canonical authority record for current lifecycle movement,NONE,NO,NO,YES,NO,NO
W1-331,cc4b00d4-c27a-f111-ab0f-00224820105b,Divinely Inspired,Regina Scales,DUPLICATE_RECORD,cc4b00d4-c27a-f111-ab0f-00224820105b,FALSE,FALSE,DATA_GAP,DATA_GAP,DATA_GAP,DATA_GAP,Use canonical authority record for current lifecycle movement,NONE,NO,NO,YES,NO,NO
W1-332,9d8797ca-c27a-f111-ab0f-7c1e525b15c2,Establishing Glory: The Praise and Worship Handbook (2nd Edition),"Jackie Smith, Jr.",LEGACY_TITLE_RECORD,9d8797ca-c27a-f111-ab0f-7c1e525b15c2,FALSE,FALSE,DATA_GAP,DATA_GAP,DATA_GAP,DATA_GAP,Use canonical authority record for current lifecycle movement,NONE,NO,NO,YES,NO,NO
W1-333,921a04cd-c27a-f111-ab0f-000d3a14673b,"Focus, Trust, & Follow",Shana Byrd,DUPLICATE_RECORD,921a04cd-c27a-f111-ab0f-000d3a14673b,FALSE,FALSE,DATA_GAP,DATA_GAP,DATA_GAP,DATA_GAP,Use canonical authority record for current lifecycle movement,NONE,NO,NO,YES,NO,NO
W1-334,958904ca-c27a-f111-ab0f-6045bdd69738,For What It's Worth,Kelli Milligan Stammen,DUPLICATE_RECORD,958904ca-c27a-f111-ab0f-6045bdd69738,FALSE,FALSE,DATA_GAP,DATA_GAP,DATA_GAP,DATA_GAP,Use canonical authority record for current lifecycle movement,NONE,NO,NO,YES,NO,NO
W1-335,6109d7cb-c27a-f111-ab0f-6045bdd69678,Getting Back 2 Happy,Jaylonna Stevette,DUPLICATE_RECORD,6109d7cb-c27a-f111-ab0f-6045bdd69678,FALSE,FALSE,DATA_GAP,DATA_GAP,DATA_GAP,DATA_GAP,Use canonical authority record for current lifecycle movement,NONE,NO,NO,YES,NO,NO
W1-336,b34b00d4-c27a-f111-ab0f-00224820105b,"Girl, Did You Know... ?",Kimberly Reeder,DUPLICATE_RECORD,b34b00d4-c27a-f111-ab0f-00224820105b,FALSE,FALSE,DATA_GAP,DATA_GAP,DATA_GAP,DATA_GAP,Use canonical authority record for current lifecycle movement,NONE,NO,NO,YES,NO,NO
W1-337,25e01ad3-c27a-f111-ab0f-6045bdd69678,"Girl, You're Not Crazy. You're Dealing with a Narcissist",Carolyn Booker-Pierce,DUPLICATE_RECORD,25e01ad3-c27a-f111-ab0f-6045bdd69678,FALSE,FALSE,DATA_GAP,DATA_GAP,DATA_GAP,DATA_GAP,Use canonical authority record for current lifecycle movement,NONE,NO,NO,YES,NO,NO
W1-338,82064bcd-c27a-f111-ab0f-00224820105b,God's Business Plan,Terry Stephens,DUPLICATE_RECORD,82064bcd-c27a-f111-ab0f-00224820105b,FALSE,FALSE,DATA_GAP,DATA_GAP,DATA_GAP,DATA_GAP,Use canonical authority record for current lifecycle movement,NONE,NO,NO,YES,NO,NO
W1-339,1c3274cd-c27a-f111-ab0f-6045bdd69435,God's Nudge,Tekisha Wimbush,DUPLICATE_RECORD,1c3274cd-c27a-f111-ab0f-6045bdd69435,FALSE,FALSE,DATA_GAP,DATA_GAP,DATA_GAP,DATA_GAP,Use canonical authority record for current lifecycle movement,NONE,NO,NO,YES,NO,NO
W1-340,624797d0-c27a-f111-ab0f-7c1e525b15c2,Have You Considered My Servant?,Jaylonna Stevette,DUPLICATE_RECORD,624797d0-c27a-f111-ab0f-7c1e525b15c2,FALSE,FALSE,DATA_GAP,DATA_GAP,DATA_GAP,DATA_GAP,Use canonical authority record for current lifecycle movement,NONE,NO,NO,YES,NO,NO
W1-341,7b5f72d0-c27a-f111-ab0f-6045bdd69738,"Help God, I Am - the Collection",Cheryl Travis,DUPLICATE_RECORD,7b5f72d0-c27a-f111-ab0f-6045bdd69738,FALSE,FALSE,DATA_GAP,DATA_GAP,DATA_GAP,DATA_GAP,Use canonical authority record for current lifecycle movement,NONE,NO,NO,YES,NO,NO
W1-342,293274cd-c27a-f111-ab0f-6045bdd69435,"Help God, I Am Afraid",Cheryl Travis,DUPLICATE_RECORD,293274cd-c27a-f111-ab0f-6045bdd69435,FALSE,FALSE,DATA_GAP,DATA_GAP,DATA_GAP,DATA_GAP,Use canonical authority record for current lifecycle movement,NONE,NO,NO,YES,NO,NO
W1-343,6309d7cb-c27a-f111-ab0f-6045bdd69678,"Help God, I Am Angry",Cheryl Travis,DUPLICATE_RECORD,6309d7cb-c27a-f111-ab0f-6045bdd69678,FALSE,FALSE,DATA_GAP,DATA_GAP,DATA_GAP,DATA_GAP,Use canonical authority record for current lifecycle movement,NONE,NO,NO,YES,NO,NO
W1-344,99064bcd-c27a-f111-ab0f-00224820105b,"Help God, I Am Confused",Cheryl Travis,DUPLICATE_RECORD,99064bcd-c27a-f111-ab0f-00224820105b,FALSE,FALSE,DATA_GAP,DATA_GAP,DATA_GAP,DATA_GAP,Use canonical authority record for current lifecycle movement,NONE,NO,NO,YES,NO,NO
W1-345,343274cd-c27a-f111-ab0f-6045bdd69435,"Help God, I Am Hurt",Cheryl Travis,DUPLICATE_RECORD,343274cd-c27a-f111-ab0f-6045bdd69435,FALSE,FALSE,DATA_GAP,DATA_GAP,DATA_GAP,DATA_GAP,Use canonical authority record for current lifecycle movement,NONE,NO,NO,YES,NO,NO
W1-346,6409d7cb-c27a-f111-ab0f-6045bdd69678,"Help God, I Am Lonely",Cheryl Travis,DUPLICATE_RECORD,6409d7cb-c27a-f111-ab0f-6045bdd69678,FALSE,FALSE,DATA_GAP,DATA_GAP,DATA_GAP,DATA_GAP,Use canonical authority record for current lifecycle movement,NONE,NO,NO,YES,NO,NO
W1-347,9e8797ca-c27a-f111-ab0f-7c1e525b15c2,"Help God, I Am Lost",Cheryl Travis,DUPLICATE_RECORD,9e8797ca-c27a-f111-ab0f-7c1e525b15c2,FALSE,FALSE,DATA_GAP,DATA_GAP,DATA_GAP,DATA_GAP,Use canonical authority record for current lifecycle movement,NONE,NO,NO,YES,NO,NO
W1-348,6509d7cb-c27a-f111-ab0f-6045bdd69678,"Help God, I Am Sad",Cheryl Travis,DUPLICATE_RECORD,6509d7cb-c27a-f111-ab0f-6045bdd69678,FALSE,FALSE,DATA_GAP,DATA_GAP,DATA_GAP,DATA_GAP,Use canonical authority record for current lifecycle movement,NONE,NO,NO,YES,NO,NO
W1-349,554797d0-c27a-f111-ab0f-7c1e525b15c2,Hodge Podge of Life,Mildred Beard,DUPLICATE_RECORD,554797d0-c27a-f111-ab0f-7c1e525b15c2,FALSE,FALSE,DATA_GAP,DATA_GAP,DATA_GAP,DATA_GAP,Use canonical authority record for current lifecycle movement,NONE,NO,NO,YES,NO,NO
W1-350,563274cd-c27a-f111-ab0f-6045bdd69435,I Am My Worst Enemy!,Maurche Reed,DUPLICATE_RECORD,563274cd-c27a-f111-ab0f-6045bdd69435,FALSE,FALSE,DATA_GAP,DATA_GAP,DATA_GAP,DATA_GAP,Use canonical authority record for current lifecycle movement,NONE,NO,NO,YES,NO,NO
W1-351,971a04cd-c27a-f111-ab0f-000d3a14673b,Inspirations from God,Edith Clay,DUPLICATE_RECORD,971a04cd-c27a-f111-ab0f-000d3a14673b,FALSE,FALSE,DATA_GAP,DATA_GAP,DATA_GAP,DATA_GAP,Use canonical authority record for current lifecycle movement,NONE,NO,NO,YES,NO,NO
W1-352,26e01ad3-c27a-f111-ab0f-6045bdd69678,Jalen Becomes a Big Brother,Deborah Eiland,DUPLICATE_RECORD,26e01ad3-c27a-f111-ab0f-6045bdd69678,FALSE,FALSE,DATA_GAP,DATA_GAP,DATA_GAP,DATA_GAP,Use canonical authority record for current lifecycle movement,NONE,NO,NO,YES,NO,NO
W1-353,a5084bcd-c27a-f111-ab0f-00224820105b,Jewels by Lady J,Janet Stephens,DUPLICATE_RECORD,a5084bcd-c27a-f111-ab0f-00224820105b,FALSE,FALSE,DATA_GAP,DATA_GAP,DATA_GAP,DATA_GAP,Use canonical authority record for current lifecycle movement,NONE,NO,NO,YES,NO,NO
W1-354,aa084bcd-c27a-f111-ab0f-00224820105b,Kingdom Equipment 101,Terry Stephens,DUPLICATE_RECORD,aa084bcd-c27a-f111-ab0f-00224820105b,FALSE,FALSE,DATA_GAP,DATA_GAP,DATA_GAP,DATA_GAP,Use canonical authority record for current lifecycle movement,NONE,NO,NO,YES,NO,NO
W1-355,ab084bcd-c27a-f111-ab0f-00224820105b,Lady Daphanny's Altar,Daphanny Baker,DUPLICATE_RECORD,ab084bcd-c27a-f111-ab0f-00224820105b,FALSE,FALSE,DATA_GAP,DATA_GAP,DATA_GAP,DATA_GAP,Use canonical authority record for current lifecycle movement,NONE,NO,NO,YES,NO,NO
W1-356,6909d7cb-c27a-f111-ab0f-6045bdd69678,Let Me Tell You About It,Lisa Clark,DUPLICATE_RECORD,6909d7cb-c27a-f111-ab0f-6045bdd69678,FALSE,FALSE,DATA_GAP,DATA_GAP,DATA_GAP,DATA_GAP,Use canonical authority record for current lifecycle movement,NONE,NO,NO,YES,NO,NO
W1-357,b3084bcd-c27a-f111-ab0f-00224820105b,Life after Detour,Deanna Jones,DUPLICATE_RECORD,b3084bcd-c27a-f111-ab0f-00224820105b,FALSE,FALSE,DATA_GAP,DATA_GAP,DATA_GAP,DATA_GAP,Use canonical authority record for current lifecycle movement,NONE,NO,NO,YES,NO,NO
W1-358,835f72d0-c27a-f111-ab0f-6045bdd69738,Love Is an Action Word,Kurt Broadnax,DUPLICATE_RECORD,835f72d0-c27a-f111-ab0f-6045bdd69738,FALSE,FALSE,DATA_GAP,DATA_GAP,DATA_GAP,DATA_GAP,Use canonical authority record for current lifecycle movement,NONE,NO,NO,YES,NO,NO
W1-359,991a04cd-c27a-f111-ab0f-000d3a14673b,Love Lucy,Diane Johnson,DUPLICATE_RECORD,991a04cd-c27a-f111-ab0f-000d3a14673b,FALSE,FALSE,DATA_GAP,DATA_GAP,DATA_GAP,DATA_GAP,Use canonical authority record for current lifecycle movement,NONE,NO,NO,YES,NO,NO
W1-360,9a1a04cd-c27a-f111-ab0f-000d3a14673b,Love of My Life,Thaddues Smith,DUPLICATE_RECORD,9a1a04cd-c27a-f111-ab0f-000d3a14673b,FALSE,FALSE,DATA_GAP,DATA_GAP,DATA_GAP,DATA_GAP,Use canonical authority record for current lifecycle movement,NONE,NO,NO,YES,NO,NO
W1-361,ec0f6fd3-c27a-f111-ab0f-6045bdd69435,Loving the Addict,Carolyn Booker-Pierce,DUPLICATE_RECORD,ec0f6fd3-c27a-f111-ab0f-6045bdd69435,FALSE,FALSE,DATA_GAP,DATA_GAP,DATA_GAP,DATA_GAP,Use canonical authority record for current lifecycle movement,NONE,NO,NO,YES,NO,NO
W1-362,903274cd-c27a-f111-ab0f-6045bdd69435,Memoir of a Black Christian Nationalist,Shelley McIntosh,DUPLICATE_RECORD,903274cd-c27a-f111-ab0f-6045bdd69435,FALSE,FALSE,DATA_GAP,DATA_GAP,DATA_GAP,DATA_GAP,Use canonical authority record for current lifecycle movement,NONE,NO,NO,YES,NO,NO
W1-363,594797d0-c27a-f111-ab0f-7c1e525b15c2,Mirror of Refining Insight,Marvin Grayson,DUPLICATE_RECORD,594797d0-c27a-f111-ab0f-7c1e525b15c2,FALSE,FALSE,DATA_GAP,DATA_GAP,DATA_GAP,DATA_GAP,Use canonical authority record for current lifecycle movement,NONE,NO,NO,YES,NO,NO
W1-364,d4f603d3-c27a-f111-ab0f-000d3a14673b,More Than a Village,Carolyn Booker-Pierce,DUPLICATE_RECORD,d4f603d3-c27a-f111-ab0f-000d3a14673b,FALSE,FALSE,DATA_GAP,DATA_GAP,DATA_GAP,DATA_GAP,Use canonical authority record for current lifecycle movement,NONE,NO,NO,YES,NO,NO
W1-365,67137ed6-c27a-f111-ab0f-6045bdd69738,Music Ministry Unplugged,Will Harris,DUPLICATE_RECORD,67137ed6-c27a-f111-ab0f-6045bdd69738,FALSE,FALSE,DATA_GAP,DATA_GAP,DATA_GAP,DATA_GAP,Use canonical authority record for current lifecycle movement,NONE,NO,NO,YES,NO,NO
W1-366,982156cd-c37a-f111-ab0f-00224820105b,Music Ministry Unplugged: Real Lessons for Those who Lead and Serve in Music Ministry,Will Harris,LEGACY_TITLE_RECORD,982156cd-c37a-f111-ab0f-00224820105b,FALSE,FALSE,DATA_GAP,DATA_GAP,DATA_GAP,DATA_GAP,Use canonical authority record for current lifecycle movement,NONE,NO,NO,YES,NO,NO
W1-367,d5084bcd-c27a-f111-ab0f-00224820105b,My ABC's,Christy Grogg,DUPLICATE_RECORD,d5084bcd-c27a-f111-ab0f-00224820105b,FALSE,FALSE,DATA_GAP,DATA_GAP,DATA_GAP,DATA_GAP,Use canonical authority record for current lifecycle movement,NONE,NO,NO,YES,NO,NO
W1-368,9e3274cd-c27a-f111-ab0f-6045bdd69435,Never Give up on Love,Pamela Smith,DUPLICATE_RECORD,9e3274cd-c27a-f111-ab0f-6045bdd69435,FALSE,FALSE,DATA_GAP,DATA_GAP,DATA_GAP,DATA_GAP,Use canonical authority record for current lifecycle movement,NONE,NO,NO,YES,NO,NO
W1-369,865f72d0-c27a-f111-ab0f-6045bdd69738,Number 23 and Me,Wayne Pounds,DUPLICATE_RECORD,865f72d0-c27a-f111-ab0f-6045bdd69738,FALSE,FALSE,DATA_GAP,DATA_GAP,DATA_GAP,DATA_GAP,Use canonical authority record for current lifecycle movement,NONE,NO,NO,YES,NO,NO
W1-370,5b4797d0-c27a-f111-ab0f-7c1e525b15c2,One Soul,Veronica Brown,DUPLICATE_RECORD,5b4797d0-c27a-f111-ab0f-7c1e525b15c2,FALSE,FALSE,DATA_GAP,DATA_GAP,DATA_GAP,DATA_GAP,Use canonical authority record for current lifecycle movement,NONE,NO,NO,YES,NO,NO
W1-371,5c4797d0-c27a-f111-ab0f-7c1e525b15c2,Ordinary People Searching for Greatness,Earline Neal,DUPLICATE_RECORD,5c4797d0-c27a-f111-ab0f-7c1e525b15c2,FALSE,FALSE,DATA_GAP,DATA_GAP,DATA_GAP,DATA_GAP,Use canonical authority record for current lifecycle movement,NONE,NO,NO,YES,NO,NO
W1-372,4be01ad3-c27a-f111-ab0f-6045bdd69678,Peaches Can Do It!,Daphanny Baker,DUPLICATE_RECORD,4be01ad3-c27a-f111-ab0f-6045bdd69678,FALSE,FALSE,DATA_GAP,DATA_GAP,DATA_GAP,DATA_GAP,Use canonical authority record for current lifecycle movement,NONE,NO,NO,YES,NO,NO
W1-373,f0084bcd-c27a-f111-ab0f-00224820105b,Pieces of Me All over the Place,Ashanti Flemister,DUPLICATE_RECORD,f0084bcd-c27a-f111-ab0f-00224820105b,FALSE,FALSE,DATA_GAP,DATA_GAP,DATA_GAP,DATA_GAP,Use canonical authority record for current lifecycle movement,NONE,NO,NO,YES,NO,NO
W1-374,b73274cd-c27a-f111-ab0f-6045bdd69435,Seasons of Life,Kurt Broadnax,DUPLICATE_RECORD,b73274cd-c27a-f111-ab0f-6045bdd69435,FALSE,FALSE,DATA_GAP,DATA_GAP,DATA_GAP,DATA_GAP,Use canonical authority record for current lifecycle movement,NONE,NO,NO,YES,NO,NO
W1-375,bff603d3-c27a-f111-ab0f-000d3a14673b,Speech Therapy Works!,Cynthia Sloan,DUPLICATE_RECORD,bff603d3-c27a-f111-ab0f-000d3a14673b,FALSE,FALSE,DATA_GAP,DATA_GAP,DATA_GAP,DATA_GAP,Use canonical authority record for current lifecycle movement,NONE,NO,NO,YES,NO,NO
W1-376,15e01ad3-c27a-f111-ab0f-6045bdd69678,Support Beyond the Cycle,Brandyn McElroy,DUPLICATE_RECORD,15e01ad3-c27a-f111-ab0f-6045bdd69678,FALSE,FALSE,DATA_GAP,DATA_GAP,DATA_GAP,DATA_GAP,Use canonical authority record for current lifecycle movement,NONE,NO,NO,YES,NO,NO
W1-377,60137ed6-c27a-f111-ab0f-6045bdd69738,Taylor Made,Will Harris,DUPLICATE_RECORD,60137ed6-c27a-f111-ab0f-6045bdd69738,FALSE,FALSE,DATA_GAP,DATA_GAP,DATA_GAP,DATA_GAP,Use canonical authority record for current lifecycle movement,NONE,NO,NO,YES,NO,NO
W1-378,cea6c7e3-b389-f111-ab10-000d3a9eacee,The Celestial Advantage,Obadiah Harris,DUPLICATE_RECORD,cea6c7e3-b389-f111-ab10-000d3a9eacee,FALSE,FALSE,DATA_GAP,DATA_GAP,DATA_GAP,DATA_GAP,Use canonical authority record for current lifecycle movement,NONE,NO,NO,YES,NO,NO
W1-379,16e01ad3-c27a-f111-ab0f-6045bdd69678,The Celestial Advantage,Obadiah Harris,DUPLICATE_RECORD,16e01ad3-c27a-f111-ab0f-6045bdd69678,FALSE,FALSE,DATA_GAP,DATA_GAP,DATA_GAP,DATA_GAP,Use canonical authority record for current lifecycle movement,NONE,NO,NO,YES,NO,NO
W1-380,c44b00d4-c27a-f111-ab0f-00224820105b,The Conquest of Azenga,Iyorwuese Hagher,DUPLICATE_RECORD,c44b00d4-c27a-f111-ab0f-00224820105b,FALSE,FALSE,DATA_GAP,DATA_GAP,DATA_GAP,DATA_GAP,Use canonical authority record for current lifecycle movement,NONE,NO,NO,YES,NO,NO
W1-381,c84b00d4-c27a-f111-ab0f-00224820105b,The Fight for the Promiseland,Cheryl Cook,DUPLICATE_RECORD,c84b00d4-c27a-f111-ab0f-00224820105b,FALSE,FALSE,DATA_GAP,DATA_GAP,DATA_GAP,DATA_GAP,Use canonical authority record for current lifecycle movement,NONE,NO,NO,YES,NO,NO
W1-382,952556cd-c37a-f111-ab0f-00224820105b,The Fight for the Promiseland: Battle Strategies for Victorious People,Cheryl Cook,LEGACY_TITLE_RECORD,952556cd-c37a-f111-ab0f-00224820105b,FALSE,FALSE,DATA_GAP,DATA_GAP,DATA_GAP,DATA_GAP,Use canonical authority record for current lifecycle movement,NONE,NO,NO,YES,NO,NO
W1-383,17e01ad3-c27a-f111-ab0f-6045bdd69678,The Girl with the Ebony Locs and the Three Bears,Deborah Eiland,DUPLICATE_RECORD,17e01ad3-c27a-f111-ab0f-6045bdd69678,FALSE,FALSE,DATA_GAP,DATA_GAP,DATA_GAP,DATA_GAP,Use canonical authority record for current lifecycle movement,NONE,NO,NO,YES,NO,NO
W1-384,5d4797d0-c27a-f111-ab0f-7c1e525b15c2,The Great Hair Restart,Karen Hill,DUPLICATE_RECORD,5d4797d0-c27a-f111-ab0f-7c1e525b15c2,FALSE,FALSE,DATA_GAP,DATA_GAP,DATA_GAP,DATA_GAP,Use canonical authority record for current lifecycle movement,NONE,NO,NO,YES,NO,NO
W1-385,885f72d0-c27a-f111-ab0f-6045bdd69738,The Healed Me,Maurche Reed,DUPLICATE_RECORD,885f72d0-c27a-f111-ab0f-6045bdd69738,FALSE,FALSE,DATA_GAP,DATA_GAP,DATA_GAP,DATA_GAP,Use canonical authority record for current lifecycle movement,NONE,NO,NO,YES,NO,NO
W1-386,c2f603d3-c27a-f111-ab0f-000d3a14673b,The Hood,Randall Beverly,DUPLICATE_RECORD,c2f603d3-c27a-f111-ab0f-000d3a14673b,FALSE,FALSE,DATA_GAP,DATA_GAP,DATA_GAP,DATA_GAP,Use canonical authority record for current lifecycle movement,NONE,NO,NO,YES,NO,NO
W1-387,944b00d4-c27a-f111-ab0f-00224820105b,The Journey,Rosetta Perry,DUPLICATE_RECORD,944b00d4-c27a-f111-ab0f-00224820105b,FALSE,FALSE,DATA_GAP,DATA_GAP,DATA_GAP,DATA_GAP,Use canonical authority record for current lifecycle movement,NONE,NO,NO,YES,NO,NO
W1-388,c3f603d3-c27a-f111-ab0f-000d3a14673b,The Master's Piece,Sylvia Benson,DUPLICATE_RECORD,c3f603d3-c27a-f111-ab0f-000d3a14673b,FALSE,FALSE,DATA_GAP,DATA_GAP,DATA_GAP,DATA_GAP,Use canonical authority record for current lifecycle movement,NONE,NO,NO,YES,NO,NO
W1-389,930f6fd3-c27a-f111-ab0f-6045bdd69435,The Messenger,Daphanny Baker,DUPLICATE_RECORD,930f6fd3-c27a-f111-ab0f-6045bdd69435,FALSE,FALSE,DATA_GAP,DATA_GAP,DATA_GAP,DATA_GAP,Use canonical authority record for current lifecycle movement,NONE,NO,NO,YES,NO,NO
W1-390,69137ed6-c27a-f111-ab0f-6045bdd69738,The Messenger 2,Daphanny Baker,DUPLICATE_RECORD,69137ed6-c27a-f111-ab0f-6045bdd69738,FALSE,FALSE,DATA_GAP,DATA_GAP,DATA_GAP,DATA_GAP,Use canonical authority record for current lifecycle movement,NONE,NO,NO,YES,NO,NO
W1-391,07106fd3-c27a-f111-ab0f-6045bdd69435,The Paper Champ,Felix Catheline,DUPLICATE_RECORD,07106fd3-c27a-f111-ab0f-6045bdd69435,FALSE,FALSE,DATA_GAP,DATA_GAP,DATA_GAP,DATA_GAP,Use canonical authority record for current lifecycle movement,NONE,NO,NO,YES,NO,NO
W1-392,19e01ad3-c27a-f111-ab0f-6045bdd69678,The Princess and the Black-Eyed Pea,Deborah Eiland,DUPLICATE_RECORD,19e01ad3-c27a-f111-ab0f-6045bdd69678,FALSE,FALSE,DATA_GAP,DATA_GAP,DATA_GAP,DATA_GAP,Use canonical authority record for current lifecycle movement,NONE,NO,NO,YES,NO,NO
W1-393,d7f603d3-c27a-f111-ab0f-000d3a14673b,The Release of the Spirit,Lyle Goddard,DUPLICATE_RECORD,d7f603d3-c27a-f111-ab0f-000d3a14673b,FALSE,FALSE,DATA_GAP,DATA_GAP,DATA_GAP,DATA_GAP,Use canonical authority record for current lifecycle movement,NONE,NO,NO,YES,NO,NO
W1-394,112ac7e9-b389-f111-ab10-000d3a9eacee,The Shift,Sean Crowley,DUPLICATE_RECORD,112ac7e9-b389-f111-ab10-000d3a9eacee,FALSE,FALSE,DATA_GAP,DATA_GAP,DATA_GAP,DATA_GAP,Use canonical authority record for current lifecycle movement,NONE,NO,NO,YES,NO,NO
W1-395,94c2a2e6-b389-f111-ab10-6045bdd69738,The Shift,Sean Crowley,DUPLICATE_RECORD,94c2a2e6-b389-f111-ab10-6045bdd69738,FALSE,FALSE,DATA_GAP,DATA_GAP,DATA_GAP,DATA_GAP,Use canonical authority record for current lifecycle movement,NONE,NO,NO,YES,NO,NO
W1-396,62137ed6-c27a-f111-ab0f-6045bdd69738,"The Sun, the Shadow, and the Silence",Devin Gilchrest,DUPLICATE_RECORD,62137ed6-c27a-f111-ab0f-6045bdd69738,FALSE,FALSE,DATA_GAP,DATA_GAP,DATA_GAP,DATA_GAP,Use canonical authority record for current lifecycle movement,NONE,NO,NO,YES,NO,NO
W1-397,c9f603d3-c27a-f111-ab0f-000d3a14673b,Uncomfortable Conversations with God,Leslie Banks,DUPLICATE_RECORD,c9f603d3-c27a-f111-ab0f-000d3a14673b,FALSE,FALSE,DATA_GAP,DATA_GAP,DATA_GAP,DATA_GAP,Use canonical authority record for current lifecycle movement,NONE,NO,NO,YES,NO,NO
W1-398,994b00d4-c27a-f111-ab0f-00224820105b,Understanding the Misunderstood,Tia Benincase,DUPLICATE_RECORD,994b00d4-c27a-f111-ab0f-00224820105b,FALSE,FALSE,DATA_GAP,DATA_GAP,DATA_GAP,DATA_GAP,Use canonical authority record for current lifecycle movement,NONE,NO,NO,YES,NO,NO
W1-399,9d8ffdd6-c27a-f111-ab0f-7c1e525b15c2,War Mother,Winter Dockery,DUPLICATE_RECORD,9d8ffdd6-c27a-f111-ab0f-7c1e525b15c2,FALSE,FALSE,DATA_GAP,DATA_GAP,DATA_GAP,DATA_GAP,Use canonical authority record for current lifecycle movement,NONE,NO,NO,YES,NO,NO
W1-400,935f72d0-c27a-f111-ab0f-6045bdd69738,Warrior's Breed,Dean Wilson,DUPLICATE_RECORD,935f72d0-c27a-f111-ab0f-6045bdd69738,FALSE,FALSE,DATA_GAP,DATA_GAP,DATA_GAP,DATA_GAP,Use canonical authority record for current lifecycle movement,NONE,NO,NO,YES,NO,NO
W1-401,d9f603d3-c27a-f111-ab0f-000d3a14673b,Warriors and Angels,Shelley McIntosh,DUPLICATE_RECORD,d9f603d3-c27a-f111-ab0f-000d3a14673b,FALSE,FALSE,DATA_GAP,DATA_GAP,DATA_GAP,DATA_GAP,Use canonical authority record for current lifecycle movement,NONE,NO,NO,YES,NO,NO
W1-402,9a4b00d4-c27a-f111-ab0f-00224820105b,When a Thug Meets Jesus,Mack Hughley,DUPLICATE_RECORD,9a4b00d4-c27a-f111-ab0f-00224820105b,FALSE,FALSE,DATA_GAP,DATA_GAP,DATA_GAP,DATA_GAP,Use canonical authority record for current lifecycle movement,NONE,NO,NO,YES,NO,NO
W1-403,604797d0-c27a-f111-ab0f-7c1e525b15c2,Words of a Troubled Soul,David Williams,DUPLICATE_RECORD,604797d0-c27a-f111-ab0f-7c1e525b15c2,FALSE,FALSE,DATA_GAP,DATA_GAP,DATA_GAP,DATA_GAP,Use canonical authority record for current lifecycle movement,NONE,NO,NO,YES,NO,NO
W1-404,a74b00d4-c27a-f111-ab0f-00224820105b,You're Still Not Crazy,Carolyn Booker-Pierce,DUPLICATE_RECORD,a74b00d4-c27a-f111-ab0f-00224820105b,FALSE,FALSE,DATA_GAP,DATA_GAP,DATA_GAP,DATA_GAP,Use canonical authority record for current lifecycle movement,NONE,NO,NO,YES,NO,NO
W1-405,66137ed6-c27a-f111-ab0f-6045bdd69738,Your Peace Is a Priority,Kiena Hughley,DUPLICATE_RECORD,66137ed6-c27a-f111-ab0f-6045bdd69738,FALSE,FALSE,DATA_GAP,DATA_GAP,DATA_GAP,DATA_GAP,Use canonical authority record for current lifecycle movement,NONE,NO,NO,YES,NO,NO
W1-406,2d21ab5b-4d80-f111-ab0f-7c1e525b15c2,The General’s Will and Last Testament,Iyorwuese Hagher,CANONICAL_PUBLISHED_TITLE,2d21ab5b-4d80-f111-ab0f-7c1e525b15c2,TRUE,FALSE,POST_PUBLICATION,POST_PUBLICATION_STEWARDSHIP,POST_PUBLICATION,POST_PUBLICATION_STEWARDSHIP,Maintain post-publication stewardship,NONE,NO,YES,NO,NO,NO
W1-407,e797232b-da7a-f111-ab0f-00224820105b,The Intentional Leader,Jackie Smith Jr,CANONICAL_PUBLISHED_TITLE,e797232b-da7a-f111-ab0f-00224820105b,TRUE,FALSE,BOOK_PRODUCTION,FINAL_AUTHOR_APPROVAL,BOOK_PRODUCTION,FINAL_AUTHOR_APPROVAL,Create Interior Layout artifact,NONE,NO,YES,NO,NO,NO
W1-408,a69b9dfa-bb7b-f111-ab0f-7c1e525b15c2,The Long Watch,Jackie Smith Jr,CANONICAL_PUBLISHED_TITLE,a69b9dfa-bb7b-f111-ab0f-7c1e525b15c2,TRUE,FALSE,POST_PUBLICATION,POST_PUBLICATION_STEWARDSHIP,POST_PUBLICATION,POST_PUBLICATION_STEWARDSHIP,Maintain post-publication stewardship,NONE,NO,YES,NO,NO,NO
